date,tavg,tmin,tmax,prcp,snow,wdir,wspd,wpgt,pres,tsun
2017-12-01 00:00:00,4.3,2.7,6.9,0,,,15.6,,1020.9,
2017-12-02 00:00:00,4.6,2.5,6.6,0,,,8.2,,1027.1,
2017-12-03 00:00:00,8.5,5.5,10.4,0.5,,,9.8,,1027,
2017-12-04 00:00:00,7.6,4.6,10,0.3,,,10,,1033.3,
2017-12-05 00:00:00,7.9,6.8,8.6,0,,,13.9,,1035.4,
2017-12-06 00:00:00,9.5,8.1,11.1,0,,,19.1,,1027.3,
2017-12-07 00:00:00,8.9,3.8,12.2,0,,,23.5,,1010.5,
2017-12-08 00:00:00,2.8,1.1,4.5,3,,,20.9,,1015.8,
2017-12-09 00:00:00,1.2,-1,4,0,,,14.3,,1015.1,
2017-12-10 00:00:00,1.6,0,2.4,5.3,1,,11.1,,982.5,
2017-12-11 00:00:00,1.8,-0.5,3.4,15,,,17,,985.3,
2017-12-12 00:00:00,0.7,-3.1,6.1,7.9,1,,10.9,,1007.2,
2017-12-13 00:00:00,6.6,2.7,9.3,3,,,21,,996.6,
2017-12-14 00:00:00,4.2,2.5,6.2,7.4,,,24.2,,991.3,
2017-12-15 00:00:00,4.1,0.9,5.6,0,,,15.4,,998.7,
2017-12-16 00:00:00,2.9,0.2,6,1.5,,,10.6,,1017.8,
2017-12-17 00:00:00,3.9,-1.3,9.3,0.3,,,12,,1022.8,
2017-12-18 00:00:00,4.6,1.5,8.9,3.3,,,5.8,,1029,
2017-12-19 00:00:00,3.5,-2.3,7.7,0,,,7.3,,1035.1,
2017-12-20 00:00:00,9.3,6.5,10.8,0.3,,,10.4,,1035.2,
2017-12-21 00:00:00,10.9,9.5,11.8,0.3,,,14.1,,1035.5,
2017-12-22 00:00:00,10.6,8.9,11.8,0,,,8.3,,1035.8,
2017-12-23 00:00:00,9.4,8.4,10,0.3,,,18.4,,1033.7,
2017-12-24 00:00:00,9.3,8,10.6,0,,,21.4,,1024.7,
2017-12-25 00:00:00,10,6.1,11,0.3,,,26.8,,1007.6,
2017-12-26 00:00:00,5.9,3.6,7.9,5.3,,,20.8,,993.6,
2017-12-27 00:00:00,3.6,0.9,7.8,9.1,,,18.6,,987.8,
2017-12-28 00:00:00,1.3,-0.5,5,2.5,,,13.1,,1003.5,
2017-12-29 00:00:00,4.5,-2.1,8.7,0.3,,,20.8,,997.9,
2017-12-30 00:00:00,11.1,5,14.4,9.1,,,28.3,,996.6,
2017-12-31 00:00:00,10.6,7.2,12.9,1.8,,,27,,994.9,
2018-01-01 00:00:00,6.7,5.6,7.9,5.1,,,20.7,,999.3,
2018-01-02 00:00:00,7.6,3.5,12.2,0,,,19.3,,1005.2,
2018-01-03 00:00:00,9.2,7.4,10.6,10.7,,,37.7,,996.3,
2018-01-04 00:00:00,8.4,6.2,12.9,4.3,,,24.8,,994.7,
2018-01-05 00:00:00,6.2,2.6,8.7,5.8,,,17.2,,994.7,
2018-01-06 00:00:00,3.4,1,5.6,0.3,,,11.6,,1009.8,
2018-01-07 00:00:00,3.3,1.9,6.1,0,,,20.4,,1025.1,
2018-01-08 00:00:00,4.4,1.9,5.1,0,,,16.2,,1021.3,
2018-01-09 00:00:00,5.3,3.9,7.9,0,,,10.9,,1007.8,
2018-01-10 00:00:00,7.6,4.9,10,0.5,,,11.4,,1004.8,
2018-01-11 00:00:00,6.1,2.6,7.5,0,,,7.7,,1018,
2018-01-12 00:00:00,6.7,5.5,7.3,0.3,,,9.3,,1025.7,
2018-01-13 00:00:00,6.1,4.7,7.9,0.3,,,18,,1020.1,
2018-01-14 00:00:00,5,4.2,6.3,0,,,9,,1018.1,
2018-01-15 00:00:00,8.3,4.3,11.4,1.5,,,25,,999,
2018-01-16 00:00:00,5.8,3.1,8.3,3.8,,,29.6,,995.2,
2018-01-17 00:00:00,5,2,7.4,0,,,28.7,,1004.4,
2018-01-18 00:00:00,7.8,2.6,11.6,0.5,,,31.9,,1000.2,
2018-01-19 00:00:00,3.6,0,7,0,,,17.9,,1009,
2018-01-20 00:00:00,3.6,1.5,4.7,0,,,9.2,,1003.6,
2018-01-21 00:00:00,3.8,1,10.6,5.1,,,10.8,,1011.6,
2018-01-22 00:00:00,9,5.9,11,13.7,,,14.1,,1012.3,
2018-01-23 00:00:00,10.6,7.2,13,0,,,21.1,,1015.6,
2018-01-24 00:00:00,10.1,6.6,13,0.5,,,30.2,,1007.4,
2018-01-25 00:00:00,7.4,5.5,9.9,7.1,,,17.8,,1008,
2018-01-26 00:00:00,5.6,1.7,8.6,0,,,6.2,,1018.9,
2018-01-27 00:00:00,7.4,3.4,11.4,0,,,19.3,,1026.2,
2018-01-28 00:00:00,11.5,8.8,13.4,0.8,,,25.2,,1030.3,
2018-01-29 00:00:00,10.2,3.4,12.3,0,,,24.6,,1027.9,
2018-01-30 00:00:00,4.4,-1,8.5,0.5,,,8.5,,1026.5,
2018-01-31 00:00:00,6.8,2.8,10.1,0.5,,,26,,1005.5,
2018-02-01 00:00:00,5.3,2.6,8,2.5,,,20.6,,1003.4,
2018-02-02 00:00:00,5.7,3.7,7.2,0,,,14.9,,1010.9,
2018-02-03 00:00:00,3.9,3.4,4.6,0,,,7,,1008.1,
2018-02-04 00:00:00,3.3,1.6,5.4,5.8,,,15,,1024.1,
2018-02-05 00:00:00,2.5,0.7,4.4,0,,,13,,1026.3,
2018-02-06 00:00:00,1.7,0.5,3.6,0,,,9.8,,1018.3,
2018-02-07 00:00:00,2.2,-0.3,6.1,0,,,9,,1020.4,
2018-02-08 00:00:00,3.1,-2.3,7.5,0,,,14.4,,1017.9,
2018-02-09 00:00:00,4.9,1.4,6.3,4.3,,,19.2,,1010.6,
2018-02-10 00:00:00,4.2,-1.8,10,1.3,,,16.5,,1011.3,
2018-02-11 00:00:00,5.1,1.4,9.7,3.3,,,25.7,,1004,
2018-02-12 00:00:00,2.9,-1.1,7.4,0,,,15.9,,1014.3,
2018-02-13 00:00:00,4.2,1.6,5.8,0.3,,,20,,1002.5,
2018-02-14 00:00:00,3.2,-1.4,7,2.3,,,19.6,,1004.9,
2018-02-15 00:00:00,7.4,3.6,10,5.1,,,19.5,,1010,
2018-02-16 00:00:00,4.7,0.4,10.4,0,,,9.9,,1024.1,
2018-02-17 00:00:00,5.5,1.7,10.9,0,,,7.6,,1022.4,
2018-02-18 00:00:00,5.9,1.5,10,0,,,9.7,,1021.9,
2018-02-19 00:00:00,8.7,6.4,11.4,0.5,,,10.3,,1017.2,
2018-02-20 00:00:00,8.5,6,9.4,1.5,,,16.5,,1020.5,
2018-02-21 00:00:00,4.7,2.4,7,0.8,,,10,,1026.9,
2018-02-22 00:00:00,3.2,0.6,5.8,0,,,13.8,,1024.2,
2018-02-23 00:00:00,1.7,-0.8,4.2,0,,,14.8,,1021.4,
2018-02-24 00:00:00,2.1,-1.6,6.3,0,,,16.1,,1021.8,
2018-02-25 00:00:00,1.6,-0.6,4.8,0,,,17.4,,1027.8,
2018-02-26 00:00:00,-0.2,-2.2,2,0,,,18,,1030.7,
2018-02-27 00:00:00,-2.3,-4.1,1.4,0,1,,10.5,,1024.4,
2018-02-28 00:00:00,-4.1,-5,-1.2,0,1,,16.4,,1016.3,
2018-03-01 00:00:00,-2.6,-5.1,0.1,0,,,26.8,,1001.2,
2018-03-02 00:00:00,-0.8,-1.4,0.3,0,1,,25.6,,992.8,
2018-03-03 00:00:00,2.3,-1.3,4.2,0,1,,17.1,,992.1,
2018-03-04 00:00:00,6.1,2,9.2,4.8,,,13.5,,989.8,
2018-03-05 00:00:00,7.1,3.9,10.7,0.3,,,16.4,,988.4,
2018-03-06 00:00:00,7.2,5.4,9.6,1.5,,,12.1,,988.1,
2018-03-07 00:00:00,6.3,4.4,10.8,1,,,12.4,,994.3,
2018-03-08 00:00:00,6.9,4.2,10.4,4.3,,,23.7,,996.6,
2018-03-09 00:00:00,6.4,0.5,10.1,0,,,11,,1001.3,
2018-03-10 00:00:00,10.8,8.2,13.7,6.4,,,14.7,,994.8,
2018-03-11 00:00:00,8.8,5.6,11.9,0.3,,,10.7,,990.9,
2018-03-12 00:00:00,8.8,6.9,10.5,4.3,,,13,,988.8,
2018-03-13 00:00:00,7.8,5.1,11,6.1,,,11.7,,1006.9,
2018-03-14 00:00:00,8.3,1.2,13.6,0,,,22.1,,1002.6,
2018-03-15 00:00:00,9.7,7.7,13.2,7.1,,,18,,989.4,
2018-03-16 00:00:00,9.7,7.6,13.5,1.5,,,12.4,,998.3,
2018-03-17 00:00:00,1.3,-1.2,7.5,1.8,,,22.6,,1006.1,
2018-03-18 00:00:00,-0.6,-1.4,0.5,0.5,1,,20.8,,1008.6,
2018-03-19 00:00:00,1.3,-1.5,4.5,0,1,,21.4,,1015.6,
2018-03-20 00:00:00,4.6,0.9,8,3.3,,,12.9,,1028.3,
2018-03-21 00:00:00,5.3,-1.9,10.8,0,,,12.7,,1031,
2018-03-22 00:00:00,7.4,4.4,10.9,0,,,18.2,,1019.6,
2018-03-23 00:00:00,8.9,6.3,12.2,0,,,21.2,,1001.3,
2018-03-24 00:00:00,7.9,6.5,9.7,2.3,,,7.5,,1000.7,
2018-03-25 00:00:00,9,7.3,12.1,0.3,,,8.2,,1010.6,
2018-03-26 00:00:00,8.6,5.4,12.4,0,,,9.1,,1017.2,
2018-03-27 00:00:00,9.1,5.3,15.4,3,,,17.2,,1007.8,
2018-03-28 00:00:00,5.8,4,8.9,3,,,12,,1004.2,
2018-03-29 00:00:00,4.8,1.6,8.6,10.7,,,15.3,,1001.5,
2018-03-30 00:00:00,5.5,3.2,7.7,7.9,,,13.1,,994.9,
2018-03-31 00:00:00,5.7,3.7,8.7,12.7,,,13.1,,997,
2018-04-01 00:00:00,5.7,4.2,7.7,1.8,,,10.4,,1010.9,
2018-04-02 00:00:00,8.3,3.7,10.5,11.7,,,16.7,,999.8,
2018-04-03 00:00:00,11,9.5,13,4.6,,,19,,994.3,
2018-04-04 00:00:00,9.6,6.8,11.5,0.5,,,24.1,,994.1,
2018-04-05 00:00:00,7.7,4.6,13,0.3,,,16,,1013.4,
2018-04-06 00:00:00,10.2,0,16.6,0,,,18.2,,1011.3,
2018-04-07 00:00:00,12.1,8.4,17,0,,,14.4,,1005.4,
2018-04-08 00:00:00,10,9.1,11.2,0.8,,,6.9,,1008.1,
2018-04-09 00:00:00,8.9,8.3,9.6,7.1,,,10.9,,1007,
2018-04-10 00:00:00,10.7,8.5,13.7,11.9,,,10.7,,1001.7,
2018-04-11 00:00:00,9.2,7.4,11.6,5.1,,,10.2,,1006.9,
2018-04-12 00:00:00,8.1,6.7,10,1,,,10.1,,1004.1,
2018-04-13 00:00:00,8.8,6.4,12,0.3,,,9.4,,1007.4,
2018-04-14 00:00:00,12.9,8,19.2,0,,,8.6,,1015.9,
2018-04-15 00:00:00,11.6,8.7,14.1,0,,,13.9,,1009.9,
2018-04-16 00:00:00,11.2,8,15.1,0.5,,,18.6,,1013.4,
2018-04-17 00:00:00,14.3,10,19,0,,,22.2,,1019.8,
2018-04-18 00:00:00,17.7,9.9,24.3,0,,,13.4,,1026.3,
2018-04-19 00:00:00,20,11.2,27.9,0,,,7.5,,1023.3,
2018-04-20 00:00:00,18.7,12.6,25.5,0,,,8,,1023,
2018-04-21 00:00:00,17.6,11.9,23,0,,,11.2,,1019.9,
2018-04-22 00:00:00,16.5,12.4,23.4,10.9,,,16.8,,1010.7,
2018-04-23 00:00:00,11.8,7.9,16.6,0,,,21.5,,1015.8,
2018-04-24 00:00:00,13.1,11.3,17.3,0,,,23.1,,1013.4,
2018-04-25 00:00:00,11,7.8,14.7,0.3,,,23.6,,1011.8,
2018-04-26 00:00:00,10.4,6.7,15.5,0.5,,,21.8,,1015.7,
2018-04-27 00:00:00,9.6,7.4,12.2,1,,,11.8,,1008,
2018-04-28 00:00:00,8.4,7.7,10.5,4.6,,,10.2,,1009.3,
2018-04-29 00:00:00,7.3,6.6,8,0.8,,,16,,1011.1,
2018-04-30 00:00:00,7.2,5.5,9.5,1,,,20,,1006.5,
2018-05-01 00:00:00,8.3,2.5,14.8,2.3,,,17.4,,1009.7,
2018-05-02 00:00:00,10,9.2,13.4,0.5,,,21.1,,1006.4,
2018-05-03 00:00:00,10.9,3.6,17.3,4.3,,,9,,1018.6,
2018-05-04 00:00:00,14.6,8.1,19.8,0,,,7.8,,1023.2,
2018-05-05 00:00:00,15.6,8.6,22.4,0,,,8.8,,1025.2,
2018-05-06 00:00:00,17.4,9.3,25.6,0,,,8.3,,1022.4,
2018-05-07 00:00:00,19.8,11,27.9,0,,,7.9,,1017.5,
2018-05-08 00:00:00,17.9,12.3,25.8,0,,,12.4,,1010.3,
2018-05-09 00:00:00,13.9,9,20.2,0,,,12.4,,1009.2,
2018-05-10 00:00:00,12.8,10,17.3,1.5,,,15.7,,1014.5,
2018-05-11 00:00:00,13.2,6.3,17.3,0,,,17.9,,1015.8,
2018-05-12 00:00:00,11.8,10.2,14.2,0,,,8.5,,1012.7,
2018-05-13 00:00:00,12.8,8.5,17.6,9.1,,,8.3,,1014.9,
2018-05-14 00:00:00,14.9,8.6,20.3,0,,,13.2,,1020,
2018-05-15 00:00:00,16.8,9.9,23,0,,,11.4,,1020.3,
2018-05-16 00:00:00,12.7,9.4,15.5,0,,,15.8,,1024.8,
2018-05-17 00:00:00,11.8,6.8,17.4,0,,,13.9,,1027.4,
2018-05-18 00:00:00,12.3,5.5,17.7,0,,,7.4,,1025.7,
2018-05-19 00:00:00,14.9,7.7,21.6,0,,,8,,1023.8,
2018-05-20 00:00:00,15.3,9,21.5,0,,,9.6,,1022.1,
2018-05-21 00:00:00,16.7,9.5,22.7,0,,,8.7,,1016.5,
2018-05-22 00:00:00,16.8,12.1,23.5,0,,,15.2,,1016.6,
2018-05-23 00:00:00,13.7,10.6,18.7,0,,,14.7,,1022.9,
2018-05-24 00:00:00,14,10.5,18.3,19.3,,,11.7,,1020.3,
2018-05-25 00:00:00,15.3,12.9,18.6,2.3,,,6.8,,1018.2,
2018-05-26 00:00:00,19.8,14.8,26.2,0,,,15.2,,1018.7,
2018-05-27 00:00:00,20.7,15.2,26.9,10.9,,,11.2,,1015.7,
2018-05-28 00:00:00,19.4,16,24.7,0,,,9,,1018.1,
2018-05-29 00:00:00,15.4,13.9,17.7,0,,,13.2,,1016.5,
2018-05-30 00:00:00,15.6,13.2,19.1,10.7,,,7,,1013.4,
2018-05-31 00:00:00,18.7,14.4,23.2,0,,,9,,1014.8,
2018-06-01 00:00:00,18.6,15.9,22.9,0,,,10.4,,1017.5,
2018-06-02 00:00:00,18.6,14.9,23.9,0,,,14.4,,1018.3,
2018-06-03 00:00:00,19.8,13.8,25.9,0,,,7.3,,1018.2,
2018-06-04 00:00:00,16.2,14.2,19.3,0,,,11.2,,1016.6,
2018-06-05 00:00:00,14.3,12.3,18.5,0,,,13.8,,1016.9,
2018-06-06 00:00:00,15.8,9,22.8,0,,,12.2,,1015.6,
2018-06-07 00:00:00,16.7,12.9,21.3,0,,,11.3,,1016.4,
2018-06-08 00:00:00,17.7,14,22.7,0,,,10.6,,1017,
2018-06-09 00:00:00,16.8,13.1,21.6,0,,,10.4,,1016.1,
2018-06-10 00:00:00,18.2,15,23.3,0,,,10.2,,1014.8,
2018-06-11 00:00:00,18.4,12.4,24.8,0,,,11.9,,1013.9,
2018-06-12 00:00:00,15.3,13.2,18.4,0,,,10.4,,1016.7,
2018-06-13 00:00:00,16.2,9.5,23,0,,,13.3,,1018.4,
2018-06-14 00:00:00,17.7,14.6,23.4,0,,,22.1,,1012.1,
2018-06-15 00:00:00,17.1,12.1,22.5,0,,,11.7,,1016.3,
2018-06-16 00:00:00,16.1,14,19.2,0,,,18.5,,1014.4,
2018-06-17 00:00:00,15.5,13.4,18.7,0,,,20.9,,1016.2,
2018-06-18 00:00:00,19.2,14.9,25.8,0.5,,,23.1,,1018.7,
2018-06-19 00:00:00,20.2,17.4,24.5,0,,,19.2,,1022.4,
2018-06-20 00:00:00,18.8,14.7,25.2,0,,,17.8,,1020.4,
2018-06-21 00:00:00,15.6,10.7,19.9,0,,,13.9,,1025.3,
2018-06-22 00:00:00,16.5,8.8,22.8,0,,,9.3,,1030.2,
2018-06-23 00:00:00,18.1,12.2,23.8,0,,,10.9,,1028.3,
2018-06-24 00:00:00,19.9,13.5,25.9,0,,,7.4,,1025.1,
2018-06-25 00:00:00,21.9,13.9,29.7,0,,,8.2,,1025.6,
2018-06-26 00:00:00,21.7,15.2,28.4,0,,,9.9,,1026,
2018-06-27 00:00:00,19.3,13,27.5,0,,,13.4,,1025.7,
2018-06-28 00:00:00,19.4,12.7,27.4,0,,,14.2,,1024.6,
2018-06-29 00:00:00,20.5,13.4,28.2,0,,,13.2,,1021.6,
2018-06-30 00:00:00,20.3,13.2,28,0,,,16.1,,1016.5,
2018-07-01 00:00:00,23.4,15.3,31.2,0,,,12.4,,1013.3,
2018-07-02 00:00:00,23.3,18.6,30.1,0,,,16.6,,1015.5,
2018-07-03 00:00:00,20.9,15.4,27.2,0,,,18.4,,1017.4,
2018-07-04 00:00:00,20.3,13.9,27,0,,,10.1,,1015.3,
2018-07-05 00:00:00,23.2,16.9,30.1,0,,,8.4,,1015.1,
2018-07-06 00:00:00,23.8,16.5,30,0,,,7.7,,1020.1,
2018-07-07 00:00:00,24.5,18.6,30.3,0,,,9.6,,1023.3,
2018-07-08 00:00:00,24.4,17.7,30.5,0,,,10,,1025.2,
2018-07-09 00:00:00,23.1,18.1,29.7,0,,,10.4,,1025.1,
2018-07-10 00:00:00,18.7,15.5,22.6,0,,,12.5,,1023.9,
2018-07-11 00:00:00,18.6,13.9,23.4,0,,,10.1,,1021.8,
2018-07-12 00:00:00,19.2,13.7,24.4,0,,,8.4,,1021.5,
2018-07-13 00:00:00,20.6,15.7,26.8,0,,,10.1,,1021.8,
2018-07-14 00:00:00,21.8,14.9,27.8,0,,,10.2,,1020,
2018-07-15 00:00:00,22.8,15.4,29.4,0,,,8.5,,1015.9,
2018-07-16 00:00:00,22.7,15.9,28.5,0,,,11.5,,1013.3,
2018-07-17 00:00:00,19.1,13.9,24.6,0,,,17.7,,1015.7,
2018-07-18 00:00:00,20.1,15.2,26,0,,,10.5,,1018.2,
2018-07-19 00:00:00,21.8,14.5,28.3,0,,,8.6,,1018.1,
2018-07-20 00:00:00,21.2,19.2,24.3,0,,,12.3,,1014.5,
2018-07-21 00:00:00,21.7,17,27.4,0,,,9.4,,1013.7,
2018-07-22 00:00:00,22.7,16.9,28.4,0,,,10,,1015.5,
2018-07-23 00:00:00,25.1,19.5,31.6,0,,,11.8,,1015.8,
2018-07-24 00:00:00,23.5,17.4,29.4,0,,,14.1,,1014.3,
2018-07-25 00:00:00,24.3,18,30.2,0,,,8.7,,1016.1,
2018-07-26 00:00:00,26.6,18.9,34.4,0,,,13.6,,1013.1,
2018-07-27 00:00:00,23,19,31.4,0,,,11.3,,1009.5,
2018-07-28 00:00:00,18.9,16.6,23,3.3,,,28.6,,1006.5,
2018-07-29 00:00:00,18.1,15.6,19.8,0.3,,,24.3,,1005.9,
2018-07-30 00:00:00,19.8,17.2,23.4,6.1,,,19.4,,1010.5,
2018-07-31 00:00:00,19.6,15.9,24.9,5.3,,,16,,1015.8,
2018-08-01 00:00:00,19.4,13.7,26.3,0,,,11.8,,1020.9,
2018-08-02 00:00:00,22.3,14.1,29.6,0,,,9.1,,1022.8,
2018-08-03 00:00:00,25.1,18.2,32.2,0,,,8.2,,1022,
2018-08-04 00:00:00,23.6,19.6,28.5,0,,,11.1,,1023,
2018-08-05 00:00:00,23.2,17,29.2,0,,,9.3,,1022.7,
2018-08-06 00:00:00,24.2,16.6,31,0,,,8.5,,1015,
2018-08-07 00:00:00,23.2,17.5,30.5,0,,,10.3,,1008.2,
2018-08-08 00:00:00,19.2,15.2,25.1,0,,,19.4,,1010.6,
2018-08-09 00:00:00,15.6,13.7,17.8,0.5,,,8.9,,1013.6,
2018-08-10 00:00:00,15.2,10.8,20,7.9,,,14.1,,1017.8,
2018-08-11 00:00:00,15.8,9.9,21.1,2.3,,,11.9,,1021.6,
2018-08-12 00:00:00,18.2,16,22.2,0.5,,,14.6,,1011.1,
2018-08-13 00:00:00,19.5,15.3,24.4,1.5,,,12.6,,1007.2,
2018-08-14 00:00:00,19.2,13.6,25.9,0,,,14.9,,1015.7,
2018-08-15 00:00:00,19.7,15.8,24.7,0,,,19.2,,1017.3,
2018-08-16 00:00:00,17.6,14.7,20.4,0,,,18.5,,1014,
2018-08-17 00:00:00,17.3,10.6,23.7,9.9,,,14.8,,1019.3,
2018-08-18 00:00:00,18.8,15.6,22.3,0,,,18,,1020.8,
2018-08-19 00:00:00,20.8,17.5,27.5,0,,,20.9,,1018.7,
2018-08-20 00:00:00,21.3,18.4,25.2,0,,,12.6,,1019.9,
2018-08-21 00:00:00,21.6,18.2,26.4,0,,,11.4,,1019,
2018-08-22 00:00:00,19.1,15.3,23.6,0,,,13.5,,1017.2,
2018-08-23 00:00:00,18.7,16.1,22.9,0,,,17.2,,1013,
2018-08-24 00:00:00,14,10.8,21,1.3,,,20.3,,1013.6,
2018-08-25 00:00:00,13.4,8.5,19.3,5.3,,,12.2,,1014.7,
2018-08-26 00:00:00,14.5,10.8,18.3,0,,,16,,1010,
2018-08-27 00:00:00,16.7,13.7,19.5,10.9,,,20.6,,1011.4,
2018-08-28 00:00:00,17.3,15.7,21,0,,,9.1,,1017.2,
2018-08-29 00:00:00,16.1,13.5,19.9,4.3,,,8,,1015.7,
2018-08-30 00:00:00,15.4,10.6,19.9,3.3,,,7.6,,1023,
2018-08-31 00:00:00,16.6,11.4,21.7,0,,,8.6,,1023.4,
2018-09-01 00:00:00,17.8,12.1,23.8,0,,,10.8,,1025.2,
2018-09-02 00:00:00,18.1,11.6,24.3,0,,,7.5,,1024.3,
2018-09-03 00:00:00,18.2,12.4,24.1,0,,,5.3,,1020.7,
2018-09-04 00:00:00,16.6,12.9,20.4,0,,,11.2,,1020.9,
2018-09-05 00:00:00,17.6,13.8,21.6,0,,,10.4,,1020.8,
2018-09-06 00:00:00,15.7,11.3,22,0,,,10.7,,1016.6,
2018-09-07 00:00:00,13.6,8.4,20,0.3,,,16.4,,1016.1,
2018-09-08 00:00:00,15.2,8.9,20.4,0,,,14.6,,1018.1,
2018-09-09 00:00:00,18.3,14.4,24.3,0,,,17.4,,1017.8,
2018-09-10 00:00:00,17.3,13.9,22.2,0,,,18.2,,1021,
2018-09-11 00:00:00,19.2,16.4,24.4,0,,,22.6,,1019.1,
2018-09-12 00:00:00,13.6,11.2,16.1,3.3,,,8.2,,1022.7,
2018-09-13 00:00:00,13,7.9,20.3,0,,,8.6,,1023.1,
2018-09-14 00:00:00,13.9,10.7,18.3,0,,,15.4,,1021,
2018-09-15 00:00:00,15.5,10.7,21.3,0,,,13,,1023.2,
2018-09-16 00:00:00,18.3,11.7,24.2,0,,,17.4,,1018.8,
2018-09-17 00:00:00,19.5,17.7,25,,,,17,,1014.2,
2018-09-18 00:00:00,19.8,17,23.2,,,,26.1,,1008.7,
2018-09-19 00:00:00,19,16.5,23.7,0.3,,,27.6,,1012.3,
2018-09-20 00:00:00,18.8,16,21.9,0,,,27.6,,1009.7,
2018-09-21 00:00:00,13.8,10.8,18.5,4.6,,,33.3,,1007.8,
2018-09-22 00:00:00,11.4,10.5,13.3,0.5,,,13.1,,1017.8,
2018-09-23 00:00:00,10.4,8.9,14.9,7.9,,,12.6,,1018.9,
2018-09-24 00:00:00,10.1,4.8,16.2,12.7,,,8.6,,1036.7,
2018-09-25 00:00:00,10.6,4.1,18.2,0,,,8.5,,1037.8,
2018-09-26 00:00:00,13.9,6.8,22.8,0,,,8.9,,1032.8,
2018-09-27 00:00:00,15.3,8.9,23.4,0,,,9.1,,1026.8,
2018-09-28 00:00:00,13.5,10.1,17.5,0,,,12.8,31.5,1029.6,
2018-09-29 00:00:00,11.1,5.7,18.3,0,,,5.4,18.5,1028.5,
2018-09-30 00:00:00,10.3,6.3,15.4,0,,,9.5,24.1,1020.5,
2018-10-01 00:00:00,11,7,14.6,0,,,13.2,29.6,1025.4,
2018-10-02 00:00:00,15.6,10.6,19.9,0,,,19.7,48,1021.1,
2018-10-03 00:00:00,15.2,11.9,19.1,0,,,12.1,25.9,1026.6,
2018-10-04 00:00:00,13.7,10.9,17.7,0,,,12.2,29.6,1024.7,
2018-10-05 00:00:00,15.8,12.6,20.8,0,,,7.7,18.5,1015.7,
2018-10-06 00:00:00,10.1,8.6,13.4,0,,,12.9,50,1011.6,
2018-10-07 00:00:00,9.7,5.8,14.6,10.4,,,10.9,33.3,1022.2,
2018-10-08 00:00:00,11.6,7,17.3,0,,,14.2,33.3,1021.3,
2018-10-09 00:00:00,14.4,9.9,21.1,0,,,12.1,33.3,1018.5,
2018-10-10 00:00:00,16.1,9.5,23.9,0,,,11.3,33.3,1012.5,
2018-10-11 00:00:00,16.8,14.1,20.8,0,,,18.8,48,1004.4,
2018-10-12 00:00:00,18,13.5,21.4,3,,,27.9,72,1009.4,
2018-10-13 00:00:00,20.4,19,23.6,0.3,,,24.5,54,1009.6,
2018-10-14 00:00:00,12.8,9.8,19.3,3,,,12.4,27.8,1006.7,
2018-10-15 00:00:00,12.5,9.8,13.9,36.3,,,10.4,24.1,1010.8,
2018-10-16 00:00:00,15.7,13.9,20,0.3,,,12.3,33.3,1015.7,
2018-10-17 00:00:00,13.6,11.6,16,0,,,6.9,22.2,1019.5,
2018-10-18 00:00:00,12.2,9,16.2,1.8,,,10.5,24.1,1026.4,
2018-10-19 00:00:00,9.9,5.2,16.1,0,,,5.5,14.8,1026.9,
2018-10-20 00:00:00,11.7,6.6,18.4,0,,,6.6,18.5,1030.8,
2018-10-21 00:00:00,13,8.3,19.1,0,,,7.8,22.2,1028.3,
2018-10-22 00:00:00,10,7,13.7,0,,,9.8,25.9,1036,
2018-10-23 00:00:00,11.1,5.8,15.5,,,,13.9,35.2,1031.5,
2018-10-24 00:00:00,12.7,9.6,17.4,0,,,9.7,24.1,1028.5,
2018-10-25 00:00:00,9.8,5.6,14,0,,,9.8,20.4,1022.3,
2018-10-26 00:00:00,8.6,5.3,10.9,0,,,14.6,38.9,1012.4,
2018-10-27 00:00:00,4.7,2.4,6.9,1.3,,,14.3,35.2,1014.3,
2018-10-28 00:00:00,6.2,3.5,10.3,0.3,,,15.8,35.2,1017.9,
2018-10-29 00:00:00,5.1,1.9,9.1,0.5,,,11.9,31.5,1007.6,
2018-10-30 00:00:00,6.3,4.5,9,0,,,16.6,33.3,997.3,
2018-10-31 00:00:00,7.1,-0.1,13.4,0,,,11.1,31.5,1006.6,
2018-11-01 00:00:00,8.9,5.3,11.3,4.1,,,10.3,27.8,1006.3,
2018-11-02 00:00:00,5.5,0.5,11.4,4.3,,,9.8,22.2,1023.9,
2018-11-03 00:00:00,8.5,2.7,14,0,,,15.6,50,1022.8,
2018-11-04 00:00:00,10.6,7.9,13,0,,,13.8,33.3,1010.6,
2018-11-05 00:00:00,11.3,7.8,15.1,0,,,9.7,24.1,1003.9,
2018-11-06 00:00:00,12.6,8.7,15.5,0,,,15.9,48,999.3,
2018-11-07 00:00:00,11.7,8.5,14.3,4.3,,,25.5,61,997.7,
2018-11-08 00:00:00,9.4,4.3,14,5.3,,,18.5,50,1013.6,
2018-11-09 00:00:00,10.5,5.7,14.1,0,,,21.9,57,1003.9,
2018-11-10 00:00:00,10.9,9.4,14.1,7.9,,,17,59,994,
2018-11-11 00:00:00,10.4,5.8,14.1,21.3,,,17.4,50,999.2,
2018-11-12 00:00:00,11.1,9,14.2,1.3,,,14.8,35.2,1009.2,
2018-11-13 00:00:00,10.2,7.9,13.5,0.5,,,16.1,37,1020.3,
2018-11-14 00:00:00,11.2,9.2,14.6,0,,,13,33.3,1022.2,
2018-11-15 00:00:00,12.5,9.2,14.7,0.3,,,11.1,24.1,1020.7,
2018-11-16 00:00:00,10.3,8.9,11.3,0,,,10.6,22.2,1025,
2018-11-17 00:00:00,8.6,6.5,12.1,0,,,14.2,31.5,1026.7,
2018-11-18 00:00:00,7.2,5,11.4,0,,,13.7,33.3,1027,
2018-11-19 00:00:00,6.7,4.7,8.3,0,,,18.5,50,1020.4,
2018-11-20 00:00:00,4.2,2.5,5.4,2.8,,,16,52,1008.7,
2018-11-21 00:00:00,3.7,0.7,8,9.7,,,12.2,33.3,1012,
2018-11-22 00:00:00,2.8,-0.8,6.1,0,,,6.6,20.4,1017.6,
2018-11-23 00:00:00,6.8,2.6,8.5,0.3,,,10.3,25.9,1013.9,
2018-11-24 00:00:00,8.3,7.6,9.3,0,,,14.2,29.6,1009.8,
2018-11-25 00:00:00,7.2,4.7,8.4,0.5,,,13.3,29.6,1010.6,
2018-11-26 00:00:00,6.2,3.2,8.2,0,,,9.2,24.1,1013.7,
2018-11-27 00:00:00,5.8,2.6,10.7,0,,,13.1,46,1013.6,
2018-11-28 00:00:00,11.8,7.8,13.6,6.9,,,22,57,1006.9,
2018-11-29 00:00:00,12,9.2,13.8,2.5,,,25.9,72,1001.5,
2018-11-30 00:00:00,8.6,6.7,11.5,2.3,,,17.7,37,1006.9,
2018-12-01 00:00:00,10.2,6,13.4,0.3,,,17.2,35.2,1003.3,
2018-12-02 00:00:00,13.7,11.4,15.3,7.9,,,23.9,52,997.2,
2018-12-03 00:00:00,10.9,7.3,13.4,0,,,20.4,50,1001.1,
2018-12-04 00:00:00,5.5,1.6,8,2.8,,,6.5,20.4,1020.6,
2018-12-05 00:00:00,10.1,5.9,13,3.8,,,15.5,31.5,1014.1,
2018-12-06 00:00:00,11.9,9.8,13.1,1.3,,,19.2,37,1013.6,
2018-12-07 00:00:00,10.2,6.9,13.1,0.5,,,28.7,65,1003.8,
2018-12-08 00:00:00,9.6,6.8,12.5,7.4,,,34.6,70,1002.4,
2018-12-09 00:00:00,8.9,6.1,10.6,1.3,,,24.3,61,1009.3,
2018-12-10 00:00:00,7.2,4.8,9.3,1.5,,,12.9,29.6,1026.6,
2018-12-11 00:00:00,5.4,1.7,9.1,0,,,6.6,22.2,1025,
2018-12-12 00:00:00,5.5,2,7.5,0,,,16,33.3,1021.6,
2018-12-13 00:00:00,2.3,-0.2,5.2,0,,,16.3,35.2,1018,
2018-12-14 00:00:00,1.9,-1.2,4.3,0,,,8.2,24.1,1022.9,
2018-12-15 00:00:00,3.4,1.4,8,0,,,24.5,50,1012.3,
2018-12-16 00:00:00,6.9,4.6,9.2,10.4,,,13.7,27.8,1005.9,
2018-12-17 00:00:00,7.4,3.7,10.3,4.3,,,14.1,29.6,1016,
2018-12-18 00:00:00,9.4,7.2,10.5,0,,,23.8,54,1009.1,
2018-12-19 00:00:00,7.7,5.6,9.2,8.1,,,14.9,31.5,1004.5,
2018-12-20 00:00:00,8.3,5.8,10.3,1.3,,,18.9,38.9,1005.9,
2018-12-21 00:00:00,11.4,8.4,13.1,0,,,26.8,70,1001.2,
2018-12-22 00:00:00,10,8,11.3,0.5,,,20.7,55,1015.4,
2018-12-23 00:00:00,9.3,6.5,13.2,1.3,,,13.9,31.5,1017.8,
2018-12-24 00:00:00,5.4,2.7,7.7,5.3,,,5.2,16.7,1031.9,
2018-12-25 00:00:00,5.3,1.7,8.3,0.3,,,6.1,18.5,1034.4,
2018-12-26 00:00:00,7.5,6,9.5,0,,,7.4,16.7,1030.6,
2018-12-27 00:00:00,4.4,2.9,7.2,0.3,,,3.9,14.8,1026.5,
2018-12-28 00:00:00,7.8,4.9,10.3,0,,,8.5,22.2,1030.5,
2018-12-29 00:00:00,10.1,7.4,12.2,0,,,15.6,50,1032.4,
2018-12-30 00:00:00,9.2,6.5,10.4,0,,,10.9,25.9,1035.2,
2018-12-31 00:00:00,9.4,8.9,10,0,,,11.1,25.9,1035.8,
2019-01-01 00:00:00,8.5,5.4,10.6,0,,,12.3,25.9,1035.7,
2019-01-02 00:00:00,5.2,3.7,6.3,0,,,7.7,20.4,1043.1,
2019-01-03 00:00:00,4.8,3.8,5.4,0,,,5.7,14.8,1043.2,
2019-01-04 00:00:00,3.1,1.6,4.4,0,,,6.6,16.7,1042.3,
2019-01-05 00:00:00,4.6,2.1,5.3,0,,,8.8,22.2,1039.1,
2019-01-06 00:00:00,7.8,4.7,9.9,0,,,8.7,18.5,1036.8,
2019-01-07 00:00:00,9.2,6,11.1,0,,,18.4,46,1032.3,
2019-01-08 00:00:00,7.1,3.3,9.1,0,,,16,31.5,1028.1,
2019-01-09 00:00:00,4.2,1.9,5.8,0,,,13.5,29.6,1029.7,
2019-01-10 00:00:00,3.3,0.6,6,0,,,8.1,18.5,1030.6,
2019-01-11 00:00:00,7.5,4.1,8.5,0,,,8.7,22.2,1030.2,
2019-01-12 00:00:00,8.9,6.7,10.3,0,,,18.9,50,1023.2,
2019-01-13 00:00:00,10.5,8.9,11.6,0,,,24.1,54,1014.4,
2019-01-14 00:00:00,8.1,4.1,9.4,0,,,16,48,1020.3,
2019-01-15 00:00:00,6.7,1.4,9.4,0,,,17,33.3,1019.4,
2019-01-16 00:00:00,7.6,3.7,9.7,0,,,20.1,48,1005.9,
2019-01-17 00:00:00,3.5,0.3,5,5.1,,,12.7,31.5,1011.3,
2019-01-18 00:00:00,2.3,-1.4,7,0.3,,,12.6,33.3,1016.3,
2019-01-19 00:00:00,4.1,1.8,5.4,0,,,16.5,31.5,1009.8,
2019-01-20 00:00:00,2,-1.4,5.6,0,,,6.1,16.7,1017.9,
2019-01-21 00:00:00,1.8,-2.2,5.3,0,,,9.5,31.5,1021.2,
2019-01-22 00:00:00,3.4,0.2,6.1,5.3,,,12.3,33.3,1002.1,
2019-01-23 00:00:00,1.6,-1,3.1,4.1,,,7.8,24.1,1002.7,
2019-01-24 00:00:00,1.3,-2.3,4.8,1,,,4.8,18.5,1011.7,
2019-01-25 00:00:00,7.2,3,11.9,0.5,,,12.6,27.8,1014,
2019-01-26 00:00:00,8.3,4.7,10.4,0.5,,,22.4,48,1002.5,
2019-01-27 00:00:00,5.8,3.5,8,5.6,,,25.7,65,991.9,
2019-01-28 00:00:00,2.9,-0.6,6,1.3,,,15.4,35.2,1005.9,
2019-01-29 00:00:00,1.9,-2.6,6.2,0,,,10,22.2,999.9,
2019-01-30 00:00:00,1.4,-1.7,5.8,5.1,,,8.8,24.1,995.7,
2019-01-31 00:00:00,-0.3,-5.2,3.9,0,,,13,40.8,991.4,
2019-02-01 00:00:00,1.5,0.6,2.4,2,1,,18.5,46,987.8,
2019-02-02 00:00:00,2.7,0.6,4.9,7.9,,,14.4,29.6,1006.9,
2019-02-03 00:00:00,1.9,-2.7,6.6,0,,,11.2,29.6,1023,
2019-02-04 00:00:00,7.1,3.7,9.5,0.8,,,17.8,50,1018.5,
2019-02-05 00:00:00,6.5,5,8.3,4.3,,,13.4,33.3,1023.1,
2019-02-06 00:00:00,9.1,5.7,10.7,4.3,,,13.1,31.5,1016.3,
2019-02-07 00:00:00,8,6.5,9.7,4.1,,,31.1,70,1006.1,
2019-02-08 00:00:00,9.2,6.4,11.1,0.3,,,29,70,999.1,
2019-02-09 00:00:00,8.3,6.5,10.2,7.9,,,31.1,74,1000.4,
2019-02-10 00:00:00,5.8,4.2,7.8,1.5,,,17.7,52,997.8,
2019-02-11 00:00:00,6,2.4,8.8,1.5,,,8.7,25.9,1023.4,
2019-02-12 00:00:00,6.5,1.7,11.2,0,,,13.1,29.6,1033.2,
2019-02-13 00:00:00,7.6,5.2,12.1,0,,,13.6,31.5,1033.1,
2019-02-14 00:00:00,6.2,0.4,13.8,0,,,7.8,22.2,1031.9,
2019-02-15 00:00:00,6.8,1.7,14.3,0,,,8.8,25.9,1027,
2019-02-16 00:00:00,8.6,3.7,11.8,0.3,,,11.6,29.6,1022.7,
2019-02-17 00:00:00,9.4,3.7,14.8,0,,,15,37,1016,
2019-02-18 00:00:00,8.1,5,9.9,0,,,15.2,29.6,1015.4,
2019-02-19 00:00:00,7,1.9,11.2,2.8,,,15.1,33.3,1018.6,
2019-02-20 00:00:00,8.7,6.4,13,0,,,17.5,37,1020,
2019-02-21 00:00:00,10.1,6.6,14.9,0,,,13.2,27.8,1026.4,
2019-02-22 00:00:00,8.7,6.1,15.1,0,,,8.5,22.2,1034.5,
2019-02-23 00:00:00,9.8,6.4,16.3,0,,,9.7,24.1,1033.9,
2019-02-24 00:00:00,8.8,3,16.3,0,,,5.8,20.4,1035.5,
2019-02-25 00:00:00,9.3,1.4,19,0,,,5.9,20.4,1036.2,
2019-02-26 00:00:00,10.4,2,20,0,,,6.3,22.2,1032.4,
2019-02-27 00:00:00,10.6,2.5,18.9,0,,,5.9,20.4,1024.8,
2019-02-28 00:00:00,9.3,4.7,12.1,0,,,15.4,46,1015.9,
2019-03-01 00:00:00,9.5,8,11.2,1.5,,,11.5,25.9,1018.1,
2019-03-02 00:00:00,10.7,7.5,14.4,0,,,22.3,54,1010.1,
2019-03-03 00:00:00,10.9,9,12.7,1.5,,,29.1,76,998.3,
2019-03-04 00:00:00,6.7,4.1,10.7,6.1,,,23.4,65,994.4,
2019-03-05 00:00:00,7.7,3.2,12,0.5,,,20,40.8,1002.4,
2019-03-06 00:00:00,10.4,8.7,12.3,4.1,,,24.3,50,989.7,
2019-03-07 00:00:00,8.2,5.5,12.5,1.5,,,32,89,992.7,
2019-03-08 00:00:00,7.6,3,10.1,0.3,,,19.1,50,1009.9,
2019-03-09 00:00:00,9.4,6.9,13.6,1.3,,,24.4,74,1012.3,
2019-03-10 00:00:00,7.3,2.2,11,7.9,,,29,87,1009.1,
2019-03-11 00:00:00,6.9,2,11,3.3,,,23.7,57,1022.9,
2019-03-12 00:00:00,7.2,4,9.2,0.5,,,29.7,65,1007,
2019-03-13 00:00:00,8.7,5.1,12,7.9,,,34.3,67,1008,
2019-03-14 00:00:00,10.4,7,14.3,3,,,29,81,1006.1,
2019-03-15 00:00:00,12.3,9.1,14.2,5.8,,,34.6,78,1007.2,
2019-03-16 00:00:00,10.9,8.1,12.5,0,,,37.2,83,1002.5,
2019-03-17 00:00:00,6.8,4,9.8,4.3,,,22.7,68,1005.3,
2019-03-18 00:00:00,7.1,3.8,11.2,1.8,,,12.7,25.9,1020.5,
2019-03-19 00:00:00,9.4,6.5,12.4,0,,,11.2,25.9,1027.3,
2019-03-20 00:00:00,10.8,8.6,12.8,0,,,13.9,27.8,1032.3,
2019-03-21 00:00:00,11.4,8.9,13.9,0,,,9.9,24.1,1033,
2019-03-22 00:00:00,10.1,8.9,11.1,0,,,14.1,29.6,1028.8,
2019-03-23 00:00:00,10.1,5,13.4,0,,,10,22.2,1031.4,
2019-03-24 00:00:00,8.6,3.3,14.3,0,,,9.4,25.9,1030.6,
2019-03-25 00:00:00,9.1,5.4,12.8,0,,,13.8,29.6,1031.8,
2019-03-26 00:00:00,8.2,1.5,13.3,0,,,7.7,22.2,1034.2,
2019-03-27 00:00:00,9.7,4.6,13.3,0,,,6.2,18.5,1035.2,
2019-03-28 00:00:00,10.7,7.5,16.1,0,,,6.5,22.2,1035.7,
2019-03-29 00:00:00,10.9,2.7,17.5,0,,,6.2,22.2,1029,
2019-03-30 00:00:00,12.6,4.7,18,0,,,5.8,18.5,1021.3,
2019-03-31 00:00:00,9.4,6.1,12.8,0,,,17.2,37,1024.5,
2019-04-01 00:00:00,8.3,3.9,14.1,0,,,13.4,31.5,1020.4,
2019-04-02 00:00:00,5.9,3.5,8.9,0,,,10.5,27.8,1004.9,
2019-04-03 00:00:00,4.2,0.9,10.5,4.3,,,7.1,25.9,999,
2019-04-04 00:00:00,5.6,1.3,9.4,0.5,,,20.9,55,995,
2019-04-05 00:00:00,9.4,5.4,13.7,1.8,,,21.2,38.9,1001.6,
2019-04-06 00:00:00,8.6,6.6,10.9,0,,,14.2,29.6,1005.3,
2019-04-07 00:00:00,9,6.2,11.5,0,,,9.7,22.2,1008.1,
2019-04-08 00:00:00,9.8,7.6,12.5,0.3,,,5.1,14.8,1010.9,
2019-04-09 00:00:00,9.1,7,11.5,2.8,,,11.8,31.5,1013.9,
2019-04-10 00:00:00,8.2,4.7,12.6,1.8,,,16.8,33.3,1019.4,
2019-04-11 00:00:00,6.6,1.1,12.4,0,,,10.1,25.9,1025.6,
2019-04-12 00:00:00,6.3,1.4,10.1,0,,,9.9,25.9,1027,
2019-04-13 00:00:00,5.1,0.6,9.3,0,,,12.1,27.8,1027.3,
2019-04-14 00:00:00,5.1,-0.3,10.7,0,,,13.6,33.3,1025.5,
2019-04-15 00:00:00,8.9,4.5,14.7,0,,,19.8,50,1020.3,
2019-04-16 00:00:00,10.8,6.9,16,0,,,7,24.1,1015.1,
2019-04-17 00:00:00,12.4,6.7,18.9,0,,,8.1,25.9,1019.3,
2019-04-18 00:00:00,14.1,7.8,21.8,0,,,12.3,37,1023,
2019-04-19 00:00:00,15.8,8.7,23.8,0,,,10.5,27.8,1028,
2019-04-20 00:00:00,16.7,8.2,24.4,0,,,9.3,24.1,1029.6,
2019-04-21 00:00:00,15.3,8,23.8,0,,,8.7,27.8,1020.5,
2019-04-22 00:00:00,16.9,8.5,24.6,0,,,11.1,29.6,1006.4,
2019-04-23 00:00:00,15.8,12.9,21.5,0,,,8.8,29.6,997.4,
2019-04-24 00:00:00,13.2,9.6,17.4,0,,,14.6,48,994,
2019-04-25 00:00:00,12.3,8.1,16.6,0.5,,,20.1,48,999,
2019-04-26 00:00:00,11.2,5.6,17.6,0,,,17.8,50,1008.9,
2019-04-27 00:00:00,9.7,7.7,13.3,0.5,,,33.1,76,1009.5,
2019-04-28 00:00:00,10.6,7.3,14.1,0.3,,,16.2,37,1019.7,
2019-04-29 00:00:00,10.6,5.4,15.3,0,,,8.8,18.5,1025.8,
2019-04-30 00:00:00,11.9,6.2,17.7,0,,,9.1,24.1,1024.5,
2019-05-01 00:00:00,11.8,6.6,18.5,0,,,8.5,18.5,1018.5,
2019-05-02 00:00:00,11.4,9,15.8,0,,,11.4,29.6,1014.3,
2019-05-03 00:00:00,9.7,7.2,15,1.5,,,9.3,25.9,1014.7,
2019-05-04 00:00:00,7.6,5.4,10.7,1.8,,,16.6,54,1019.2,
2019-05-05 00:00:00,8.1,2.7,11.4,0.3,,,10.4,24.1,1025.8,
2019-05-06 00:00:00,9,5.9,11.7,0,,,11.3,25.9,1022.1,
2019-05-07 00:00:00,11.2,6.2,16.4,0,,,12.2,29.6,1014.5,
2019-05-08 00:00:00,10.8,8.4,14,4.3,,,18.4,61,994.8,
2019-05-09 00:00:00,10.2,6.8,14,13.7,,,8.2,25.9,997.1,
2019-05-10 00:00:00,10.5,4.7,15.2,9.1,,,8.4,20.4,1008.6,
2019-05-11 00:00:00,11.8,8.3,16,0,,,10.1,25.9,1019.1,
2019-05-12 00:00:00,11.4,4.7,17.3,2,,,8.7,25.9,1035.5,
2019-05-13 00:00:00,11.6,5.2,17.4,0.3,,,10.6,29.6,1039.4,
2019-05-14 00:00:00,12.8,6.8,18.4,0,,,13.6,31.5,1034.1,
2019-05-15 00:00:00,13.4,6.9,20.1,0,,,11.1,27.8,1026.6,
2019-05-16 00:00:00,13.2,7.4,18.2,0,,,13.9,46,1019.1,
2019-05-17 00:00:00,11.7,8.4,14.7,0,,,12.3,27.8,1009.4,
2019-05-18 00:00:00,13.4,9.9,16.9,0,,,6.1,18.5,1006.7,
2019-05-19 00:00:00,14,8.2,18,0,,,5.9,16.7,1009.6,
2019-05-20 00:00:00,15.8,12.5,20.4,0,,,1.2,22.2,1012.5,
2019-05-21 00:00:00,15.7,9.6,20.3,0,,,0,24.1,1018,
2019-05-22 00:00:00,16.1,10.4,22.5,0,,,3.4,25.9,1019.7,
2019-05-23 00:00:00,16.9,9,24.7,0,,,6.8,25.9,1016.4,
2019-05-24 00:00:00,16.9,10.8,21.1,0,,,4.9,24.1,1017,
2019-05-25 00:00:00,18.6,13.9,23.3,0,,,11.4,29.6,1018.2,
2019-05-26 00:00:00,17.2,14,20.1,0,,,20.1,48,1013.7,
2019-05-27 00:00:00,14.2,9,18.6,0,,,19.7,38.9,1010.6,
2019-05-28 00:00:00,12.8,9.3,17.9,0.3,,,11.8,27.8,1012.3,
2019-05-29 00:00:00,12.6,9.3,15.4,0,,,14.9,37,1018.6,
2019-05-30 00:00:00,18.6,13.2,24,2.8,,,22.1,38.9,1020.7,
2019-05-31 00:00:00,16.9,14.6,19.9,0,,,16.8,33.3,1023.6,
2019-06-01 00:00:00,19.2,10.5,26.8,0,,,11.4,29.6,1019.6,
2019-06-02 00:00:00,19.7,15.1,27.3,0,,,19.1,54,1010.3,
2019-06-03 00:00:00,15.6,10.6,20.3,0,,,19.3,37,1012.3,
2019-06-04 00:00:00,14.3,10.3,16.9,0,,,14.1,31.5,1006.5,
2019-06-05 00:00:00,15.2,11.8,19,1.5,,,15.4,31.5,1005.7,
2019-06-06 00:00:00,14.6,8.7,19.9,0,,,15.1,46,1010,
2019-06-07 00:00:00,14.3,11,18.3,0,,,15.4,37,1002.9,
2019-06-08 00:00:00,14.7,10.9,20.3,8.4,,,29,65,1010.5,
2019-06-09 00:00:00,14.3,8.6,18.7,0.5,,,9.6,27.8,1020.4,
2019-06-10 00:00:00,11.4,9.6,13.5,1,,,10.6,27.8,1015,
2019-06-11 00:00:00,13.2,10.2,17.4,34,,,11.9,27.8,1011.4,
2019-06-12 00:00:00,12.8,11,15.8,0,,,8.2,22.2,1009.9,
2019-06-13 00:00:00,12.7,11.4,14.2,14.5,,,19.5,50,1005.8,
2019-06-14 00:00:00,15.3,12.4,19.3,7.6,,,19.4,46,1010,
2019-06-15 00:00:00,14.8,11.5,19.3,0,,,16.9,46,1012.7,
2019-06-16 00:00:00,15.2,8.4,20.8,0.8,,,21.4,52,1016.5,
2019-06-17 00:00:00,16.7,11.6,22,1.3,,,18.7,37,1017.6,
2019-06-18 00:00:00,15.6,11,18.4,0,,,7.2,24.1,1014.2,
2019-06-19 00:00:00,16.6,14.3,19.2,2.3,,,8.2,22.2,1008,
2019-06-20 00:00:00,16.1,12.3,20.4,7.4,,,18.1,35.2,1012.4,
2019-06-21 00:00:00,16.1,8.8,21.7,0,,,12.2,27.8,1019.1,
2019-06-22 00:00:00,17.1,9.7,23.6,0,,,13,31.5,1021,
2019-06-23 00:00:00,18.7,12.5,24.5,0,,,12.7,33.3,1017,
2019-06-24 00:00:00,21.1,17.5,24,0,,,8.9,24.1,1015.4,
2019-06-25 00:00:00,19.9,17.8,23.6,2.8,,,7.7,25.9,1018.7,
2019-06-26 00:00:00,17.4,15.4,21.4,0,,,16.4,37,1027,
2019-06-27 00:00:00,17.5,13,24.2,0,,,18.8,40.8,1028.8,
2019-06-28 00:00:00,17.9,13.4,24,0,,,19.9,35.2,1024.5,
2019-06-29 00:00:00,24.4,14.7,33.9,0,,,14.3,33.3,1015.4,
2019-06-30 00:00:00,19.5,14.6,24.8,0,,,21.2,40.8,1015.8,
2019-07-01 00:00:00,18.1,13.3,22.5,0,,,15.9,33.3,1020.1,
2019-07-02 00:00:00,17.1,10.8,22.6,0,,,9.4,25.9,1024.9,
2019-07-03 00:00:00,18.3,12.9,23.6,0,,,9.3,27.8,1026.5,
2019-07-04 00:00:00,20,12,26.3,0,,,7.7,22.2,1024.9,
2019-07-05 00:00:00,21.5,15.7,26.2,0,,,9.8,25.9,1018.8,
2019-07-06 00:00:00,19.7,14.6,23.1,0,,,9.2,20.4,1013.7,
2019-07-07 00:00:00,17.4,14.4,21.1,1.5,,,9,22.2,1016.5,
2019-07-08 00:00:00,18.3,12.5,23.7,5.1,,,9.1,25.9,1020.6,
2019-07-09 00:00:00,19.6,15.3,24.9,0,,,10.6,24.1,1021,
2019-07-10 00:00:00,21,16.7,25.3,0,,,13.4,33.3,1018.2,
2019-07-11 00:00:00,21,16.3,26.8,0,,,12.5,29.6,1013,
2019-07-12 00:00:00,20.8,17.2,24.6,0,,,13.7,31.5,1014.8,
2019-07-13 00:00:00,19.3,14.5,23.7,0,,,10.3,25.9,1021.5,
2019-07-14 00:00:00,17.6,14.2,21.5,0,,,10.3,27.8,1023.2,
2019-07-15 00:00:00,17,11.8,22.4,0.5,,,8.7,20.4,1022.7,
2019-07-16 00:00:00,19.8,11.7,27,0,,,11.6,27.8,1019.3,
2019-07-17 00:00:00,20.4,13.5,25.8,0,,,11.9,33.3,1014.3,
2019-07-18 00:00:00,19.1,15.6,23.6,0.5,,,16.5,35.2,1010.5,
2019-07-19 00:00:00,16.7,12.7,19.1,2.3,,,15.6,37,1011.4,
2019-07-20 00:00:00,19.6,16.3,25.6,17.5,,,19.8,46.3,1008.6,
2019-07-21 00:00:00,18.6,13,23.4,0,,,16.8,35.2,1020,
2019-07-22 00:00:00,21.6,16.4,27.5,0,,,17.4,35.2,1021.7,
2019-07-23 00:00:00,25.5,15.7,33.4,0,,,11,37,1017.7,
2019-07-24 00:00:00,25.9,20,32.8,0.8,,,13.3,33.3,1012,
2019-07-25 00:00:00,28.6,19.7,37.2,0,,,11.5,33.3,1010.4,
2019-07-26 00:00:00,22.1,18.9,26.4,3.6,,,13.2,25.9,1010.5,
2019-07-27 00:00:00,17.9,16.2,19.8,13,,,12.1,24.1,1007.3,
2019-07-28 00:00:00,19,15.5,23.4,2,,,18,33.3,1005.9,
2019-07-29 00:00:00,20.2,13.2,25.2,0,,,13.8,35.2,1008.8,
2019-07-30 00:00:00,18.2,17,20.8,0,,,24.1,59,1005.1,
2019-07-31 00:00:00,19.7,16.4,23.7,3.8,,,25.1,48,1012,
2019-08-01 00:00:00,20.1,14.6,25.1,0,,,11.4,25.9,1017,
2019-08-02 00:00:00,20.6,15.5,25.3,0,,,10,24.1,1019.1,
2019-08-03 00:00:00,19.8,14.8,24.2,0,,,8.9,24.1,1018.9,
2019-08-04 00:00:00,20.3,15,27.1,0,,,14.6,31.5,1013.6,
2019-08-05 00:00:00,19.9,16,26.1,0,,,18.1,38.9,1009.8,
2019-08-06 00:00:00,19.2,15.6,23.7,0.5,,,21.1,50,1007.9,
2019-08-07 00:00:00,18.6,14.5,24.8,0,,,19.3,52,1006.6,
2019-08-08 00:00:00,19.3,13.4,23.9,1.3,,,12.2,27.8,1009.7,
2019-08-09 00:00:00,20.2,17.6,25,3,,,23.8,72,1001.2,
2019-08-10 00:00:00,18.9,16.8,23.6,2,,,37.1,78,1003.7,
2019-08-11 00:00:00,18.6,15.2,23.1,1.5,,,24.9,48,1011.1,
2019-08-12 00:00:00,15.6,13.5,19,0,,,8.4,24.1,1014.5,
2019-08-13 00:00:00,16.7,10,22.7,1.5,,,15.7,31.5,1017.4,
2019-08-14 00:00:00,15.8,13.9,17.4,0,,,16,38.9,1012.8,
2019-08-15 00:00:00,18.7,14.6,23.1,11.7,,,20.9,50,1011.9,
2019-08-16 00:00:00,16.1,12.7,18.9,0,,,18.6,50,1011.8,
2019-08-17 00:00:00,18.6,15,22.9,5.6,,,20.6,40.8,1004.5,
2019-08-18 00:00:00,16.8,14.3,22.2,0,,,18.3,40.8,1005.3,
2019-08-19 00:00:00,16.6,12.1,22.4,5.1,,,20.3,52,1013.8,
2019-08-20 00:00:00,16.3,10.7,22.2,1.3,,,15.4,33.3,1022.5,
2019-08-21 00:00:00,16.6,10.6,22.5,0,,,11.2,31.5,1026.5,
2019-08-22 00:00:00,18.2,12.4,24.2,0,,,15,35.2,1024.7,
2019-08-23 00:00:00,20.1,13.8,27.7,0,,,3.4,24.1,1024.2,
2019-08-24 00:00:00,21.8,13,29.9,0,,,5.8,31.5,1019.2,
2019-08-25 00:00:00,24.6,16.5,33.1,0,,,8,29.6,1017.7,
2019-08-26 00:00:00,24.8,17,32.9,0,,,8.5,31.5,1017.5,
2019-08-27 00:00:00,24.6,16.6,33,0,,,8.4,27.8,1014.2,
2019-08-28 00:00:00,20.2,18.1,25.6,0.3,,,14.9,35.2,1013.7,
2019-08-29 00:00:00,17.6,10.8,23.3,0.3,,,15.9,37,1019.2,
2019-08-30 00:00:00,18.3,13.4,24.2,0,,,16.8,37,1020.6,
2019-08-31 00:00:00,16.9,12.5,24.2,0,,,15.3,59,1012.8,
2019-09-01 00:00:00,15.9,11.6,20.1,0,,,13.3,33.3,1017.7,
2019-09-02 00:00:00,16,8.7,22.7,0,,,15.6,37,1023.6,
2019-09-03 00:00:00,17.9,15.3,21.5,0,,,20,35.2,1022.8,
2019-09-04 00:00:00,17.2,14.3,20.7,7.1,,,23.1,55,1015.8,
2019-09-05 00:00:00,14.8,12.1,18.3,0,,,13.6,29.6,1024.6,
2019-09-06 00:00:00,13.7,9.3,18.8,0,,,16.7,50,1022.6,
2019-09-07 00:00:00,14.5,11.6,17.4,0,,,11.5,25.9,1023.1,
2019-09-08 00:00:00,12.8,6.1,18.5,0,,,7.5,20.4,1023.7,
2019-09-09 00:00:00,13.7,11.8,15.8,0,,,11.1,27.8,1013.8,
2019-09-10 00:00:00,15.6,9.9,20.1,0,,,8.5,24.1,1018.4,
2019-09-11 00:00:00,17.5,13.5,21.3,0,,,22.2,50,1020.1,
2019-09-12 00:00:00,18.4,12,24.9,0,,,18.4,38.9,1026.7,
2019-09-13 00:00:00,17.6,13.5,22.5,0,,,11.3,25.9,1033.6,
2019-09-14 00:00:00,16.6,9.6,23.5,0,,,6,18.5,1032.4,
2019-09-15 00:00:00,18.4,9.8,26.3,0,,,8.1,24.1,1024.5,
2019-09-16 00:00:00,17.1,15.4,20,0,,,9.7,18.5,1022.1,
2019-09-17 00:00:00,14.9,9.6,19.8,0.8,,,10,25.9,1025.2,
2019-09-18 00:00:00,13.9,7.8,19.7,0,,,7.6,20.4,1029.5,
2019-09-19 00:00:00,14.8,7.9,21.8,0,,,6.6,20.4,1030.9,
2019-09-20 00:00:00,15.4,9.3,22,0,,,14.3,37,1025.5,
2019-09-21 00:00:00,18.2,11.8,26.3,0,,,14.8,37,1012.7,
2019-09-22 00:00:00,17.4,15.2,21.8,0,,,11.9,33.3,1004.3,
2019-09-23 00:00:00,15.9,13.7,19,1.8,,,17.2,35.2,1009.7,
2019-09-24 00:00:00,16.8,14.9,19.9,8.4,,,18.3,40.8,1002,
2019-09-25 00:00:00,17.1,14.6,22.2,23.1,,,19.5,37,1000.4,
2019-09-26 00:00:00,16.7,14.1,20,1.8,,,18.2,46,1002.8,
2019-09-27 00:00:00,15.2,13.2,19,2.5,,,23.2,59,1004,
2019-09-28 00:00:00,15.3,12,19,1.3,,,22.6,54,1008.2,
2019-09-29 00:00:00,16,13.5,19.8,4.6,,,23.9,57,997.8,
2019-09-30 00:00:00,14.1,9.7,17.4,4.3,,,12.8,29.6,1008.9,
2019-10-01 00:00:00,15.7,11.4,21.1,7.1,,,8.2,33.3,999.9,
2019-10-02 00:00:00,10.4,6.7,14.4,9.4,,,5.7,29.6,1017.1,
2019-10-03 00:00:00,9.4,4.3,14.4,0,,,10.7,33.3,1017.2,
2019-10-04 00:00:00,13.4,10.8,15.3,1.8,,,16.8,37,1005.3,
2019-10-05 00:00:00,13.5,11.4,15.9,0.5,,,8.3,22.2,1013.8,
2019-10-06 00:00:00,14.4,11.6,16.6,15.7,,,17,50,1011,
2019-10-07 00:00:00,13.2,10.4,15.2,1.3,,,12,33.3,1014.4,
2019-10-08 00:00:00,13.7,11.4,17.5,1.8,,,21.4,50,1007.1,
2019-10-09 00:00:00,12.3,9.9,15.2,3.3,,,22.2,54,1005.3,
2019-10-10 00:00:00,13.4,8.3,17.3,0.3,,,22.3,48,1010.9,
2019-10-11 00:00:00,15.4,12.7,16.9,3,,,23.7,55,1006.7,
2019-10-12 00:00:00,11.6,10.6,12.7,7.1,,,11.1,27.8,1008,
2019-10-13 00:00:00,13.7,11,17.2,12.7,,,17.2,52,1004.4,
2019-10-14 00:00:00,12.8,10.3,15.7,2,,,12.1,29.6,1006,
2019-10-15 00:00:00,12.8,10.8,16.9,5.6,,,12.5,31.5,1003.9,
2019-10-16 00:00:00,12.9,10.1,15.4,0.3,,,15.6,35.2,1003.1,
2019-10-17 00:00:00,11.5,8.2,15.4,0.5,,,12.5,33.3,1005.5,
2019-10-18 00:00:00,11.8,9.6,14.4,10.2,,,20.4,57,999.7,
2019-10-19 00:00:00,11.3,9.3,14.4,2.3,,,15.8,35.2,1000.7,
2019-10-20 00:00:00,9.1,4.7,12.1,0.5,,,7.8,25.9,1010.1,
2019-10-21 00:00:00,11.6,10.6,13.1,0.3,,,12.7,27.8,1018.2,
2019-10-22 00:00:00,10.2,6.8,15.8,0.5,,,6.7,20.4,1023.3,
2019-10-23 00:00:00,10.1,4.2,14.5,0,,,6,20.4,1014.2,
2019-10-24 00:00:00,11.8,10.7,12.8,0.3,,,9.4,27.8,1005.3,
2019-10-25 00:00:00,13.4,9.5,16.5,5.6,,,22.4,70,1011.4,
2019-10-26 00:00:00,13.7,7.2,16.8,0.5,,,27.8,65,1008.1,
2019-10-27 00:00:00,7.6,4.4,11.8,4.3,,,8.3,22.2,1023.1,
2019-10-28 00:00:00,6.4,1.2,10.7,0,,,7.2,24.1,1024.9,
2019-10-29 00:00:00,8.8,6.6,11.4,0,,,13,29.6,1025.1,
2019-10-30 00:00:00,9.2,7.4,12.2,0,,,15.1,46,1024,
2019-10-31 00:00:00,8.3,6.6,11.7,0,,,13.7,31.5,1018.8,
2019-11-01 00:00:00,13.1,7.4,15.9,2.3,,,14.2,35.2,999.2,
2019-11-02 00:00:00,11.9,10.1,14.6,2.3,,,27.6,76,980.8,
2019-11-03 00:00:00,9.1,6.4,11.7,4.3,,,11,33.3,981.7,
2019-11-04 00:00:00,8.9,6.9,12.2,1.8,,,7.9,22.2,984.1,
2019-11-05 00:00:00,9.6,6.1,12.3,0.3,,,10.4,25.9,997,
2019-11-06 00:00:00,7,3.6,9.2,1.3,,,9.1,22.2,1003.6,
2019-11-07 00:00:00,7.6,3.9,10.5,9.1,,,16.9,54,993.2,
2019-11-08 00:00:00,4.8,-0.3,8.6,0,,,6.6,22.2,1006.2,
2019-11-09 00:00:00,4.7,0.7,7.4,0.3,,,10.9,29.6,1006,
2019-11-10 00:00:00,7.5,4.9,11,12.2,,,10.2,25.9,1010.6,
2019-11-11 00:00:00,7.2,4.8,10,2.5,,,12.2,48.2,1002.4,
2019-11-12 00:00:00,6.4,3.4,8.5,0,,,10.1,54,999,
2019-11-13 00:00:00,6.1,2.7,9.5,1.8,,,13.9,33.3,998.3,
2019-11-14 00:00:00,5.9,3.8,9.4,17.3,,,10.4,25.9,994.9,
2019-11-15 00:00:00,6.2,4,8.8,0,,,14.2,38.9,1003,
2019-11-16 00:00:00,6.2,4.9,7.8,1.8,,,7.6,27.8,1006.1,
2019-11-17 00:00:00,5.4,1.8,8.6,0,,,3.5,20.4,1011.2,
2019-11-18 00:00:00,6.4,1.4,8.7,0,,,9.4,25.9,1015.9,
2019-11-19 00:00:00,2.4,-2.1,7,0,,,6.3,22.2,1016.8,
2019-11-20 00:00:00,4.8,2.7,7.5,0,,,15.6,35.2,1012.1,
2019-11-21 00:00:00,4.6,2,6.3,0,,,15.2,31.5,1003.3,
2019-11-22 00:00:00,7.8,5.1,9.8,4.1,,,16.2,35.2,995.3,
2019-11-23 00:00:00,9.4,7.9,10.7,1.3,,,11.8,33.3,993.7,
2019-11-24 00:00:00,9.4,5.9,11.3,3.3,,,9.6,27.8,1003,
2019-11-25 00:00:00,10.4,8.9,11.7,0.3,,,14.3,29.6,1002.1,
2019-11-26 00:00:00,11.3,9.5,13.4,1.8,,,14.8,38.9,994.8,
2019-11-27 00:00:00,10.2,9,11.8,4.8,,,12.6,31.5,984,
2019-11-28 00:00:00,8.8,6.9,10.1,3.6,,,14.7,31.5,995.6,
2019-11-29 00:00:00,4.9,1.7,7.8,2,,,6.4,18.5,1015.5,
2019-11-30 00:00:00,3.5,-0.1,6.9,0,,,8.7,29.6,1021.5,
2019-12-01 00:00:00,3.9,1.6,7.2,0.3,,,11.1,27.8,1023.6,
2019-12-02 00:00:00,2.8,-0.4,7.4,0,,,7.2,18.5,1031.1,
2019-12-03 00:00:00,5,1.3,9.6,0.3,,,8.8,20.4,1027.7,
2019-12-04 00:00:00,3.8,0.3,9,0,,,3.8,16.7,1021.1,
2019-12-05 00:00:00,4.6,-1.3,10,0,,,14,46,1018.8,
2019-12-06 00:00:00,11.1,7.9,13.5,1.5,,,25.7,63,1006.4,
2019-12-07 00:00:00,9.6,6.8,11,2.8,,,19.1,52,1012.2,
2019-12-08 00:00:00,9.4,6.7,11.5,2,,,33.5,78,999.5,
2019-12-09 00:00:00,7.6,2.8,9.5,0,,,21.3,59,1009.3,
2019-12-10 00:00:00,6.9,-0.2,11.2,0,,,22.5,63,1014.3,
2019-12-11 00:00:00,5.4,2.6,8,3.6,,,15.9,33.3,1005,
2019-12-12 00:00:00,5.4,0.6,9.2,0,,,17.8,37,989.2,
2019-12-13 00:00:00,7.1,5.6,8.5,11.2,,,24.4,57,979.2,
2019-12-14 00:00:00,6.4,3.9,8.6,2,,,24.7,85,989.5,
2019-12-15 00:00:00,7.4,4.3,10,10.9,,,25.9,55,995.1,
2019-12-16 00:00:00,7.2,4.3,8.9,8.4,,,11.2,38.9,999.8,
2019-12-17 00:00:00,6.7,5.1,7.7,3,,,7.9,24.1,1000.5,
2019-12-18 00:00:00,6.5,0.8,10.4,2.8,,,15.7,46,1007.6,
2019-12-19 00:00:00,11.7,8.5,13,8.9,,,22.7,72,996.2,
2019-12-20 00:00:00,8.2,5.4,10,10.9,,,15,35.2,981.1,
2019-12-21 00:00:00,8.2,4.2,10.4,8.4,,,17.1,33.3,979,
2019-12-22 00:00:00,8.1,5.8,9,8.6,,,17,35.2,984.8,
2019-12-23 00:00:00,8.3,5.2,10.8,0.3,,,17.8,48,1007.1,
2019-12-24 00:00:00,9.4,7.3,11.6,1.3,,,20.4,52,1008.5,
2019-12-25 00:00:00,5.3,2,8.8,0.3,,,8.9,31.5,1023.2,
2019-12-26 00:00:00,7,1.9,9.9,0.3,,,20.5,57,1016.5,
2019-12-27 00:00:00,7.3,6.7,8.5,2.5,,,7.8,22.2,1028.8,
2019-12-28 00:00:00,8,6.8,9.4,0,,,10.5,22.2,1036.3,
2019-12-29 00:00:00,7.3,5.5,9.5,0,,,13.2,27.8,1033.6,
2019-12-30 00:00:00,6.5,1.5,11.2,0,,,10.4,27.8,1029.7,
2019-12-31 00:00:00,7.3,4.9,9.3,0,,,10.5,25.9,1031.6,
2020-01-01 00:00:00,5.3,1.7,6.8,0,,,7,20.4,1029.3,
2020-01-02 00:00:00,8.7,6.2,10.8,0,,,18.4,48,1020.4,
2020-01-03 00:00:00,8.6,4.8,10.7,1.5,,,17.8,38.9,1021.4,
2020-01-04 00:00:00,6.4,2.2,8.8,0.5,,,14.8,31.5,1034.2,
2020-01-05 00:00:00,7.8,6.5,9,0,,,16.1,29.6,1033.2,
2020-01-06 00:00:00,7.7,6.7,8.7,0,,,19.1,38.9,1022.2,
2020-01-07 00:00:00,9.3,4.1,12.8,0.8,,,19.4,48,1021.8,
2020-01-08 00:00:00,11.4,9.6,12.3,0.3,,,16.5,37,1020.6,
2020-01-09 00:00:00,11.1,6.4,13.1,1,,,23.5,59,1006.8,
2020-01-10 00:00:00,6.3,5.1,8.5,4.3,,,13.6,27.8,1023.1,
2020-01-11 00:00:00,9.3,4.9,10.8,0,,,27.7,65,1024.2,
2020-01-12 00:00:00,9.4,6,11.2,0.5,,,25.3,55,1018.2,
2020-01-13 00:00:00,8.2,4.5,11.2,0.3,,,23.1,68,1008,
2020-01-14 00:00:00,10.2,7.5,13.3,6.1,,,30.3,76,996,
2020-01-15 00:00:00,8.4,6.5,12.6,9.9,,,22,78,1006.7,
2020-01-16 00:00:00,9.2,5.2,12.3,3,,,20.1,52,1014.4,
2020-01-17 00:00:00,7.6,2.5,10.6,4.6,,,19.9,67,1012.5,
2020-01-18 00:00:00,3.9,0.9,7.8,1,,,9.2,24.1,1027.9,
2020-01-19 00:00:00,3.2,-0.7,7.5,0,,,4.1,16.7,1044.3,
2020-01-20 00:00:00,3.1,-0.3,8.2,0.3,,,5.3,14.8,1047.7,
2020-01-21 00:00:00,2.3,-2.1,7.9,0,,,6.1,14.8,1041.9,
2020-01-22 00:00:00,5.6,0.6,8.1,0,,,4.4,22.2,1037.6,
2020-01-23 00:00:00,7.4,6.7,8,0.3,,,6.2,20.4,1031.5,
2020-01-24 00:00:00,6.4,5.9,6.9,0,,,5.9,14.8,1023.3,
2020-01-25 00:00:00,6.1,5.6,6.7,0,,,11,24.1,1018.5,
2020-01-26 00:00:00,8.3,5.7,10.5,0.3,,,16.5,37,1009.6,
2020-01-27 00:00:00,7.4,5.5,9.6,2.8,,,15.4,29.6,999.8,
2020-01-28 00:00:00,4.7,2.3,7.4,8.9,,,25.1,54,996,
2020-01-29 00:00:00,6.1,2.3,9.4,0,,,21.4,40.8,1009,
2020-01-30 00:00:00,10.1,6.9,13,0,,,19,48,1004.4,
2020-01-31 00:00:00,10.7,8.6,12.4,0.3,,,24.5,54,1006.1,
2020-02-01 00:00:00,10.1,7.2,12.4,1.5,,,27.3,67,1004.9,
2020-02-02 00:00:00,10.4,6.3,13.3,7.9,,,22.5,57,1007.5,
2020-02-03 00:00:00,9.2,5.6,11.7,0.5,,,24.7,54,1012.6,
2020-02-04 00:00:00,6.9,3.9,9.3,0.3,,,20.1,48,1022.5,
2020-02-05 00:00:00,4.9,1.9,9.3,0,,,2.5,16.7,1036.6,
2020-02-06 00:00:00,3.6,-0.3,8.8,0,,,2.8,18.5,1031.6,
2020-02-07 00:00:00,5.5,0.7,9.6,0,,,14,35.2,1019.4,
2020-02-08 00:00:00,9.1,7.7,10.7,1.5,,,19.4,48,1014.6,
2020-02-09 00:00:00,10.5,7.5,13.2,0,,,46.8,94,994.4,
2020-02-10 00:00:00,7,3.6,9.6,12.7,,,39.2,96,997.4,
2020-02-11 00:00:00,5.4,3.4,8.4,3.6,,,32.9,74,1007.9,
2020-02-12 00:00:00,5.4,2.2,9,0,,,23.3,59,1014.2,
2020-02-13 00:00:00,7.3,5.6,9.8,10.4,,,20.4,50,998.8,
2020-02-14 00:00:00,7.4,1.8,11.8,1.5,,,17.9,48,1016.5,
2020-02-15 00:00:00,11.6,9.8,12.8,3.3,,,33,80,1006.3,
2020-02-16 00:00:00,10,5.9,13.1,8.1,,,35.7,83,996,
2020-02-17 00:00:00,7.9,5.2,11.4,12.7,,,32.1,68,1009.6,
2020-02-18 00:00:00,6.9,4.3,11.4,0.3,,,19.9,68,1018.1,
2020-02-19 00:00:00,6.4,2.6,9.2,2.3,,,18,38.9,1018.8,
2020-02-20 00:00:00,7.8,4.1,10.1,1.3,,,27.5,68,1011.9,
2020-02-21 00:00:00,7.8,3.7,10.7,4.8,,,30,65,1022.4,
2020-02-22 00:00:00,11,9.2,14.3,0,,,35.3,68,1018.3,
2020-02-23 00:00:00,11,7.9,14.1,0.5,,,27.1,74,1017,
2020-02-24 00:00:00,9.5,5.7,12.2,3.3,,,26,63,1010.5,
2020-02-25 00:00:00,5.9,2.8,8.4,2.3,,,24.8,55,1000.4,
2020-02-26 00:00:00,4.6,1,8.8,1,,,20.3,48,1003.9,
2020-02-27 00:00:00,4.5,1.9,8.1,3.8,,,15.9,54,1003.8,
2020-02-28 00:00:00,6.4,0,11.7,5.1,,,22,54,1005.6,
2020-02-29 00:00:00,7.5,4.2,11.2,5.6,,,32,70,986.4,
2020-03-01 00:00:00,6.6,4.4,10.1,7.1,,,27.8,55,988.8,
2020-03-02 00:00:00,5.7,3.6,10.1,5.1,,,14.1,50,990.4,
2020-03-03 00:00:00,5.1,1.4,10.1,0.3,,,14.8,37,1002.5,
2020-03-04 00:00:00,4.7,-0.1,8,0.8,,,9.2,24.1,1007.4,
2020-03-05 00:00:00,5.7,5,6.1,5.6,,,16.4,38.9,995.1,
2020-03-06 00:00:00,5.7,2.4,9.8,10.2,,,9.8,25.9,1005.3,
2020-03-07 00:00:00,7.8,1.8,12.7,0,,,18.8,57,1015,
2020-03-08 00:00:00,9.9,6.1,13.2,0.5,,,27.6,61,1006,
2020-03-09 00:00:00,7.7,4.5,10.7,2.3,,,21.8,46,1011.1,
2020-03-10 00:00:00,12.7,6.3,15,7.6,,,30.6,63,1005,
2020-03-11 00:00:00,11.1,7.9,15.4,0,,,24.2,67,1008.9,
2020-03-12 00:00:00,7.6,4.4,10.9,1.8,,,33,74,1010.1,
2020-03-13 00:00:00,8.3,5.4,12.8,1.5,,,19.5,50,1017.4,
2020-03-14 00:00:00,9.4,6.5,12.7,2.8,,,19.8,37,1013.6,
2020-03-15 00:00:00,9.4,6.7,11.8,0.8,,,19.5,48,1008.6,
2020-03-16 00:00:00,7.6,3.5,12.6,2.3,,,10.3,29.6,1021.1,
2020-03-17 00:00:00,9.1,4.4,13.1,0,,,19.2,40.8,1027.2,
2020-03-18 00:00:00,11.6,8.7,15,0,,,19.2,37,1024.7,
2020-03-19 00:00:00,7.2,6,8.1,0.8,,,13.5,27.8,1026.2,
2020-03-20 00:00:00,7.2,5.2,10.1,0.8,,,19.7,50,1028.5,
2020-03-21 00:00:00,6.4,3.8,10.3,0,,,21,63,1026.4,
2020-03-22 00:00:00,6.8,3.3,10.9,0,,,14.4,40.8,1026.5,
2020-03-23 00:00:00,6.6,2.5,13.7,0,,,14.1,33.3,1026.6,
2020-03-24 00:00:00,8.1,0.4,15.1,0,,,10.5,31.5,1025.7,
2020-03-25 00:00:00,7.1,0.3,13.8,0,,,7.4,27.8,1024.5,
2020-03-26 00:00:00,6.7,1.1,13.8,0,,,11.8,31.5,1023.3,
2020-03-27 00:00:00,7.3,1.4,13.9,0,,,14.5,35.2,1023.9,
2020-03-28 00:00:00,7.1,4.5,11.8,0,,,17.6,57,1029,
2020-03-29 00:00:00,4.9,2.5,8.1,0,,,20.2,61,1037.6,
2020-03-30 00:00:00,5.7,2,10.2,0,,,13,33.3,1034.9,
2020-03-31 00:00:00,5.9,2.6,10.1,0,,,13.6,31.5,1031.5,
2020-04-01 00:00:00,5.2,-0.9,9.2,0,,,6.2,18.5,1024.4,
2020-04-02 00:00:00,9,5.4,13.3,0,,,15.3,33.3,1016.3,
2020-04-03 00:00:00,9.6,7.2,13.8,0,,,8.5,22.2,1017.6,
2020-04-04 00:00:00,9.4,3.3,16.1,0,,,10.8,35.2,1020.1,
2020-04-05 00:00:00,14,6.6,21.2,0,,,19.4,48,1014,
2020-04-06 00:00:00,12.9,10.5,17.3,0.5,,,14.2,33.3,1016.7,
2020-04-07 00:00:00,12.4,4.5,19.3,0.3,,,7.6,25.9,1028.4,
2020-04-08 00:00:00,14.7,9.8,21.9,0,,,8.4,20.4,1024.7,
2020-04-09 00:00:00,15,8.5,22.8,0,,,11.7,33.3,1024.6,
2020-04-10 00:00:00,15,8.8,24.2,0,,,11.5,29.6,1024.6,
2020-04-11 00:00:00,16.4,9,24.7,0,,,8.1,22.2,1022.1,
2020-04-12 00:00:00,16.8,9.5,24,0,,,8.2,27.8,1014.7,
2020-04-13 00:00:00,9,5.3,12.3,0,,,21.5,54,1024.8,
2020-04-14 00:00:00,7.9,3.3,13.1,0,,,10.9,25.9,1028.6,
2020-04-15 00:00:00,10.3,2.5,18.6,0,,,8.1,25.9,1022.7,
2020-04-16 00:00:00,12.3,4.6,19.4,0,,,9,24.1,1016.2,
2020-04-17 00:00:00,10.7,8.5,14.5,0,,,16.8,46,1016.7,
2020-04-18 00:00:00,9.9,6.4,15.7,16,,,9.2,27.8,1017.7,
2020-04-19 00:00:00,11.7,6.2,18.1,1,,,12.5,35.2,1020,
2020-04-20 00:00:00,12,5.6,18.5,0,,,19.3,54,1017.5,
2020-04-21 00:00:00,13.3,8.2,18.8,0,,,17.3,46,1016.6,
2020-04-22 00:00:00,14.1,7.1,21.1,0,,,13.1,35.2,1019.3,
2020-04-23 00:00:00,14.8,6.6,23.4,0,,,8.1,24.1,1019.4,
2020-04-24 00:00:00,14.2,7.8,21.4,0,,,7.8,22.2,1016,
2020-04-25 00:00:00,10.9,6.8,16.4,0,,,11.9,24.1,1015.2,
2020-04-26 00:00:00,12.8,4.4,20.5,0,,,6.9,24.1,1012.2,
2020-04-27 00:00:00,12.8,7,18.6,0,,,8,24.1,1007.6,
2020-04-28 00:00:00,8.4,7.4,11,3.3,,,13.8,29.6,1004.7,
2020-04-29 00:00:00,10.3,7.2,14.1,11.4,,,13.6,35.2,1001.8,
2020-04-30 00:00:00,9.3,6.5,12.6,1.8,,,19,61,995.1,
2020-05-01 00:00:00,10.6,7.4,14.4,4.3,,,19,55,999.2,
2020-05-02 00:00:00,11.8,5.7,16.7,0.3,,,13.3,29.6,1010.3,
2020-05-03 00:00:00,11.9,8.6,15.1,0,,,7.8,16.7,1015.8,
2020-05-04 00:00:00,12.7,9.3,17.2,0.3,,,12.3,35.2,1019.2,
2020-05-05 00:00:00,10.9,8,14.8,0,,,20.4,46,1021.1,
2020-05-06 00:00:00,11.6,5,17.7,0,,,12,29.6,1025.2,
2020-05-07 00:00:00,14.9,5.9,22.4,0,,,9.5,27.8,1022.8,
2020-05-08 00:00:00,17.6,10,23.7,0,,,5,20.4,1017.9,
2020-05-09 00:00:00,17.8,10.5,24.5,0,,,11.1,29.6,1012.6,
2020-05-10 00:00:00,12.3,7.2,18,0,,,18.7,63,1010.6,
2020-05-11 00:00:00,8.3,4.7,12.1,0,,,23.5,63,1019.6,
2020-05-12 00:00:00,9.4,2.5,15.3,0,,,6.3,18.5,1021,
2020-05-13 00:00:00,9.3,6.3,12.3,0,,,14.6,38.9,1017.5,
2020-05-14 00:00:00,8.7,3,14.1,0,,,12.7,29.6,1022.7,
2020-05-15 00:00:00,11.6,3.5,18.3,0,,,6.1,22.2,1024,
2020-05-16 00:00:00,13.1,7.6,18.2,0,,,7.8,24.1,1024.4,
2020-05-17 00:00:00,14.3,7.7,20.2,0,,,12.5,29.6,1023.9,
2020-05-18 00:00:00,16.7,10.2,23.9,0,,,16.8,38.9,1023.6,
2020-05-19 00:00:00,18.4,11.6,26,0,,,13,27.8,1023.2,
2020-05-20 00:00:00,20.1,13.4,27.2,0,,,10.2,33.3,1021.3,
2020-05-21 00:00:00,20.1,13.3,27.3,0,,,8.9,27.8,1018.9,
2020-05-22 00:00:00,18.4,14.3,23.2,0,,,24.6,54,1015.1,
2020-05-23 00:00:00,14.6,11.3,19.9,0,,,31.7,68,1022.2,
2020-05-24 00:00:00,16.6,10.6,21.2,1.5,,,17.8,38.9,1030.1,
2020-05-25 00:00:00,18.3,10.6,25.8,0,,,7.9,25.9,1034.3,
2020-05-26 00:00:00,19.6,12,25.9,0,,,6.4,22.2,1035.3,
2020-05-27 00:00:00,19.8,13.7,26.3,0,,,8.6,25.9,1035.1,
2020-05-28 00:00:00,16.6,11.6,22.1,0,,,15.7,37,1033.9,
2020-05-29 00:00:00,17.4,11,24.3,0,,,13.8,33.3,1027.8,
2020-05-30 00:00:00,17.7,9.9,25.2,0,,,13.6,37,1023.2,
2020-05-31 00:00:00,18.6,12.5,24.7,0,,,17.9,48,1022.4,
2020-06-01 00:00:00,19.1,11.3,25.9,0,,,12.1,29.6,1022.4,
2020-06-02 00:00:00,19.1,12.5,24.7,0,,,7.4,20.4,1019,
2020-06-03 00:00:00,15.6,13.5,19.1,0,,,10.2,27.8,1008.8,
2020-06-04 00:00:00,12.6,10.5,16.1,0.5,,,13.3,25.9,1003.7,
2020-06-05 00:00:00,13,11,16.4,0,,,20,54,997.1,
2020-06-06 00:00:00,10.4,7.3,13.3,1.5,,,23.3,55,999.2,
2020-06-07 00:00:00,12.6,8.2,18.2,9.9,,,10.9,22.2,1008.9,
2020-06-08 00:00:00,13.4,10.4,16,2,,,10.3,24.1,1018.6,
2020-06-09 00:00:00,15.1,10.6,19.6,0,,,8,22.2,1020.1,
2020-06-10 00:00:00,13.1,11.2,15.6,0,,,12.5,27.8,1015.4,
2020-06-11 00:00:00,14.6,10.9,21.4,5.1,,,15.2,50,1011.5,
2020-06-12 00:00:00,16.6,13.7,21.1,0.8,,,16.9,48,1005.6,
2020-06-13 00:00:00,18,12.3,24.2,2.3,,,14.5,50,1008.1,
2020-06-14 00:00:00,18.1,12.9,22.5,1.5,,,11.3,29.6,1013.8,
2020-06-15 00:00:00,17.2,12.2,25,0,,,8,25.9,1016.1,
2020-06-16 00:00:00,18.1,13.5,22.8,1,,,8.5,22.2,1014.2,
2020-06-17 00:00:00,17.6,12.8,22,0.3,,,5.5,20.4,1012.4,
2020-06-18 00:00:00,15.6,13.8,18,11.2,,,11.6,31.5,1010.3,
2020-06-19 00:00:00,15.8,13.4,19.6,9.9,,,19.3,38.9,1014,
2020-06-20 00:00:00,16.9,11.8,22.2,0.5,,,14.6,35.2,1019.3,
2020-06-21 00:00:00,17.2,14.1,23.2,0.5,,,19.4,38.9,1016.8,
2020-06-22 00:00:00,17.3,10.5,23.6,0.5,,,14.9,35.2,1024.6,
2020-06-23 00:00:00,21.1,11.8,28,0,,,10.2,29.6,1023.5,
2020-06-24 00:00:00,24.4,16.7,32.5,0,,,14,35.2,1020,
2020-06-25 00:00:00,25.7,18.3,32.5,0,,,12.2,33.3,1015.3,
2020-06-26 00:00:00,23.3,16.4,30.7,0,,,14.9,38.9,1009,
2020-06-27 00:00:00,17.2,15.4,21.4,3.3,,,23.9,55,1005.2,
2020-06-28 00:00:00,16.1,12.4,22,0.8,,,26.2,61,1009.3,
2020-06-29 00:00:00,15.4,12.3,21.7,1.8,,,28.1,57,1009.9,
2020-06-30 00:00:00,16.2,12.8,18.7,0,,,18.8,35.2,1007.4,
2020-07-01 00:00:00,17.2,14.4,20.8,0.5,,,19.1,46,1005.6,
2020-07-02 00:00:00,16.2,11.9,21.7,2,,,16.2,33.3,1011.1,
2020-07-03 00:00:00,16.4,12.2,22.5,2.3,,,23.8,54,1015.8,
2020-07-04 00:00:00,17.9,14.5,21.4,3,,,21.9,48,1011.1,
2020-07-05 00:00:00,17.9,14.1,23,0,,,34.5,63,1010.8,
2020-07-06 00:00:00,15.8,11.5,19.3,0,,,18.9,52,1019,
2020-07-07 00:00:00,15.6,11.4,21.1,0,,,10.3,35.2,1020.3,
2020-07-08 00:00:00,16.7,13.2,19.4,7.9,,,13.5,27.8,1014.8,
2020-07-09 00:00:00,17.4,15.2,20.1,2.5,,,14.7,33.3,1011.8,
2020-07-10 00:00:00,15.4,12.4,18.5,2.8,,,13.8,31.5,1017.5,
2020-07-11 00:00:00,15.5,8.9,20.9,0,,,10.8,27.8,1026.3,
2020-07-12 00:00:00,17.9,10.2,24.5,0,,,7.2,25.9,1027.8,
2020-07-13 00:00:00,18.9,12.9,26.2,0,,,12.2,33.3,1023.2,
2020-07-14 00:00:00,17.8,15.3,21.4,1.3,,,8.8,22.2,1016.5,
2020-07-15 00:00:00,16.3,13.5,19.4,0,,,11.1,27.8,1016.1,
2020-07-16 00:00:00,19.3,16,23.7,0,,,11.5,24.1,1019.7,
2020-07-17 00:00:00,21.7,17.2,28.1,0,,,12.3,31.5,1020.6,
2020-07-18 00:00:00,19.5,15.2,25.1,0,,,15.7,35.2,1018.4,
2020-07-19 00:00:00,17.3,14.2,20.8,0.3,,,9.8,22.2,1017.8,
2020-07-20 00:00:00,16.8,10.5,22.1,0.5,,,7.1,24.1,1022.9,
2020-07-21 00:00:00,17.1,10.5,22.1,0,,,7.3,20.4,1025.9,
2020-07-22 00:00:00,19.7,14,26.1,0,,,12,31.5,1023.5,
2020-07-23 00:00:00,19.4,13.3,25.7,0,,,16,35.2,1016.4,
2020-07-24 00:00:00,20,16.1,25.3,0,,,16.5,33.3,1012.4,
2020-07-25 00:00:00,18.2,15.2,22.3,0,,,18,46,1007.8,
2020-07-26 00:00:00,17,12.5,22.1,7.6,,,16.4,48,1010.4,
2020-07-27 00:00:00,17.4,15.6,20.9,2.5,,,20.8,50,1007.8,
2020-07-28 00:00:00,16.4,12.4,20.5,2.3,,,14.1,37,1013.9,
2020-07-29 00:00:00,17.2,9.5,23.5,0,,,10.3,25.9,1020,
2020-07-30 00:00:00,21.7,12.9,29.1,0,,,9.3,27.8,1018.1,
2020-07-31 00:00:00,25.8,16.5,36.9,0,,,14.3,55,1011.7,
2020-08-01 00:00:00,20.8,15.8,27,0,,,18.7,35.2,1014.9,
2020-08-02 00:00:00,18.2,11.6,25.4,0,,,16.7,37,1016.4,
2020-08-03 00:00:00,18.2,13.8,22.5,0,,,10.4,25.9,1015.8,
2020-08-04 00:00:00,17.6,11,24,0,,,13,37,1016.1,
2020-08-05 00:00:00,20.3,15.6,26,0,,,22.5,48.2,1013,
2020-08-06 00:00:00,23.1,18.3,28.9,0,,,12.1,29.6,1016.7,
2020-08-07 00:00:00,25.8,16,36.3,0,,,5.5,29.6,1017.8,
2020-08-08 00:00:00,25.3,20.7,32.8,0,,,9.5,29.6,1018.8,
2020-08-09 00:00:00,24.3,17.4,33,0,,,10.2,29.6,1017.8,
2020-08-10 00:00:00,26.6,18.7,35.5,0,,,11.8,29.6,1013.9,
2020-08-11 00:00:00,28.2,21.8,35.3,0,,,6.4,25.9,1014,
2020-08-12 00:00:00,26.9,21.7,35.3,0,,,7.7,48,1013,
2020-08-13 00:00:00,22.5,19.2,27.8,0.5,,,10.1,24.1,1012.3,
2020-08-14 00:00:00,18.4,17.3,19.5,2.8,,,7.5,20.4,1013.8,
2020-08-15 00:00:00,18.2,16.6,19.4,0.8,,,6.3,20.4,1014.6,
2020-08-16 00:00:00,20.4,18.2,24.6,0,,,6.8,25.9,1010.8,
2020-08-17 00:00:00,18.5,15,24.2,0.8,,,10.1,31.5,1007.9,
2020-08-18 00:00:00,19.7,16.3,24.8,3.3,,,15.1,50,1008.9,
2020-08-19 00:00:00,18.3,14.8,20.3,3.3,,,13.8,37,1003.7,
2020-08-20 00:00:00,20.4,16,25.1,13.2,,,17.2,52,1002.6,
2020-08-21 00:00:00,20.1,17.5,23.9,0,,,33.2,78,1003.2,
2020-08-22 00:00:00,18.8,16.5,24.4,0,,,27.8,61,1011.6,
2020-08-23 00:00:00,17.7,14.9,23.6,0.3,,,22.4,46,1016.2,
2020-08-24 00:00:00,17,13.7,23.6,0,,,13.5,29.6,1015.4,
2020-08-25 00:00:00,17.8,15.6,22.4,11.4,,,30.2,80,1002,
2020-08-26 00:00:00,17.8,15.4,21.5,3,,,26.6,78,1011.5,
2020-08-27 00:00:00,15.2,12.9,18,0,,,12,27.8,1011.2,
2020-08-28 00:00:00,14.6,11.5,18.8,11.7,,,11.3,46,1001.1,
2020-08-29 00:00:00,13.1,11.2,15.6,6.9,,,17.3,37,1008.4,
2020-08-30 00:00:00,13.9,11.6,17.3,0.5,,,14.1,29.6,1017.3,
2020-08-31 00:00:00,13.2,8.6,17.9,0,,,4.6,14.8,1021.9,
2020-09-01 00:00:00,14,6.6,20.2,0,,,4.5,16.7,1020.8,
2020-09-02 00:00:00,14.6,9.3,20,0,,,10,31.5,1019.1,
2020-09-03 00:00:00,18.3,16,22.2,1,,,21.2,46,1015.8,
2020-09-04 00:00:00,15.8,12.5,20.1,1.5,,,16.2,31.5,1020.8,
2020-09-05 00:00:00,14.1,9.5,19.5,0.5,,,11.2,29.6,1021.1,
2020-09-06 00:00:00,14.8,10.3,20.5,0,,,8.3,22.2,1020.9,
2020-09-07 00:00:00,15.7,9.9,21,0,,,13.3,37,1023.1,
2020-09-08 00:00:00,19.5,16.2,24.6,0,,,14.1,27.8,1024.2,
2020-09-09 00:00:00,17.5,14.7,22,0,,,10.4,27.8,1023.2,
2020-09-10 00:00:00,14.8,9.4,20.3,0,,,5.5,18.5,1023.4,
2020-09-11 00:00:00,14.4,8.7,19.7,0,,,10.4,33.3,1017.4,
2020-09-12 00:00:00,16.9,12.3,22.1,0.3,,,16.4,31.5,1019.2,
2020-09-13 00:00:00,18.3,12.8,25.1,0,,,13.5,29.6,1023.3,
2020-09-14 00:00:00,19.9,11.3,29,0,,,7.3,24.1,1021.6,
2020-09-15 00:00:00,21.9,15.1,28.5,0,,,7.1,22.2,1017.9,
2020-09-16 00:00:00,21.1,17.1,26.1,0,,,11.7,29.6,1023.3,
2020-09-17 00:00:00,16.6,12.8,22.2,0,,,17.1,33.3,1028.2,
2020-09-18 00:00:00,15.9,9.7,21.3,0,,,15.4,50,1022.9,
2020-09-19 00:00:00,18.3,12.6,25.1,0,,,15.9,38.9,1017.5,
2020-09-20 00:00:00,18.6,13.7,24.7,0,,,12.7,29.6,1018.5,
2020-09-21 00:00:00,17.8,13.8,24.5,0,,,6.3,18.5,1017.6,
2020-09-22 00:00:00,18,12.2,24.7,0,,,10.6,38.9,1010,
2020-09-23 00:00:00,15.5,10.5,18.3,1,,,18.2,46,1000.5,
2020-09-24 00:00:00,10.7,8.3,16.2,7.1,,,14,67,996.3,
2020-09-25 00:00:00,10.8,6.4,15,3.3,,,22.1,61,1001.9,
2020-09-26 00:00:00,10.4,6.6,13.6,0.3,,,20,54,1011.3,
2020-09-27 00:00:00,12.3,10.6,14.5,0,,,17.6,50,1012.7,
2020-09-28 00:00:00,13.2,7.9,17.8,0,,,11.2,24.1,1013.6,
2020-09-29 00:00:00,15.8,13.7,18.7,1.8,,,8.3,22.2,1015,
2020-09-30 00:00:00,13.9,10.3,17.3,0.3,,,13.5,40.8,1007.8,
2020-10-01 00:00:00,12.2,10.1,15.9,3.3,,,12.4,33.3,997.6,
2020-10-02 00:00:00,12.2,9.8,13.5,3.6,,,19.5,68,988.2,
2020-10-03 00:00:00,13.5,10.6,15.2,30,,,15.1,35.2,986.2,
2020-10-04 00:00:00,9.8,8.8,11.1,30.5,,,19.5,48,982.4,
2020-10-05 00:00:00,12.8,9.3,17.6,5.1,,,20,48,994.6,
2020-10-06 00:00:00,13.1,10.8,17.3,3.3,,,20,55,998,
2020-10-07 00:00:00,12.4,8.2,16.8,0,,,17.4,46,1012.2,
2020-10-08 00:00:00,14.7,9.9,17.9,3.6,,,18.7,54,1011.7,
2020-10-09 00:00:00,9.6,6.5,14.1,0.5,,,5,33.3,1018.8,
2020-10-10 00:00:00,9.4,4.8,13.4,1.8,,,0,37,1022.5,
2020-10-11 00:00:00,10.7,8.4,14.1,0,,,0,24.1,1025.1,
2020-10-12 00:00:00,9.7,6.2,13,0,,,0,24.1,1019.9,
2020-10-13 00:00:00,9.3,6.2,11.7,3.8,,,3.9,29.6,1010.6,
2020-10-14 00:00:00,10.6,8,14.4,2.3,,,12.8,31.5,1020.2,
2020-10-15 00:00:00,9.6,7.7,12.6,1.8,,,12.2,29.6,1024.5,
2020-10-16 00:00:00,10,7.3,13.1,1,,,7.8,24.1,1024.8,
2020-10-17 00:00:00,10.4,9.2,12.4,0,,,6.2,14.8,1022.8,
2020-10-18 00:00:00,9.7,6.5,12.7,0,,,4.5,14.8,1023.8,
2020-10-19 00:00:00,11.7,7.5,15.9,0,,,14.5,35.2,1015.6,
2020-10-20 00:00:00,14.9,12,18.6,1.5,,,18.3,52,1001.6,
2020-10-21 00:00:00,14.4,13.5,15.7,4.3,,,12.3,46,996.7,
2020-10-22 00:00:00,13.1,11.4,16.7,13.5,,,15.7,37,1007.7,
2020-10-23 00:00:00,12.2,8.7,15.6,0,,,14.5,35.2,1008.4,
2020-10-24 00:00:00,12.3,7.9,16.2,0,,,20.4,67,1002.5,
2020-10-25 00:00:00,9.6,7.3,12.6,20.8,,,13.8,38.9,996.4,
2020-10-26 00:00:00,9.4,6.4,13,0.8,,,14.7,37,997.9,
2020-10-27 00:00:00,9.7,4.9,13.6,0.5,,,15.5,52,998.4,
2020-10-28 00:00:00,9.8,7.9,13.4,1.3,,,19.7,72,1002.5,
2020-10-29 00:00:00,11.9,7.5,14.8,1.8,,,20.4,52,1011.9,
2020-10-30 00:00:00,15.1,14.2,16.1,3.3,,,19.3,46.3,1016.1,
2020-10-31 00:00:00,13.1,10.3,15.1,0.3,,,20.8,61,1011.6,
2020-11-01 00:00:00,14.5,10.2,17.2,7.1,,,22.3,59.3,1003.3,
2020-11-02 00:00:00,13.9,7.4,17.1,0.5,,,29.8,78,1005.1,
2020-11-03 00:00:00,7.9,4,10.5,3.3,,,17.9,48,1018.9,
2020-11-04 00:00:00,5.9,1,11.3,2.3,,,3.8,16.7,1033.5,
2020-11-05 00:00:00,4.8,1.8,10.6,0,,,2.9,13,1038.6,
2020-11-06 00:00:00,6.3,1.5,11.4,0.3,,,9.3,29.6,1029.1,
2020-11-07 00:00:00,9.3,4.3,15,0.3,,,4.6,22.2,1020.2,
2020-11-08 00:00:00,11.9,8.6,14.1,0.3,,,0,16.7,1018.2,
2020-11-09 00:00:00,12.9,9.9,16,2,,,1.8,24.1,1019.3,
2020-11-10 00:00:00,12,8.7,15.4,6.9,,,4.6,20.4,1023.1,
2020-11-11 00:00:00,11.3,6.1,13.2,0,,,16.1,54,1017.3,
2020-11-12 00:00:00,10.7,9.2,13.1,6.6,,,18.7,48,1013.4,
2020-11-13 00:00:00,10.7,9.4,12.6,0,,,13.9,31.5,1012,
2020-11-14 00:00:00,12.4,8.4,13.9,1.5,,,15.2,61,1007,
2020-11-15 00:00:00,10.8,7.4,13.5,17,,,21.2,68,996.3,
2020-11-16 00:00:00,10.8,7.3,13,6.4,,,11.5,50,1012.4,
2020-11-17 00:00:00,12.8,10.7,14.5,0.8,,,11.1,38.9,1020.5,
2020-11-18 00:00:00,11.9,8.2,15.9,0,,,20,57,1016.5,
2020-11-19 00:00:00,7.8,3.5,9.9,0.5,,,18,52,1026.2,
2020-11-20 00:00:00,6.2,0.8,10.9,0.3,,,9.4,33.3,1033.1,
2020-11-21 00:00:00,11.1,9.5,12.3,1,,,23.6,50,1026.7,
2020-11-22 00:00:00,9.2,6.5,11.3,0.3,,,8.4,29.6,1026.6,
2020-11-23 00:00:00,6.3,2,9.9,0.3,,,7.1,25.9,1027,
2020-11-24 00:00:00,10.3,7.9,11.9,0,,,13.6,33.3,1017.1,
2020-11-25 00:00:00,9.8,4.9,12.9,,,,11,25.9,1013.1,
2020-11-26 00:00:00,6.1,2.6,8.7,0,,,3.8,14.8,1021.1,
2020-11-27 00:00:00,3,-1.3,6.4,0,,,5.5,22.2,1019.2,
2020-11-28 00:00:00,8.7,5.1,10,0.3,,,8.5,22.2,1018.5,
2020-11-29 00:00:00,7.8,6.3,9.1,0,,,6.6,18.5,1025.9,
2020-11-30 00:00:00,7,4.4,10.2,0,,,14.7,54,1024.2,
2020-12-01 00:00:00,5.1,3,7.8,0,,,9.5,25.9,1025.5,
2020-12-02 00:00:00,4.8,2.1,6.8,0,,,7.2,22.2,1018,
2020-12-03 00:00:00,4.8,3,7.1,0.5,,,9.9,27.8,989.9,
2020-12-04 00:00:00,4.1,3,5.5,15,,,18,37,977.3,
2020-12-05 00:00:00,5,3,7.8,0,,,15,33.3,991.1,
2020-12-06 00:00:00,2.6,0.9,4.9,0,,,6.1,22.2,1001.7,
2020-12-07 00:00:00,1.1,-0.3,2.2,0.3,,,4.8,16.7,999.3,
2020-12-08 00:00:00,1.7,-0.6,4.2,3.3,,,3.8,22.2,1003.4,
2020-12-09 00:00:00,5.3,2.3,6.5,1.8,,,12.9,29.6,1005.8,
2020-12-10 00:00:00,6.9,4.4,7.4,0,,,16,29.6,999.1,
2020-12-11 00:00:00,8.8,6.8,10.9,8.6,,,8.7,25.9,987,
2020-12-12 00:00:00,7.3,2.7,9.8,0,,,12.3,29.6,999.2,
2020-12-13 00:00:00,6.9,0.4,11.6,0,,,13.9,38.9,1002.3,
2020-12-14 00:00:00,10.4,8.5,12.6,5.8,,,18.5,59,999.1,
2020-12-15 00:00:00,8.6,5.5,11.4,1.8,,,12.6,31.5,1005.6,
2020-12-16 00:00:00,8.7,6.6,10.4,1,,,17,40.8,1007.2,
2020-12-17 00:00:00,8.8,5.9,11.4,3.3,,,15.2,35.2,1013.8,
2020-12-18 00:00:00,11.2,8.9,11.9,0,,,23.9,52,1010.5,
2020-12-19 00:00:00,10.1,7.4,12.2,2,,,21,48,1005,
2020-12-20 00:00:00,7.6,6,10.3,8.9,,,16.7,37,1012.5,
2020-12-21 00:00:00,10.9,5.1,13.8,0.5,,,19,48,1006.6,
2020-12-22 00:00:00,11.4,10,13.7,3,,,12.8,65,1010.4,
2020-12-23 00:00:00,10.7,8,13.3,0.5,,,12.5,46,1004.9,
2020-12-24 00:00:00,4.8,2.5,7.1,2.3,,,18.3,55,1020.9,
2020-12-25 00:00:00,1.8,0.1,4.3,0,,,11.4,27.8,1031,
2020-12-26 00:00:00,6.4,-0.2,10.5,0,,,22.8,68,1016.1,
2020-12-27 00:00:00,6,0.5,9.8,11.7,,,24.2,87,977.5,
2020-12-28 00:00:00,1.4,-1.3,3.4,2.3,,,8.5,24.1,974.6,
2020-12-29 00:00:00,2.5,1,4.3,0.3,,,9.1,18.5,990.1,
2020-12-30 00:00:00,1.7,-1.1,5.3,0,,,9.7,22.2,1002.4,
2020-12-31 00:00:00,-0.2,-3.2,1.4,0,,,6.6,16.7,1005.7,
2021-01-01 00:00:00,1.3,-1,4.4,0,,,7.6,18.5,1011.7,
2021-01-02 00:00:00,3.3,0.9,4.8,0.5,,,7.9,18.5,1016,
2021-01-03 00:00:00,3.4,0.7,5.8,0,,,11.2,25.9,1017.6,
2021-01-04 00:00:00,3.8,2.6,5.4,0.3,,,19.1,54,1019.5,
2021-01-05 00:00:00,3.2,1.9,4.6,0,,,16.2,31.5,1020.1,
2021-01-06 00:00:00,3.2,0.1,5.6,0.5,,,11.3,27.8,1019.5,
2021-01-07 00:00:00,-0.1,-1.7,2.1,0,,,10.6,20.4,1018.6,
2021-01-08 00:00:00,0.3,-1.7,2.6,0,,,6,18.5,1018.6,
2021-01-09 00:00:00,0.1,-2.1,2.6,0,,,6.6,16.7,1026.4,
2021-01-10 00:00:00,0.8,-2.1,3.5,0,,,11,24.1,1026.1,
2021-01-11 00:00:00,6.6,2.9,8.8,0,,,23.5,57,1017.8,
2021-01-12 00:00:00,6.7,2.5,9.4,5.1,,,14.5,46,1014.2,
2021-01-13 00:00:00,6.2,0.4,9.8,1,,,10.4,27.8,1018.4,
2021-01-14 00:00:00,5.9,2.6,9.5,7.1,,,11.5,29.6,1016.7,
2021-01-15 00:00:00,1.1,-0.8,3.6,9.1,,,6.8,20.4,1029.8,
2021-01-16 00:00:00,4.8,-0.8,8.3,0.5,,,14.8,37,1020,
2021-01-17 00:00:00,5.2,2.2,8.1,5.3,,,12.9,27.8,1023.6,
2021-01-18 00:00:00,4.9,0.7,8.2,0,,,13.6,48,1021.3,
2021-01-19 00:00:00,10.3,6.7,12.1,2,,,30.4,65,1004.1,
2021-01-20 00:00:00,9.8,8.9,10.6,0.5,,,30.8,61,987.4,
2021-01-21 00:00:00,6,2.6,8.3,6.4,,,24.4,65,984.7,
2021-01-22 00:00:00,3.7,-0.3,7.8,0,,,11.8,27.8,992.2,
2021-01-23 00:00:00,1.5,-1,4.5,1.3,,,8.6,24.1,995.7,
2021-01-24 00:00:00,-0.2,-3.5,1.4,0,2,,9.3,24.1,997.1,
2021-01-25 00:00:00,0.9,-1.9,5,2.5,2,,12.5,27.8,1009.7,
2021-01-26 00:00:00,2.1,-3,6.2,0.3,1,,9.4,29.6,1015.8,
2021-01-27 00:00:00,8.4,4.8,9.9,2,,,9.4,22.2,1011.1,
2021-01-28 00:00:00,10.7,8.4,12.6,20.3,,,18.3,48,1001.6,
2021-01-29 00:00:00,9.4,8,11.1,5.3,,,20,52,998.4,
2021-01-30 00:00:00,5.1,3.1,7.4,10.7,,,18.9,55,997.8,
2021-01-31 00:00:00,2.5,0.3,4,9.7,,,13.6,33.3,997.9,
2021-02-01 00:00:00,3.5,2.5,4.2,1.5,,,8.3,25.9,997,
2021-02-02 00:00:00,9.3,3.4,12.8,4.3,,,18.7,46,994.6,
2021-02-03 00:00:00,8.2,5.2,10.3,1.3,,,14.3,33.3,996.6,
2021-02-04 00:00:00,6.3,1.6,9.1,0.3,,,10.8,27.8,1008.2,
2021-02-05 00:00:00,7.4,4.7,10.7,6.4,,,10.9,24.1,1008.1,
2021-02-06 00:00:00,5.9,3.3,8.3,1.8,,,8.9,33.3,1006.8,
2021-02-07 00:00:00,1.8,-0.5,3.7,5.8,,,21.7,59,1004.6,
2021-02-08 00:00:00,-1.3,-1.8,-0.6,0,,,19.9,55,1003.9,
2021-02-09 00:00:00,-0.5,-1.5,0.1,0,,,16.3,33.3,1007,
2021-02-10 00:00:00,-0.5,-2.6,2.3,0,,,13.2,29.6,1015.8,
2021-02-11 00:00:00,-1.2,-3.5,1,,,,16.6,37,1026.9,
2021-02-12 00:00:00,-0.5,-2.2,1.9,,,,25.4,54,1030.2,
2021-02-13 00:00:00,0.6,-4.1,1.7,,,,23.3,46,1032.3,
2021-02-14 00:00:00,2.6,0.2,4.3,0,,,22.4,50,1025.6,
2021-02-15 00:00:00,8.7,3.1,12.4,2.3,,,15.5,33.3,1018.1,
2021-02-16 00:00:00,9.2,7.3,11.2,1,,,17.2,35.2,1009.9,
2021-02-17 00:00:00,9.6,7.2,10.9,2.5,,,22,46,1009.7,
2021-02-18 00:00:00,8.2,5.2,10.6,3.3,,,22.1,52,1003.8,
2021-02-19 00:00:00,6.8,4.1,11.9,1.5,,,21.4,48,1007.9,
2021-02-20 00:00:00,13.6,10.7,14,0,,,20.6,44.5,1003.1,
2021-02-21 00:00:00,11.3,9.1,13.7,,,,11.4,29.6,1008.1,
2021-02-22 00:00:00,8.9,7.6,10,0.5,,,5.8,18.5,1014.7,
2021-02-23 00:00:00,9.9,4.6,14.1,0,,,19.6,50,1022.9,
2021-02-24 00:00:00,13,11,15.3,0,,,19.7,48,1022.3,
2021-02-25 00:00:00,9.9,6.6,12.4,0,,,12.9,46,1026.8,
2021-02-26 00:00:00,6.4,1.2,12,0,,,4.9,20.4,1037.3,
2021-02-27 00:00:00,6.3,0.3,12.7,0,,,5.3,16.7,1040.9,
2021-02-28 00:00:00,5.6,2.9,9.4,0.3,,,10,27.8,1037.2,
2021-03-01 00:00:00,5.9,3.9,10.1,0,,,12.3,29.6,1032,
2021-03-02 00:00:00,5.2,3.7,8.6,0,,,9.3,20.4,1030,
2021-03-03 00:00:00,5.8,3.3,8.5,0,,,7.2,16.7,1027.6,
2021-03-04 00:00:00,5.1,3.9,6.5,7.9,,,10.7,25.9,1025.1,
2021-03-05 00:00:00,4.2,1.3,5.9,0,,,13.8,83,1031.9,
2021-03-06 00:00:00,3.8,0.3,6.5,0,,,8.4,20.4,1033.8,
2021-03-07 00:00:00,3.5,0.3,7,0,,,5.1,18.5,1027.7,
2021-03-08 00:00:00,4.7,-1,10.5,0,,,5.8,18.5,1023.8,
2021-03-09 00:00:00,6.8,1,13.2,0,,,14.2,35.2,1020.1,
2021-03-10 00:00:00,7.8,5.7,10.9,,,,26.7,57,1007.4,
2021-03-11 00:00:00,9.2,5.1,12.3,2.3,,,36.9,81,996.3,
2021-03-12 00:00:00,7.2,4.5,11.1,2,,,27.1,67,1002.1,
2021-03-13 00:00:00,6.9,3.7,11.2,6.1,,,30.7,93,995.9,
2021-03-14 00:00:00,7.5,3.6,10.2,0.8,,,21.8,50,1013,
2021-03-15 00:00:00,9.5,7.1,12.2,0.3,,,15.9,33.3,1020.6,
2021-03-16 00:00:00,10.1,6.9,14.2,0,,,14,29.6,1027.6,
2021-03-17 00:00:00,7.4,4.3,10,0,,,10,22.2,1033.3,
2021-03-18 00:00:00,7.5,3.3,10.4,0.8,,,10,24.1,1028.9,
2021-03-19 00:00:00,8.1,4.6,11.5,0.8,,,13.1,27.8,1028.2,
2021-03-20 00:00:00,7.4,2.9,10.8,0,,,7.1,18.5,1031.2,
2021-03-21 00:00:00,8.7,5.7,11.7,0,,,9.3,24.1,1028.8,
2021-03-22 00:00:00,8.6,3.8,14,0,,,7.3,22.2,1026.5,
2021-03-23 00:00:00,7.4,1.8,13.3,0,,,11.5,33.3,1024.2,
2021-03-24 00:00:00,8.4,2.2,12.9,0,,,11.3,29.6,1020.9,
2021-03-25 00:00:00,8.5,2.8,13.1,0,,,15.1,46,1018.4,
2021-03-26 00:00:00,8.8,4.8,12.2,0,,,21.4,59,1010.8,
2021-03-27 00:00:00,7.4,2.4,11.2,3,,,24.4,67,1020.6,
2021-03-28 00:00:00,10.6,8.1,12.7,0,,,28,55,1022.8,
2021-03-29 00:00:00,12.6,7.8,19.6,0,,,20.6,40.8,1026.6,
2021-03-30 00:00:00,13.6,3,23.4,0,,,5.8,22.2,1027.6,
2021-03-31 00:00:00,14.4,7.4,19.7,0,,,4.6,22.2,1020.6,
2021-04-01 00:00:00,10.5,6.4,14.7,0,,,16,35.2,1024.3,
2021-04-02 00:00:00,7.1,5.4,10.5,0,,,17.7,33.3,1030.3,
2021-04-03 00:00:00,7.1,5.7,9.3,0,,,15.2,29.6,1032.2,
2021-04-04 00:00:00,8.3,2,15.2,0,,,11.4,29.6,1026.1,
2021-04-05 00:00:00,6,3.1,8.6,,,,16.6,80,1018.4,
2021-04-06 00:00:00,2.7,0.1,7.6,0,,,15.2,35.2,1020.8,
2021-04-07 00:00:00,2.9,-2.4,6.4,0,,,12.2,29.6,1023.8,
2021-04-08 00:00:00,7.4,2,12,0,,,14.9,37,1021.7,
2021-04-09 00:00:00,8.7,4.8,13.6,0,,,12.5,27.8,1013.6,
2021-04-10 00:00:00,6.7,5.1,8.4,0,,,12.5,27.8,1013.2,
2021-04-11 00:00:00,4.3,1,9.2,0,,,10.5,25.9,1019.2,
2021-04-12 00:00:00,4.7,-1.4,9.7,0.3,,,6.8,20.4,1028.6,
2021-04-13 00:00:00,6.1,-0.8,11.6,1.5,,,4,18.5,1032.6,
2021-04-14 00:00:00,7,2.5,12.4,0,,,8.5,25.9,1032.7,
2021-04-15 00:00:00,6.1,1,10.6,0,,,8,25.9,1033.2,
2021-04-16 00:00:00,6.1,0.7,12.1,0,,,7.7,20.4,1031.2,
2021-04-17 00:00:00,7.4,-0.1,13.6,0,,,7.7,20.4,1029.1,
2021-04-18 00:00:00,9.1,1.1,15.5,0,,,5.6,16.7,1025.1,
2021-04-19 00:00:00,10.6,2.9,17.1,0,,,7.1,20.4,1021.4,
2021-04-20 00:00:00,11.1,4.4,17.3,0,,,7.1,16.7,1018,
2021-04-21 00:00:00,10,6.9,14,0,,,11.7,35.2,1021,
2021-04-22 00:00:00,8,2.4,14.2,0,,,15.1,33.3,1027.1,
2021-04-23 00:00:00,9.4,2.3,17.2,0,,,12.3,37,1028.5,
2021-04-24 00:00:00,10.3,3.7,16.5,0,,,14,38.9,1027.5,
2021-04-25 00:00:00,8.8,4.6,14,0,,,17.4,46,1028.1,
2021-04-26 00:00:00,7.8,4.4,13.6,0,,,13.5,31.5,1021.7,
2021-04-27 00:00:00,9.4,1.6,15.9,0,,,5.9,20.4,1010.5,
2021-04-28 00:00:00,8.3,6.2,12.4,0,,,11.6,48,1006.4,
2021-04-29 00:00:00,7.7,3.6,10.6,5.6,,,10.1,27.8,1011.3,
2021-04-30 00:00:00,7.7,4,12.5,0,,,7.6,18.5,1015.1,
2021-05-01 00:00:00,7.9,3,12.7,0,,,8,20.4,1016.4,
2021-05-02 00:00:00,9.1,4.9,13.9,0,,,8,25.9,1020.3,
2021-05-03 00:00:00,9.6,5.7,14,0.3,,,27.4,68.5,1013.1,
2021-05-04 00:00:00,9.9,7.1,15.1,7.6,,,32.7,64.8,999.8,
2021-05-05 00:00:00,6.9,3,13.6,0.3,,,13.4,33.3,1008.7,
2021-05-06 00:00:00,7.2,1.6,12.2,4.3,,,8.7,27.8,1007.3,
2021-05-07 00:00:00,9.1,4.3,13.7,0,,,11.1,27.8,1015.2,
2021-05-08 00:00:00,12.3,6.5,16,5.3,,,19.5,51.8,1005.8,
2021-05-09 00:00:00,15.7,12.8,20.3,4.3,,,17.7,38.9,997.3,
2021-05-10 00:00:00,12.4,10.2,17.1,1.3,,,18.3,50,1000.1,
2021-05-11 00:00:00,11.9,5.5,17.2,1.3,,,13.5,37,1007,
2021-05-12 00:00:00,12.5,8.9,16.7,0,,,14.4,29.6,1008.5,
2021-05-13 00:00:00,11,9.2,14.5,0.8,,,11.3,29.6,1006,
2021-05-14 00:00:00,10.4,8.2,13.3,3.3,,,8.8,22.2,1009.1,
2021-05-15 00:00:00,10.9,8.5,14.7,1.3,,,10.6,24.1,1001.2,
2021-05-16 00:00:00,10.8,7.5,14.2,3.3,,,10.8,31.5,998,
2021-05-17 00:00:00,11.5,9.7,16.3,12.7,,,11.3,29.6,1004.7,
2021-05-18 00:00:00,10.9,5.5,17.1,5.1,,,7.2,46,1013.2,
2021-05-19 00:00:00,12,8.6,18.3,3.3,,,10.5,27.8,1017.5,
2021-05-20 00:00:00,11.1,6.5,14.1,0.5,,,17.6,72,1013.3,
2021-05-21 00:00:00,11.3,10.2,13.3,0.8,,,34.3,72,996.9,
2021-05-22 00:00:00,10.6,7.7,14.1,3.6,,,13.8,42.6,1002.8,
2021-05-23 00:00:00,9.6,4,13.2,2.3,,,17.5,54,1008.2,
2021-05-24 00:00:00,9.7,6.8,12.4,15.5,,,14.7,52,1003.1,
2021-05-25 00:00:00,10.7,6.1,14.9,6.1,,,14,52,1013.5,
2021-05-26 00:00:00,11.4,5.3,16.1,0.3,,,11.4,27.8,1014.7,
2021-05-27 00:00:00,14.7,7.4,21.1,0,,,4.9,20.4,1020,
2021-05-28 00:00:00,14.9,10.4,19.4,0,,,5.1,18.5,1023.2,
2021-05-29 00:00:00,15.3,11.5,21.6,1.3,,,8.9,27.8,1026.5,
2021-05-30 00:00:00,13,8.6,21.1,0,,,10.2,27.8,1027.6,
2021-05-31 00:00:00,15.8,9,24.1,0,,,9.8,31.5,1021.6,
2021-06-01 00:00:00,18.6,10.8,25.7,0,,,13.4,37,1015.2,
2021-06-02 00:00:00,20.5,12.9,27,0,,,10.8,29.6,1012.6,
2021-06-03 00:00:00,18.9,17,23.6,0,,,11,27.8,1018.2,
2021-06-04 00:00:00,14.7,12.6,16.3,0,,,6.5,18.5,1022.8,
2021-06-05 00:00:00,17.1,9.8,23,7.4,,,7.2,24.1,1024.3,
2021-06-06 00:00:00,17.4,13.3,23.1,0,,,6.7,22.2,1024.5,
2021-06-07 00:00:00,17.9,13.7,22.6,0.3,,,9.5,27.8,1023.9,
2021-06-08 00:00:00,18.6,11.5,23.8,0,,,8.6,25.9,1023.2,
2021-06-09 00:00:00,19.2,11.4,25.6,0,,,10.5,35.2,1021.7,
2021-06-10 00:00:00,19.3,15.6,23,0,,,11.9,35.2,1020.9,
2021-06-11 00:00:00,19.8,16.4,24.5,0,,,15.5,37,1019.8,
2021-06-12 00:00:00,19.3,13.3,24.1,0,,,10.4,25.9,1023.3,
2021-06-13 00:00:00,21.6,14.5,27.8,0,,,7.7,27.8,1026,
2021-06-14 00:00:00,22,15.4,27.7,0,,,8.8,25.9,1020.9,
2021-06-15 00:00:00,20.1,14.8,25.9,0,,,9.4,25.9,1020.6,
2021-06-16 00:00:00,21.6,14.8,27.8,0,,,10.8,31.5,1012.3,
2021-06-17 00:00:00,19.2,16.9,20.9,4.3,,,8.2,22.2,1010.5,
2021-06-18 00:00:00,14.3,12.4,16.7,7.9,,,12,29.6,1013.2,
2021-06-19 00:00:00,13.8,11.9,15.9,27.4,,,9.4,27.8,1014.1,
2021-06-20 00:00:00,14.7,12.9,18.4,0.3,,,10.9,27.8,1008.9,
2021-06-21 00:00:00,13,11.9,14.3,0.3,,,16.7,31.5,1012.5,
2021-06-22 00:00:00,14,11.3,17,4.3,,,13.9,31.5,1020.3,
2021-06-23 00:00:00,15.3,8,21.7,0,,,7.2,20.4,1023.4,
2021-06-24 00:00:00,16.3,9.5,19.7,0,,,8.7,25.9,1021.6,
2021-06-25 00:00:00,17.5,13.6,22.2,0.3,,,12.1,25.9,1016.3,
2021-06-26 00:00:00,17.9,13.9,23.6,0,,,11.5,27.8,1017.3,
2021-06-27 00:00:00,17.4,15.5,20.3,0,,,10.9,31.5,1015.6,
2021-06-28 00:00:00,16.9,15.1,19.9,33.3,,,9.6,24.1,1014.4,
2021-06-29 00:00:00,15.9,14.1,18.9,0.5,,,9.6,22.2,1015.3,
2021-06-30 00:00:00,15.3,13.5,18,2.8,,,7,20.4,1017.4,
2021-07-01 00:00:00,17.4,12.5,21.6,0,,,5.5,18.5,1017.7,
2021-07-02 00:00:00,18.8,15.3,23.5,0,,,8.3,24.1,1016,
2021-07-03 00:00:00,18.1,16.4,21.5,0.5,,,11.6,33.3,1011.9,
2021-07-04 00:00:00,16.9,14.7,20.7,0.3,,,15.7,37,1007.6,
2021-07-05 00:00:00,16.2,13.7,21.4,6.1,,,12.9,37,1004.8,
2021-07-06 00:00:00,15.2,13.1,18.6,13.7,,,20.1,72,999.5,
2021-07-07 00:00:00,16.7,13.1,20.8,3,,,15.9,35.2,1011.2,
2021-07-08 00:00:00,17.2,14.5,20.1,0,,,10.2,27.8,1019.3,
2021-07-09 00:00:00,18.5,15.2,24,1.3,,,9.5,27.8,1020.6,
2021-07-10 00:00:00,15.7,13.6,19.4,0,,,6,22.2,1016.7,
2021-07-11 00:00:00,16.4,11.6,20.7,0.5,,,8.9,25.9,1015.3,
2021-07-12 00:00:00,16.9,14,21.7,2.5,,,5.9,20.4,1011.2,
2021-07-13 00:00:00,18.6,14.9,22.1,5.8,,,7.1,24.1,1014.6,
2021-07-14 00:00:00,19.8,14.9,24.7,0,,,9.7,27.8,1017.9,
2021-07-15 00:00:00,18.3,14.2,21.7,0,,,8.2,25.9,1022.3,
2021-07-16 00:00:00,19.6,11.3,26.4,0,,,8.8,25.9,1026.6,
2021-07-17 00:00:00,21.9,15.6,28,0,,,7.1,20.4,1028,
2021-07-18 00:00:00,24.4,15.9,30.8,0,,,5.6,20.4,1024.8,
2021-07-19 00:00:00,24.4,18.1,31.1,0,,,6.6,20.4,1020.7,
2021-07-20 00:00:00,23.7,17.6,32,0,,,8.9,24.1,1019.6,
2021-07-21 00:00:00,23.9,17.7,30.1,0,,,6.6,22.2,1021.9,
2021-07-22 00:00:00,22.8,17.9,29,0,,,8.2,24.1,1022.5,
2021-07-23 00:00:00,19.3,15.7,24.7,0,,,11.5,35.2,1017.1,
2021-07-24 00:00:00,18.3,16,23.1,0,,,11.8,29.6,1008.6,
2021-07-25 00:00:00,18.6,16.8,20.9,0.3,,,7.3,20.4,1007.6,
2021-07-26 00:00:00,19.8,15.3,25.6,7.1,,,6.8,25.9,1009.7,
2021-07-27 00:00:00,18.7,17,21.3,0,,,11.9,25.9,1008.3,
2021-07-28 00:00:00,16.7,13.9,19.9,1.5,,,18.8,44.5,1006.9,
2021-07-29 00:00:00,17.1,12,23.2,10.7,,,20.9,48,1009.6,
2021-07-30 00:00:00,16.1,14.3,19.1,1.5,,,19.4,68,1003.2,
2021-07-31 00:00:00,16.2,12.9,19.4,1.8,,,9.7,29.6,1009.1,
2021-08-01 00:00:00,16.9,14.7,21.8,4.6,,,6.8,22.2,1011.2,
2021-08-02 00:00:00,15.9,12.7,20.7,0,,,7,22.2,1014.9,
2021-08-03 00:00:00,16.2,10.6,22.7,0,,,7.9,24.1,1013.1,
2021-08-04 00:00:00,17.5,11.7,23.2,0,,,7.8,22.2,1012.8,
2021-08-05 00:00:00,16.7,12.7,20,0,,,16.6,42.6,1005.2,
2021-08-06 00:00:00,17.3,14.5,22.7,2.3,,,15.2,52,998.4,
2021-08-07 00:00:00,16.2,13.5,20.6,3.8,,,16.1,52,997.8,
2021-08-08 00:00:00,16.1,13.5,19.7,11.7,,,19.4,46,1005.2,
2021-08-09 00:00:00,16.1,12.7,22,7.6,,,14.3,37,1011.5,
2021-08-10 00:00:00,17.7,12.3,23.9,12.7,,,10.7,29.6,1015.3,
2021-08-11 00:00:00,18.1,12.9,24.5,0,,,12,33.3,1018,
2021-08-12 00:00:00,18.1,15.9,22.1,0,,,12.5,35.2,1018.2,
2021-08-13 00:00:00,17.6,13.6,21.6,0.3,,,15.8,38.9,1020.8,
2021-08-14 00:00:00,18.9,14.2,24.5,0,,,13.3,31.5,1019.9,
2021-08-15 00:00:00,18.3,14.1,23.8,0,,,13.8,38.9,1013.6,
2021-08-16 00:00:00,15.9,13.4,18.7,0,,,14.4,31.5,1016.9,
2021-08-17 00:00:00,15.8,11.4,18.5,0,,,14.6,31.5,1019.8,
2021-08-18 00:00:00,18.3,15.3,23.5,0.5,,,14.9,37,1016.9,
2021-08-19 00:00:00,17.2,13.7,20.8,0,,,11.7,29.6,1014.3,
2021-08-20 00:00:00,17.5,13.5,20.9,0.5,,,11,24.1,1016,
2021-08-21 00:00:00,17.6,15.6,20.6,0,,,7.9,27.8,1015.5,
2021-08-22 00:00:00,18.4,15.4,22.6,2.3,,,11,27.8,1018.6,
2021-08-23 00:00:00,17.5,15.3,21,0.5,,,8.6,24.1,1027.5,
2021-08-24 00:00:00,17.4,12.4,22.9,0,,,11,27.8,1029.4,
2021-08-25 00:00:00,17.2,13.4,21.7,0,,,9.7,24.1,1025.8,
2021-08-26 00:00:00,16.9,15.7,18.7,0,,,10.1,25.9,1022.2,
2021-08-27 00:00:00,15.6,12.8,19.6,0,,,8.9,24.1,1023.4,
2021-08-28 00:00:00,15.9,11.3,20.1,0,,,9,25.9,1025.9,
2021-08-29 00:00:00,15.2,10.4,19.5,0,,,5.7,24.1,1025.4,
2021-08-30 00:00:00,15.6,13.8,17.1,0,,,11.4,27.8,1026.1,
2021-08-31 00:00:00,15.6,14,18.4,0,,,8,25.9,1029.3,
2021-09-01 00:00:00,16.1,14,18.6,0,,,9.9,25.9,1030.8,
2021-09-02 00:00:00,16.8,15,20.2,0,,,13.5,29.6,1027.8,
2021-09-03 00:00:00,17.2,13.6,21.9,0,,,9.8,24.1,1021.8,
2021-09-04 00:00:00,16.6,12.4,19.6,0,,,7.4,24.1,1018.9,
2021-09-05 00:00:00,18.9,14.3,26.1,0,,,7.9,18.5,1020.4,
2021-09-06 00:00:00,20.7,14.5,28.2,0,,,3.6,16.7,1023,
2021-09-07 00:00:00,22.3,15.6,30,0,,,5.9,29.6,1020.8,
2021-09-08 00:00:00,22.2,15.8,30.1,0,,,10.7,31.5,1012.9,
2021-09-09 00:00:00,18.8,16.8,23.3,2.5,,,11.7,33.3,1008.5,
2021-09-10 00:00:00,18.4,16.9,21.1,0.3,,,12.5,31.5,1010.5,
2021-09-11 00:00:00,18.6,15.1,23.4,1.8,,,13.5,31.5,1016.1,
2021-09-12 00:00:00,16.8,12,20.4,0,,,4.6,20.4,1018.6,
2021-09-13 00:00:00,17.1,14.1,20.9,0,,,12.8,29.6,1017.8,
2021-09-14 00:00:00,17.4,15.7,20.7,3.6,,,6.2,22.2,1011.9,
2021-09-15 00:00:00,17.2,14.6,21.2,10.7,,,6.5,18.5,1014.1,
2021-09-16 00:00:00,16.3,10.9,23.7,0,,,8.6,22.2,1017.5,
2021-09-17 00:00:00,16.6,13.3,22.1,0,,,8.2,29.6,1014.7,
2021-09-18 00:00:00,18.3,12.5,25.2,0,,,6.7,25.9,1013.9,
2021-09-19 00:00:00,15.8,14.5,18.2,0,,,4.4,18.5,1014.4,
2021-09-20 00:00:00,15.7,11.7,20.5,3.8,,,9.6,24.1,1022.6,
2021-09-21 00:00:00,15.4,9.9,22.2,0,,,3.6,16.7,1030.1,
2021-09-22 00:00:00,15.2,10.5,23,0,,,8.2,31.5,1027.7,
2021-09-23 00:00:00,16.1,12,21,0,,,14.4,35.2,1020.4,
2021-09-24 00:00:00,17.1,13,23,,,,13.7,31.5,1016.1,
2021-09-25 00:00:00,16.8,14,18,,,,7,20.4,1014.1,
2021-09-26 00:00:00,16.8,13,22,,,,12.1,31.5,1011.5,
2021-09-27 00:00:00,15.9,12,18,,,,22.4,50,1010.4,
2021-09-28 00:00:00,13.6,10,17.1,4.6,,,15.4,52,1015.6,
2021-09-29 00:00:00,11.7,8.6,16.7,17,,,15.8,48,1019.1,
2021-09-30 00:00:00,12.8,7.3,16.5,0.8,,,15.1,51.8,1020.8,
2021-10-01 00:00:00,14.6,10.5,18.6,3.6,,,17.2,44.5,1010.2,
2021-10-02 00:00:00,11.7,7.2,14.9,2.8,,,14.1,50,998.9,
2021-10-03 00:00:00,12.5,10.4,16.6,17.5,,,19.2,67,997.4,
2021-10-04 00:00:00,12.8,10.3,17.2,2.5,,,17.9,46,1008.1,
2021-10-05 00:00:00,12.7,10.8,14.7,11.7,,,22.9,53.7,1002.3,
2021-10-06 00:00:00,12.9,9.5,17.1,0.3,,,17.1,44.5,1018.3,
2021-10-07 00:00:00,15,11.8,17.8,0,,,8.4,20.4,1025.9,
2021-10-08 00:00:00,15.2,12.9,17.5,0.3,,,5.5,16.7,1029.5,
2021-10-09 00:00:00,12.3,8,19.1,0.3,,,3.5,14.8,1028.6,
2021-10-10 00:00:00,13.2,8.5,18.9,0,,,6.8,22.2,1029.4,
2021-10-11 00:00:00,11.2,7.8,16.1,0,,,6.6,20.4,1030.6,
2021-10-12 00:00:00,11.9,6.8,16.8,0,,,9.1,22.2,1026.1,
2021-10-13 00:00:00,12.2,7.3,16.2,0,,,6.8,18.5,1027.8,
2021-10-14 00:00:00,13.9,9.7,19.3,0,,,11.8,33.3,1024,
2021-10-15 00:00:00,12.8,9.3,15,0,,,10.2,29.6,1020.3,
2021-10-16 00:00:00,11.8,8.4,17.7,0,,,5.6,20.4,1020.5,
2021-10-17 00:00:00,12.3,8.8,17.9,0.8,,,8.8,27.8,1017.4,
2021-10-18 00:00:00,13.3,7.2,17,0.3,,,11.2,35.2,1016.3,
2021-10-19 00:00:00,17.9,15.6,20.9,1.5,,,23.8,63,1012,
2021-10-20 00:00:00,15.2,10.3,19.1,18.3,,,21.1,63,999,
2021-10-21 00:00:00,9.3,5.6,12.4,20.1,,,17.2,52,1007.1,
2021-10-22 00:00:00,9.7,4.8,14.7,0,,,16.2,37,1021,
2021-10-23 00:00:00,11.3,9.6,13.9,0,,,10,29.6,1024.9,
2021-10-24 00:00:00,12.9,11.2,15.7,0,,,13.4,35.2,1018.2,
2021-10-25 00:00:00,12.3,9.7,17.7,0.5,,,11.9,31.5,1015.1,
2021-10-26 00:00:00,13.1,8.2,17.1,0.5,,,13.8,37,1018.1,
2021-10-27 00:00:00,15.3,14,17.6,0,,,22.8,52,1018.2,
2021-10-28 00:00:00,13.9,12.3,15.4,0,,,17.1,42.6,1009.1,
2021-10-29 00:00:00,13,9.1,15.6,1.5,,,21.8,57,998.4,
2021-10-30 00:00:00,11.1,8.6,15.6,2,,,15.3,37,996.9,
2021-10-31 00:00:00,11.6,6.3,15.8,2,,,24.6,72,993.2,
2021-11-01 00:00:00,10.1,6,14.9,7.9,,,21,50,994.5,
2021-11-02 00:00:00,6.8,1.9,13.1,0,,,5.1,16.7,999,
2021-11-03 00:00:00,6.2,0.7,10.5,0.3,,,6.8,20.4,1004.5,
2021-11-04 00:00:00,7.4,4.1,10.1,0.5,,,12.5,31.5,1015,
2021-11-05 00:00:00,5.8,1.1,11.1,0,,,9.3,22.2,1026.4,
2021-11-06 00:00:00,11.2,8.2,13.2,0,,,21,50,1024.9,
2021-11-07 00:00:00,10.1,5.7,13,0,,,15.8,35.2,1021.2,
2021-11-08 00:00:00,8.3,3.5,12.1,0,,,7.9,22.2,1023.7,
2021-11-09 00:00:00,12.8,10.2,16.5,0,,,13.1,27.8,1023.4,
2021-11-10 00:00:00,11.8,8.5,13.6,0,,,8.4,22.2,1023,
2021-11-11 00:00:00,11.2,7.9,15.5,0.5,,,8.8,22.2,1022.6,
2021-11-12 00:00:00,11.5,6.3,15.2,0,,,17.2,48,1011.7,
2021-11-13 00:00:00,11.8,9.7,12.8,1,,,11.5,31.5,1015.8,
2021-11-14 00:00:00,11.5,10,13.1,0,,,9.4,22.2,1023.9,
2021-11-15 00:00:00,10.1,6,12,0,,,4.1,13,1026.9,
2021-11-16 00:00:00,7.6,2.4,11.4,0,,,5.9,22.2,1022.9,
2021-11-17 00:00:00,8.4,5.6,12.7,0.3,,,9.3,22.2,1024.2,
2021-11-18 00:00:00,9.6,3.9,13.7,0,,,12,27.8,1029,
2021-11-19 00:00:00,11.2,9.9,12,0,,,8,22.2,1030.7,
2021-11-20 00:00:00,10.1,8.3,10.8,0,,,9.8,20.4,1024.1,
2021-11-21 00:00:00,6.7,4.2,9,0,,,14.1,31.5,1019.7,
2021-11-22 00:00:00,5.6,3.6,10,0,,,12,25.9,1030,
2021-11-23 00:00:00,4.7,0.6,10.2,0,,,4,13,1032.3,
2021-11-24 00:00:00,5.2,2.3,7.4,0.3,,,4.8,14.8,1022.1,
2021-11-25 00:00:00,4.9,2.7,7.4,0,,,9.9,24.1,1016.4,
2021-11-26 00:00:00,5.3,1.5,9.4,0,,,19.3,52,996.3,
2021-11-27 00:00:00,3.8,1.9,5.1,5.6,,,24.9,61,994,
2021-11-28 00:00:00,1.6,-0.7,4.3,1.5,,,13.8,40.8,1006.9,
2021-11-29 00:00:00,1,-3.3,4.7,0,,,10.7,29.6,1014.6,
2021-11-30 00:00:00,9.9,2.6,12,0,,,21.2,50,1010.3,
2021-12-01 00:00:00,8.2,3.2,10.6,0.5,,,20.8,48.2,999.2,
2021-12-02 00:00:00,2.5,0.3,5.2,0.3,,,12.7,31.5,1011.8,
2021-12-03 00:00:00,6.1,-0.1,9.5,0.5,,,9.2,25.9,1004.9,
2021-12-04 00:00:00,6.1,5,8.4,2,,,18.2,50,998,
2021-12-05 00:00:00,5.7,4.4,6.5,3.8,,,18.8,50,1006.4,
2021-12-06 00:00:00,4.3,1.7,7.7,0.3,,,14.3,33.3,1010,
2021-12-07 00:00:00,4.9,1.2,8.2,1.5,,,18.6,63,997.5,
2021-12-08 00:00:00,6.5,5.3,8.3,7.4,,,26.3,55,991.1,
2021-12-09 00:00:00,6.4,3.6,9.1,0,,,15.4,40.8,999.1,
2021-12-10 00:00:00,6.1,2.8,8.1,8.4,,,20.8,55,999.4,
2021-12-11 00:00:00,5.6,1.5,10.7,4.3,,,11.9,29.6,1015.6,
2021-12-12 00:00:00,11.9,7.9,14.2,1.5,,,15.5,31.5,1019.6,
2021-12-13 00:00:00,10.3,9.2,11.5,0.3,,,13.8,29.6,1023.3,
2021-12-14 00:00:00,10.9,9,13.2,0,,,13.4,29.6,1026.6,
2021-12-15 00:00:00,11.8,9.2,13.1,0,,,13.6,25.9,1030.7,
2021-12-16 00:00:00,11.1,10.5,11.8,0,,,4.7,16.7,1038,
2021-12-17 00:00:00,8.9,7.2,10.7,0,,,10.4,25.9,1040.4,
2021-12-18 00:00:00,8.2,7.6,9.1,0,,,11.9,24.1,1039.1,
2021-12-19 00:00:00,5,3.2,7.3,0,,,6.7,18.5,1034.7,
2021-12-20 00:00:00,6.3,3.1,7.1,0,,,9.4,22.2,1028.9,
2021-12-21 00:00:00,4.4,-0.1,6.3,0,,,6.3,20.4,1025.3,
2021-12-22 00:00:00,1.9,-1.7,4.8,0.3,,,9.8,24.1,1019.2,
2021-12-23 00:00:00,7.8,2.8,11.1,0.3,,,13.2,29.6,1008.1,
2021-12-24 00:00:00,8.6,5.4,10.5,0,,,8.2,24.1,1004.3,
2021-12-25 00:00:00,7.2,5.6,8.6,13.5,,,15.5,33.3,1003.4,
2021-12-26 00:00:00,7.4,5.4,9.6,11.4,,,5.9,29.6,1000.5,
2021-12-27 00:00:00,9.1,5.8,11.2,6.1,,,10.3,27.8,992.1,
2021-12-28 00:00:00,10.1,8.8,11.8,4.3,,,18.9,67,992.6,
2021-12-29 00:00:00,11.1,7.2,15.3,0.8,,,17.9,70,1004.3,
2021-12-30 00:00:00,14,11.6,15,1.8,,,26.4,50,1012.6,
2021-12-31 00:00:00,13.6,12.4,15.3,0,,,21.5,48,1016.7,
2022-01-01 00:00:00,13.3,12.5,15.7,2.5,,,17.8,40.8,1017.3,
2022-01-02 00:00:00,11.5,9.1,13.1,1.3,,,22.6,55,1010.4,
2022-01-03 00:00:00,9.8,8.6,10.8,0.5,,,20.9,46,1007.9,
2022-01-04 00:00:00,5.1,1.7,8.2,0,,,13.6,33.3,1001.5,
2022-01-05 00:00:00,3,0.6,6.6,4.3,,,14.9,31.5,1013.9,
2022-01-06 00:00:00,2.5,-3.5,7.3,0,,,12.8,52,1016.4,
2022-01-07 00:00:00,3.8,0.8,6.2,1.3,,,21.3,54,1010.7,
2022-01-08 00:00:00,6.2,-0.1,10.5,0.3,,,18.4,48,1001.5,
2022-01-09 00:00:00,4.6,1.8,8.9,5.1,,,13.2,33.3,1003,
2022-01-10 00:00:00,5.7,2,8.5,0,,,7.1,24.1,1018.4,
2022-01-11 00:00:00,9.3,7.8,10.4,0.5,,,9,22.2,1029.9,
2022-01-12 00:00:00,4.8,0.9,9.1,2.5,,,4.2,14.8,1040.6,
2022-01-13 00:00:00,3.3,-0.7,9.6,0,,,3.4,14.8,1041.2,
2022-01-14 00:00:00,3.1,-1.5,9.5,0.3,,,3.2,14.8,1036.1,
2022-01-15 00:00:00,2.9,-0.7,5.8,0,,,6.1,20.4,1026.5,
2022-01-16 00:00:00,6.1,3.7,9.5,0.3,,,7.9,20.4,1027.1,
2022-01-17 00:00:00,3.7,1.2,10.3,0,,,6.7,18.5,1037.7,
2022-01-18 00:00:00,2.3,-3.2,7.5,0,,,4.6,16.7,1037.2,
2022-01-19 00:00:00,6.1,3.7,9.4,0.3,,,11.9,29.6,1028,
2022-01-20 00:00:00,3,0.2,6,0,,,9.5,22.2,1036,
2022-01-21 00:00:00,1.9,-2.6,4.9,0,,,10,24.1,1039.3,
2022-01-22 00:00:00,4.9,0.8,6.1,0,,,7.8,18.5,1037.6,
2022-01-23 00:00:00,5.5,4.8,6.2,0,,,5.1,14.8,1035.3,
2022-01-24 00:00:00,4.2,3.3,5.4,0,,,6.8,16.7,1033.6,
2022-01-25 00:00:00,2.4,1.8,3,0,,,7.5,18.5,1034.7,
2022-01-26 00:00:00,5.2,1.8,8.7,0,,,12,33.3,1032.8,
2022-01-27 00:00:00,8.3,4.8,13.1,0,,,15.9,33.3,1028.8,
2022-01-28 00:00:00,5.4,0.1,10.5,0,,,11.4,35.2,1034.4,
2022-01-29 00:00:00,10.4,4.6,14,0,,,24.2,61,1028.5,
2022-01-30 00:00:00,5,1.3,8.9,0,,,12.8,42.6,1029.9,
2022-01-31 00:00:00,6.8,4.7,8.5,0.5,,,22.8,67,1023.7,
2022-02-01 00:00:00,10.1,3.9,14.8,0.5,,,22.3,50,1022,
2022-02-02 00:00:00,9.9,7.7,12.2,0,,,16.1,37,1022.4,
2022-02-03 00:00:00,9,7.3,10.1,0,,,16.5,33.3,1014.8,
2022-02-04 00:00:00,7.1,3.3,10.3,0,,,21.7,52,1011.7,
2022-02-05 00:00:00,6.7,2,11,3.8,,,26,61,1018.7,
2022-02-06 00:00:00,9.2,6,11.7,0.5,,,34,74,1008,
2022-02-07 00:00:00,6.9,1.7,10.6,1.5,,,18,35.2,1025.4,
2022-02-08 00:00:00,11.1,9.2,12.3,0,,,22.8,40.8,1026.8,
2022-02-09 00:00:00,10.3,8.1,14.4,0,,,14.4,31.5,1023.6,
2022-02-10 00:00:00,5.9,2,8,1.3,,,13.9,33.3,1023.2,
2022-02-11 00:00:00,4.1,-0.2,9.4,0,,,9.3,24.1,1031.7,
2022-02-12 00:00:00,5.4,-0.4,8.8,0,,,18,50,1021.9,
2022-02-13 00:00:00,8.2,5.8,9.8,0,,,24.6,54,1001.6,
2022-02-14 00:00:00,7.4,5.2,9.4,14.2,,,20.7,59,999.3,
2022-02-15 00:00:00,7.2,2.2,9.9,1.5,,,19.2,52,1006.6,
2022-02-16 00:00:00,12.7,8.8,15.1,5.8,,,35.6,85,996.3,
2022-02-17 00:00:00,9.7,7.8,12.4,0.5,,,29.3,74,1008.1,
2022-02-18 00:00:00,8.2,4.1,11.3,0.8,,,41.2,113,997.5,
2022-02-19 00:00:00,6.2,2.4,10.5,0.8,,,27.4,65,1010.2,
2022-02-20 00:00:00,10.2,5.5,12.4,4.6,,,36.2,93,1003.8,
2022-02-21 00:00:00,7.9,4.2,11.7,4.3,,,33.5,81,1009.9,
2022-02-22 00:00:00,9.2,4.4,13.6,0.3,,,20.3,63,1018.9,
2022-02-23 00:00:00,7,1.7,10.7,0,,,20.5,46,1021.1,
2022-02-24 00:00:00,6.3,3.2,9,0,,,25.2,74,1011.4,
2022-02-25 00:00:00,6.2,2.1,11.5,3,,,16.3,50,1025.6,
2022-02-26 00:00:00,4.9,-0.3,10.9,0,,,12.8,35.2,1029.9,
2022-02-27 00:00:00,5.7,1.4,11.2,0,,,18,37,1024.5,
2022-02-28 00:00:00,8.7,3,12.4,0,,,14.1,35.2,1024,
2022-03-01 00:00:00,8.2,7.3,9.6,5.6,,,13.4,27.8,1025.5,
2022-03-02 00:00:00,6.8,6.4,7.7,12.7,,,13.9,27.8,1020.8,
2022-03-03 00:00:00,8.4,4.4,12.4,2.5,,,11.2,27.8,1015.2,
2022-03-04 00:00:00,7.3,6.5,8.6,0.3,,,9.7,20.4,1019.2,
2022-03-05 00:00:00,6.2,4.1,7.3,0.3,,,15.7,33.3,1023.7,
2022-03-06 00:00:00,5.3,3.6,8.1,0.5,,,17.4,33.3,1028.5,
2022-03-07 00:00:00,4.4,1.3,7.4,0,,,18.2,46,1024.2,
2022-03-08 00:00:00,6.1,-0.5,12.9,0,,,18.5,38.9,1014.8,
2022-03-09 00:00:00,9.9,6.5,13.2,0,,,19.3,48,1016.2,
2022-03-10 00:00:00,11.4,6.4,16,0,,,16.2,37,1015.7,
2022-03-11 00:00:00,10.2,8.4,12.5,0,,,22.1,54,1004.7,
2022-03-12 00:00:00,9.6,7.3,13,4.3,,,22.4,48,1008,
2022-03-13 00:00:00,9.3,7.2,11.6,0.5,,,19.4,46,1007.2,
2022-03-14 00:00:00,8,3.4,13.3,0.5,,,9.2,27.8,1023,
2022-03-15 00:00:00,10.1,4.5,16,0,,,9.5,24.1,1021.8,
2022-03-16 00:00:00,9.1,6.4,10.6,0,,,11.4,46,1018.3,
2022-03-17 00:00:00,8.1,1.7,14.2,10.9,,,13.6,31.5,1031.5,
2022-03-18 00:00:00,9.1,2.7,16.1,0,,,11.2,35.2,1041.7,
2022-03-19 00:00:00,10,7.4,14.1,0,,,21.5,52,1036.9,
2022-03-20 00:00:00,7.8,4,12.1,0,,,11.1,25.9,1028.1,
2022-03-21 00:00:00,8.9,0.5,17.3,0,,,8.4,27.8,1028,
2022-03-22 00:00:00,13.3,8.8,19.9,0,,,11.9,31.5,1028.2,
2022-03-23 00:00:00,12.5,5.1,19.8,0,,,7,22.2,1029.5,
2022-03-24 00:00:00,11.6,3.8,19,0,,,4.2,18.5,1029.8,
2022-03-25 00:00:00,11,4.7,17.7,0,,,9.1,27.8,1031.4,
2022-03-26 00:00:00,11.3,5.1,18.3,0,,,12.2,31.5,1032.6,
2022-03-27 00:00:00,8.6,5.5,13.2,0,,,10,25.9,1031.6,
2022-03-28 00:00:00,9.8,3.6,16.8,0,,,5.7,20.4,1023,
2022-03-29 00:00:00,9.3,7.7,12.2,0,,,12.1,27.8,1012.3,
2022-03-30 00:00:00,7.3,4.3,11.2,0.5,,,12.1,31.5,1006.4,
2022-03-31 00:00:00,3.6,1.4,7.9,0,,,19.5,61,1009.3,
2022-04-01 00:00:00,4.3,1.1,9.2,0,,,18.2,61,1016.8,
2022-04-02 00:00:00,4.2,0,9.9,0,,,9.2,24.1,1022.8,
2022-04-03 00:00:00,5,-1.2,10.9,0,,,9.4,31.5,1025.6,
2022-04-04 00:00:00,9.8,5.2,14.7,1.8,,,22.2,42.6,1013.3,
2022-04-05 00:00:00,11.8,10,14.9,1.5,,,22.7,42.6,1009,
2022-04-06 00:00:00,10.9,9.3,16,0,,,28.6,70,997.7,
2022-04-07 00:00:00,9.6,5.7,14,9.4,,,36.5,85,989.8,
2022-04-08 00:00:00,6.9,2.5,11.7,0,,,9.2,24.1,1000.7,
2022-04-09 00:00:00,7.1,0.9,12.6,0.3,,,11.2,27.8,1015.1,
2022-04-10 00:00:00,7.8,1,13.4,0,,,9.9,31.5,1018.9,
2022-04-11 00:00:00,11.7,4.4,18.8,0,,,20.3,48,1010.1,
2022-04-12 00:00:00,13.2,9.2,18.6,0.3,,,13.7,33.3,1005.9,
2022-04-13 00:00:00,13.7,10.1,20,0,,,12.2,31.5,1015.3,
2022-04-14 00:00:00,13.4,6.8,19.8,0,,,8.1,20.4,1022,
2022-04-15 00:00:00,15.1,7.5,23.1,0,,,6.5,22.2,1026.2,
2022-04-16 00:00:00,13.3,8,19.8,0,,,11.7,27.8,1029.5,
2022-04-17 00:00:00,13.1,7.2,19.8,0,,,12.5,37,1022.8,
2022-04-18 00:00:00,12.5,7.8,17.8,0,,,9.6,24.1,1017.3,
2022-04-19 00:00:00,11.9,6.7,16.4,0,,,9.9,27.8,1016.3,
2022-04-20 00:00:00,12.1,6.9,19.1,0,,,13.3,33.3,1016.2,
2022-04-21 00:00:00,12.7,7,19.2,0,,,14.5,37,1012.4,
2022-04-22 00:00:00,11.7,8.2,17.2,0,,,17.7,38.9,1007.8,
2022-04-23 00:00:00,12.8,9.3,18,0,,,18.9,50,1003.5,
2022-04-24 00:00:00,12.6,7.7,18.9,0,,,15.4,31.5,1008,
2022-04-25 00:00:00,9.7,6.4,14.5,0,,,10.7,24.1,1015.8,
2022-04-26 00:00:00,10.4,4.4,16.6,3.3,,,10.4,25.9,1021.9,
2022-04-27 00:00:00,8.9,5.5,11.7,0,,,11.4,29.6,1027.5,
2022-04-28 00:00:00,10.1,6,14.9,0,,,11,24.1,1030.9,
2022-04-29 00:00:00,8.8,5.7,11.4,0,,,10.2,25.9,1031.9,
2022-04-30 00:00:00,11.1,3.3,18.4,0,,,7.1,22.2,1029.4,
2022-05-01 00:00:00,11.7,9.9,14.6,0,,,10.3,22.2,1023.5,
2022-05-02 00:00:00,12.6,9,17.1,0.3,,,5.4,16.7,1021.1,
2022-05-03 00:00:00,12.7,10.6,16.1,0,,,8,22.2,1021.2,
2022-05-04 00:00:00,13.3,10.6,20,0,,,10.8,29.6,1019.2,
2022-05-05 00:00:00,14.1,7.5,19.9,2,,,9.4,24.1,1023.6,
2022-05-06 00:00:00,15.3,9.2,23.3,0,,,14.2,35.2,1025.2,
2022-05-07 00:00:00,14.6,12.5,20.3,0.8,,,11.2,24.1,1025.4,
2022-05-08 00:00:00,13.5,9.9,20.6,1,,,13.8,24.1,1028.6,
2022-05-09 00:00:00,15,6,23.4,0,,,15.9,50,1023.3,
2022-05-10 00:00:00,15.8,13.7,20.9,0,,,19.3,38.9,1015,
2022-05-11 00:00:00,13.6,11.5,16.1,0.3,,,21.4,54,1010.4,
2022-05-12 00:00:00,13.2,7,18.9,3.3,1,,17.5,38.9,1018.1,
2022-05-13 00:00:00,14.8,10.4,21.4,0,,,22.6,46,1019.8,
2022-05-14 00:00:00,15.3,7.8,23.4,0,,,9.3,25.9,1020.8,
2022-05-15 00:00:00,15.5,12.9,18.9,0.5,,,12.1,33.3,1015.5,
2022-05-16 00:00:00,16.4,12.2,23.1,2.5,,,17.5,46,1014.1,
2022-05-17 00:00:00,18.9,10.9,27.5,0,,,14.5,50,1017.2,
2022-05-18 00:00:00,17.5,11.1,23.1,0.5,,,15.2,33.3,1018.8,
2022-05-19 00:00:00,17.2,13.9,22.4,0.5,,,13.4,31.5,1018,
2022-05-20 00:00:00,13.9,12.3,19,0,,,15.4,46,1018.7,
2022-05-21 00:00:00,15.2,9.5,22,2.8,,,15.5,33.3,1020.7,
2022-05-22 00:00:00,16.7,10,23.8,0,,,10,27.8,1013.7,
2022-05-23 00:00:00,14.7,11.6,20.7,0,,,10.6,31.5,1002.9,
2022-05-24 00:00:00,13.3,9.8,19.8,4.6,,,14.8,35.2,1005.8,
2022-05-25 00:00:00,13.7,9.3,19.4,2.8,,,23.3,48,1013.4,
2022-05-26 00:00:00,15.6,10.5,21.8,0.5,,,21.4,48,1021.1,
2022-05-27 00:00:00,16.3,13.2,20.8,0,,,15.5,29.6,1024.3,
2022-05-28 00:00:00,13.9,8.6,19.1,0,,,10.9,24.1,1025,
2022-05-29 00:00:00,12.2,7.9,17,0,,,10.5,24.1,1019.6,
2022-05-30 00:00:00,10.2,5.6,16.1,0,,,10.7,27.8,1013.8,
2022-05-31 00:00:00,11.6,8.6,16.4,5.3,,,10.2,48,1012.4,
2022-06-01 00:00:00,13.4,8,18.7,6.6,,,7.6,25.9,1016.9,
2022-06-02 00:00:00,15.2,8.1,22.3,0,,,9.7,,1019.9,
2022-06-03 00:00:00,17.2,11.3,23.3,0,,,13.6,,1017.8,
2022-06-04 00:00:00,15.4,12.2,21.6,0,,,18.6,,1019.9,
2022-06-05 00:00:00,12.8,11,15.2,10.9,,,8.4,,1016.3,
2022-06-06 00:00:00,14.2,11.9,18.2,6.9,,,12.2,,1014.6,
2022-06-07 00:00:00,16.3,9.6,22.4,0,,,11.6,,1011.8,
2022-06-08 00:00:00,17.4,14.1,23.5,0.8,,,22.4,,1005.8,
2022-06-09 00:00:00,16,11,21,0,,,18.6,,1015,
2022-06-10 00:00:00,18.4,15.5,24.5,0.5,,,20.5,,1018.3,
2022-06-11 00:00:00,17.3,11.5,23.8,0,,,19.2,,1021.5,
2022-06-12 00:00:00,16.6,10.7,22.9,0,,,17.4,,1023.5,
2022-06-13 00:00:00,16.1,9.6,21.7,0,,,10.2,,1024.5,
2022-06-14 00:00:00,18.2,9.8,24.9,0,,,10.3,27.8,1020.9,
2022-06-15 00:00:00,20.4,11.3,27.9,0,,,8.4,22.2,1018.5,
2022-06-16 00:00:00,22,14.2,29.4,0,,,9.2,29.6,1021.4,
2022-06-17 00:00:00,24.4,15.3,32.7,0,,,17.2,50,1019.7,
2022-06-18 00:00:00,18.2,11.9,24.8,0,,,13.1,27.8,1017.9,
2022-06-19 00:00:00,14.6,9.7,19.7,1.8,,,11.9,25.9,1015.1,
2022-06-20 00:00:00,16.7,11.4,22.5,0.3,,,11.6,33.3,1018.4,
2022-06-21 00:00:00,18.4,10.6,26.2,0,,,9.6,22.2,1014.8,
2022-06-22 00:00:00,20.3,12.5,27.9,0,,,11.6,29.6,1013.4,
2022-06-23 00:00:00,19.3,13.9,26.7,0,,,8.9,25.9,1009.8,
2022-06-24 00:00:00,17.7,14.5,22.5,0.3,,,19.2,42.6,1004.9,
2022-06-25 00:00:00,16.2,12.4,22.3,1.5,,,20.8,48,1007.5,
2022-06-26 00:00:00,16.5,11,22.8,0,,,21.1,46,1011.9,
2022-06-27 00:00:00,15.6,11.7,21,0,,,19,38.9,1016,
2022-06-28 00:00:00,16.5,11.3,23.2,0.5,,,19.4,50,1017.7,
2022-06-29 00:00:00,16.6,14.3,22,0,,,17,37,1012.1,
2022-06-30 00:00:00,15.8,13.5,20.7,0.8,,,12.9,33.3,1011.9,
2022-07-01 00:00:00,15.9,12.5,22.1,0,,,17.8,40.8,1016.3,
2022-07-02 00:00:00,16.8,11.8,23.8,2.3,,,20.2,46,1018.3,
2022-07-03 00:00:00,17.6,10.6,24.2,0,,,12.8,27.8,1019.3,
2022-07-04 00:00:00,17.4,11.3,23.3,0,,,13.8,31.5,1021.4,
2022-07-05 00:00:00,17.7,10.8,22.3,0,,,10.4,24.1,1024.9,
2022-07-06 00:00:00,19.1,12.5,25.3,0,,,13.8,31.5,1026.7,
2022-07-07 00:00:00,20.1,16.6,25.2,0,,,11.7,25.9,1028.4,
2022-07-08 00:00:00,21.8,13.8,28.7,0,,,7.8,22.2,1031.6,
2022-07-09 00:00:00,21.4,15.5,27.5,0,,,10.3,24.1,1030.1,
2022-07-10 00:00:00,21.8,14.6,29.7,0,,,9.7,25.9,1026.8,
2022-07-11 00:00:00,24.1,16.5,31.8,0,,,10.5,29.6,1023.2,
2022-07-12 00:00:00,25.4,19.7,31,0,,,11.3,31.5,1022,
2022-07-13 00:00:00,23.8,21.1,28.7,0,,,9.4,22.2,1021.4,
2022-07-14 00:00:00,20.1,15,25.3,0,,,11.4,25.9,1022.7,
2022-07-15 00:00:00,20.1,13.2,27.2,0,,,9.7,27.8,1023.9,
2022-07-16 00:00:00,21.6,14,29.1,0,,,7.6,25.9,1024.8,
2022-07-17 00:00:00,23.7,15.5,30.8,0,,,11.3,31.5,1025,
2022-07-18 00:00:00,27.6,17.7,37.1,0,,,9.7,33.3,1019.4,
2022-07-19 00:00:00,29.8,22.1,40.2,0,,,14.2,50,1012,
2022-07-20 00:00:00,21.4,17.7,27.2,0.8,,,17.7,33.3,1015.5,
2022-07-21 00:00:00,19.8,15.8,24.2,4.1,,,10.2,27.8,1021.3,
2022-07-22 00:00:00,19.1,16.5,23,0,,,16.6,29.6,1020.2,
2022-07-23 00:00:00,20.3,15.6,27.9,0.5,,,15.3,37,1018.6,
2022-07-24 00:00:00,22,17.9,29,0,,,24.3,52,1014.1,
2022-07-25 00:00:00,19.9,17.9,24.9,0,,,21.4,42.6,1010.5,
2022-07-26 00:00:00,17.8,15,22.8,0,,,9.4,22.2,1019.1,
2022-07-27 00:00:00,18.1,13.7,22.1,0,,,12.1,25.9,1020.2,
2022-07-28 00:00:00,19.4,15.5,25.2,0,,,15,31.5,1017.4,
2022-07-29 00:00:00,20.8,14.4,28.4,0,,,8.2,24.1,1018.4,
2022-07-30 00:00:00,21.2,15.9,27,0,,,14.2,33.3,1018.3,
2022-07-31 00:00:00,22.4,19.8,27.6,0,,,19.2,37,1016.2,
2022-08-01 00:00:00,21.9,18.2,27.8,0,,,10.5,31.5,1018,
2022-08-02 00:00:00,21.7,18.3,26.9,0,,,18.7,42.6,1015.3,
2022-08-03 00:00:00,21.5,17.8,27.2,0,,,17.5,37,1013.5,
2022-08-04 00:00:00,20.3,15.8,25.5,0,,,12.3,25.9,1015.2,
2022-08-05 00:00:00,18.6,14.3,23.3,0,,,13.4,27.8,1022.3,
2022-08-06 00:00:00,18.7,10.5,24.8,0,,,7.8,20.4,1028.3,
2022-08-07 00:00:00,20.8,12.6,27.6,0,,,6.2,22.2,1025.9,
2022-08-08 00:00:00,21.9,15.8,29.7,0,,,9.6,22.2,1026.4,
2022-08-09 00:00:00,21.6,15.6,29.1,0,,,11.1,25.9,1028.5,
2022-08-10 00:00:00,21.4,15,30.1,0,,,11.7,29.6,1025.6,773
2022-08-11 00:00:00,24.6,15.7,33.3,0,,,10.2,29.6,1021.5,760
2022-08-12 00:00:00,25.2,17.6,33.9,0,,,12,50,1018.1,735
2022-08-13 00:00:00,25.9,18.2,34.2,0,,,10.1,27.8,1014,711
2022-08-14 00:00:00,25.9,18.2,33.1,0,,,9.9,27.8,1007,525
2022-08-15 00:00:00,23.6,18.1,29.5,0,,,11.3,27.8,1003,306
2022-08-16 00:00:00,20.2,18.4,23.6,0,,,9.1,20.4,1007.3,61
2022-08-17 00:00:00,19.2,16.7,24.2,13.5,,,9.7,29.6,1011.7,46
2022-08-18 00:00:00,21.1,17.5,27.8,14,,,12.9,33.3,1014,290
2022-08-19 00:00:00,20.6,18,25.2,0,,,16.8,46,1014.6,599
2022-08-20 00:00:00,18.9,13.3,26,0,,,17.1,37,1017.3,408
2022-08-21 00:00:00,18.9,14.8,25.4,0,,,10.6,25.9,1015.8,261
2022-08-22 00:00:00,18.6,14,23.4,0,,,11.8,29.6,1014,174
2022-08-23 00:00:00,20.9,17.8,25.6,0,,,14,31.5,1013.9,195
2022-08-24 00:00:00,23.4,20,29.1,0,,,14.4,31.5,1016.2,286
2022-08-25 00:00:00,19.1,16.3,21.7,10.7,,,7.2,20.4,1017.4,81
2022-08-26 00:00:00,18.6,11.3,25.2,16.5,,,5.5,18.5,1019.3,426
2022-08-27 00:00:00,19.9,15.7,25.3,0,,,8.2,24.1,1018.9,423
2022-08-28 00:00:00,18.8,13.8,24.4,0,,,11.7,27.8,1021.7,329
2022-08-29 00:00:00,18.6,15.6,23.3,0,,,12,27.8,1022.8,300
2022-08-30 00:00:00,18.7,13.5,24.4,0,,,13.8,29.6,1023,116
2022-08-31 00:00:00,18.8,13.8,24.2,0,,,14.7,40,1023.6,361
2022-09-01 00:00:00,18.8,15,23.7,2,,,13.3,35,1019.4,138
2022-09-02 00:00:00,19.4,16.3,24.2,2,,,9.4,23,1012.8,82
2022-09-03 00:00:00,18.7,15,23.7,0,,,10.8,44,1009.3,185
2022-09-04 00:00:00,19.8,15.8,24.6,8.9,,,15.8,34,1014.2,57
2022-09-05 00:00:00,19.2,14.5,22.8,2.5,,,11.9,47,1015.1,138
2022-09-06 00:00:00,17.6,14.9,22.2,8.9,,,12.6,41,1011.7,52
2022-09-07 00:00:00,17.2,14,21.3,19.1,,,14.7,37,1008.5,175
2022-09-08 00:00:00,15.7,13,20.1,7.9,,,12,39,1004.2,77
2022-09-09 00:00:00,16.7,14.9,22.1,7.9,0,,12.2,35,1005.9,113
2022-09-10 00:00:00,16.9,12.4,22.5,6.9,0,,7.6,24,1015.1,171
2022-09-11 00:00:00,17.3,12.4,23.4,0,0,,7.7,31,1018,221
2022-09-12 00:00:00,20.1,14.8,26.2,0,0,,8.4,27,1012,161
2022-09-13 00:00:00,17.4,15.9,23,0,0,,7.4,24,1010.6,21
2022-09-14 00:00:00,17,14.4,22,5.8,0,,7.7,24,1007.6,274
2022-09-15 00:00:00,15.3,12.6,19.9,0,0,,8,26,1012.6,188
2022-09-16 00:00:00,13.1,9.9,17.7,0,0,,11.1,37,1017.9,496
2022-09-17 00:00:00,12.2,6,17.6,0,0,,10.6,33,1022.5,630
2022-09-18 00:00:00,13.2,7.7,18,0,0,,12.3,33,1021.5,232
2022-09-19 00:00:00,14.2,11.6,18.6,0,0,,5.6,22,1024.5,135
2022-09-20 00:00:00,14.8,8.8,19.8,0,0,,5.1,17,1026.1,251
2022-09-21 00:00:00,16.4,13.6,21.2,0,0,,6.2,23,1025.7,303
2022-09-22 00:00:00,15.1,9.6,20.7,0,0,,10.6,32,1020.2,275
2022-09-23 00:00:00,15.7,14.5,18.9,2.5,0,,8.9,30,1015.2,93
2022-09-24 00:00:00,13.6,9,18.9,0.5,0,,10.3,33,1016.9,350
2022-09-25 00:00:00,12.6,8.9,16.7,0,0,,11.3,30,1018.4,379
2022-09-26 00:00:00,12.8,11,15.7,1,0,,19,43,1003.6,257
2022-09-27 00:00:00,10.8,8.8,15,0.5,0,,15.4,42,1001.8,174
2022-09-28 00:00:00,10.2,5.3,15.6,1.5,,,9.9,30,1000.3,364
2022-09-29 00:00:00,10.9,6,16.9,0,0,,6.1,21,1003.7,268
2022-09-30 00:00:00,11.9,7.5,16.7,0,0,,16.3,50,1005.9,56
2022-10-01 00:00:00,15.4,11.8,19.5,8.1,0,,20.1,51,1006.9,397
2022-10-02 00:00:00,14.8,11,18.6,0.3,0,,9.9,26,1020.2,244
2022-10-03 00:00:00,12.6,7,18.4,0,0,,8.2,30,1025.6,132
2022-10-04 00:00:00,15.6,13.3,18.3,0,0,,16.8,42,1017.2,94
2022-10-05 00:00:00,15.7,11.5,18.6,0,0,,27.6,66,1012.4,48
2022-10-06 00:00:00,13.1,7.7,19.2,1.3,0,,17.8,42,1027,377
2022-10-07 00:00:00,14.6,11.6,19.5,0,0,,21.8,53,1020,224
2022-10-08 00:00:00,11.7,6.7,17.2,2.3,0,,10.8,25,1022.9,510
2022-10-09 00:00:00,11.2,5.8,18.3,0,0,,12.1,36,1018.1,474
2022-10-10 00:00:00,12.2,9.5,16.1,0.8,0,,8.8,41,1017.7,389
2022-10-11 00:00:00,9.6,4.6,16.5,2.5,0,,4,18,1026.8,499
2022-10-12 00:00:00,11.7,5,17.8,0,0,,10.5,33,1021,114
2022-10-13 00:00:00,13.9,11.3,17.8,3.6,0,,5,21,1015.8,229
2022-10-14 00:00:00,12.6,9.3,16.3,0,0,,9.3,28,1010.3,10
2022-10-15 00:00:00,12.4,7.7,17.8,0.5,0,,17.3,50,1003.9,306
2022-10-16 00:00:00,13.5,10.4,16.7,0.3,0,,16.3,37,1009.7,308
2022-10-17 00:00:00,16.2,11.7,19.3,5.8,0,,16.5,37,1016.6,221
2022-10-18 00:00:00,12.1,6,18,0,0,,7.7,27,1027.3,471
2022-10-19 00:00:00,14.1,11.5,17.2,0,0,,20,49,1019.9,118
2022-10-20 00:00:00,14.7,11.8,17.8,0.3,0,,9.2,34,1007.1,92
2022-10-21 00:00:00,15.1,9.5,18.2,11.9,0,,17.2,51,1001.7,75
2022-10-22 00:00:00,14.7,12.3,18.6,9.7,0,,15.8,37,1008.5,123
2022-10-23 00:00:00,14.9,12.7,19.4,2,0,,12.7,82,1001.5,44
2022-10-24 00:00:00,14.2,11.9,18.7,0,,,21.4,63,1002.1,219
2022-10-25 00:00:00,14,10.6,17.8,3,0,,13.6,32,1010.9,161
2022-10-26 00:00:00,16,14,19.1,0,0,,20.5,58,1010.6,176
2022-10-27 00:00:00,16.2,11.9,20.8,2.3,0,,14,37,1014.1,98
2022-10-28 00:00:00,15.3,12.2,18.7,0.3,0,,14.6,42,1014.9,174
2022-10-29 00:00:00,16.2,10.6,21.8,1.3,0,,12.5,34,1013.9,93
2022-10-30 00:00:00,14.6,12.3,18.3,0,0,,15,41,1014.6,70
2022-10-31 00:00:00,13.8,9.9,17.5,0.8,0,,15.1,39,1010.6,199
2022-11-01 00:00:00,12.7,9.6,16.1,7.6,0,,29.6,95,1005.7,117
2022-11-02 00:00:00,12.1,8,15.2,4.1,0,,24.3,64,1012.7,189
2022-11-03 00:00:00,10.5,7.5,15.2,30.5,0,,10.8,37,1000.9,82
2022-11-04 00:00:00,9.1,6.2,12.8,6.1,,,11.4,36,1010.5,351
2022-11-05 00:00:00,10.4,5.7,13.6,0,,,13.9,39,1013.4,0
2022-11-06 00:00:00,12.4,10.3,14.1,4.8,,,16.2,47,1003.2,25
2022-11-07 00:00:00,13.3,9.5,15.1,19.1,,,19.8,56,1003.3,1
2022-11-08 00:00:00,13.1,10.9,15.3,2.3,,,24,60,997.6,90
2022-11-09 00:00:00,11.7,10,15,6.4,,,20.2,48,1006.7,200
2022-11-10 00:00:00,13,9.3,15.2,0,,,19.9,51,1020,70
2022-11-11 00:00:00,14.4,11.8,16.5,0,,,16.9,41,1025.7,127
2022-11-12 00:00:00,12,8.8,16.9,0,,,10.2,22,1026.5,275
2022-11-13 00:00:00,11.7,9.1,14.4,0,,,9.4,23,1019.4,288
2022-11-14 00:00:00,11,7.4,14,0.3,,,7.7,31,1008.4,43
2022-11-15 00:00:00,11.1,8.3,14.7,0.8,,,18.6,44,995.9,44
2022-11-16 00:00:00,9.7,7.1,12.7,0,,,15.5,43,988.4,83
2022-11-17 00:00:00,9.9,8.6,11.8,16.5,,,26.9,53,983.7,61
2022-11-18 00:00:00,9.7,7.1,12.7,1.5,,,19.3,41,1000.9,193
2022-11-19 00:00:00,8.2,4,10.8,0,,,10.2,25,1012.3,116
2022-11-20 00:00:00,7.6,4,11.4,1.3,,,13.3,41,1008.4,172
2022-11-21 00:00:00,6.7,3.7,9.2,4.8,,,19.7,65,993.9,4
2022-11-22 00:00:00,6.7,5.2,10.8,5.8,,,15.2,40,988.9,141
2022-11-23 00:00:00,8.8,2.6,12.6,0.3,,,19.9,61,992,164
2022-11-24 00:00:00,9.4,5.9,13.2,2.5,,,18.5,60,1002.5,50
2022-11-25 00:00:00,9.4,7.5,12.5,1.5,,,15.7,31,1015,304
2022-11-26 00:00:00,10.4,7.5,12.4,0,,,17.1,49,1022.5,34
2022-11-27 00:00:00,11.6,9.5,13.4,3,,,14.6,51,1012.2,22
2022-11-28 00:00:00,8.1,4.4,11.9,1.3,,,6.6,26,1009.4,108
2022-11-29 00:00:00,6.3,4.3,8.2,0.5,,,5.6,16,1020.1,6
2022-11-30 00:00:00,7.1,4,9.7,0,,,5,17,1025.5,87
2022-12-01 00:00:00,5.2,3.7,7.2,0,,,5.9,17,1029.1,72
2022-12-02 00:00:00,5.5,3.9,7.6,0,,,9.8,36,1025.8,58
2022-12-03 00:00:00,6.1,5,7.7,0.3,,,16.5,39,1020.6,7
2022-12-04 00:00:00,4.7,3.9,6.5,0,,,13.6,36,1017.1,0
2022-12-05 00:00:00,6,3.8,8.3,0.3,,,11,28,1022.1,12
2022-12-06 00:00:00,4.8,2.9,7.4,0,,,8.2,24,1024,169
2022-12-07 00:00:00,2.7,-0.3,6.4,0,,,6.9,19,1021.2,214
2022-12-08 00:00:00,0.1,-3.2,4,0,,,6,16,1011.9,299
2022-12-09 00:00:00,0.2,-3.7,3.6,0.5,,,5.8,18,1008.9,274
2022-12-10 00:00:00,-0.7,-4.3,5,0,,,4.8,15,1010,237
2022-12-11 00:00:00,-1.7,-3.8,1.3,0,,,4.9,22,1008,23
2022-12-12 00:00:00,0,-1,1.4,0,,,7.6,21,1008.8,14
2022-12-13 00:00:00,-0.5,-1.8,1.7,0.3,,,8.8,22,1007.4,32
2022-12-14 00:00:00,-0.7,-2.1,1.3,0,,,9.5,29,1006.2,153
2022-12-15 00:00:00,-1.8,-5.4,2.2,0,,,5.2,16,1011.6,336
2022-12-16 00:00:00,-1.4,-3.4,3.2,0,1,,4.7,17,1018.4,300
2022-12-17 00:00:00,-0.8,-5.4,5,0,1,,7.5,24,1022.3,49
2022-12-18 00:00:00,2.6,-3.9,9.8,0.3,,,15.9,36,1016,0
2022-12-19 00:00:00,12.3,6.5,13.3,7.9,,,27.2,55,1006.4,0
2022-12-20 00:00:00,9.8,5.5,13.3,5.8,,,17.9,51,1007.1,199
2022-12-21 00:00:00,8.2,4.3,12.2,0.3,,,11.7,30,1006.2,81
2022-12-22 00:00:00,8.9,5.8,12,0,,,14,36,1003.3,0
2022-12-23 00:00:00,9.7,7.8,13.9,0.3,,,16.3,53,1002.6,69
2022-12-24 00:00:00,8.8,6.9,11,14.2,,,13.8,31,1009.6,122
2022-12-25 00:00:00,10.2,8.9,11.6,2,,,14.7,32,1007.8,18
2022-12-26 00:00:00,6.8,3.4,10.4,1.5,,,19.7,54,1015.6,268
2022-12-27 00:00:00,6.9,1.9,10.8,0,,,18.7,57,1019.3,19
2022-12-28 00:00:00,10.7,8.2,12,5.8,,,26.7,57,1001.9,1
2022-12-29 00:00:00,8.5,5.8,11.7,4.1,,,26.8,58,1000.9,163
2022-12-30 00:00:00,10,4.5,13.4,0,,,24.4,57,997.1,2
2022-12-31 00:00:00,12.7,10.3,14.1,2.3,,,28.2,64,999.4,1
2023-01-01 00:00:00,10.6,7.5,13.6,4.8,,,19,50,1007.9,61
