t,date,layoff_share,joblosers_share,cpi_infl,log_claims,claims,credit_spr,vix,sentiment,log_oil,oil,layoff_share_lag1,joblosers_share_lag1,log_claims_lag1,credit_spr_lag1,vix_lag1,cpi_infl_lag1,sentiment_lag1,log_oil_lag1,layoff_share_lag2,joblosers_share_lag2,log_claims_lag2,credit_spr_lag2,vix_lag2,cpi_infl_lag2,sentiment_lag2,log_oil_lag2,layoff_share_lag3,joblosers_share_lag3,log_claims_lag3,credit_spr_lag3,vix_lag3,cpi_infl_lag3,sentiment_lag3,log_oil_lag3,layoff_share_lag4,joblosers_share_lag4,log_claims_lag4,credit_spr_lag4,vix_lag4,cpi_infl_lag4,sentiment_lag4,log_oil_lag4
1,1990-01-01,0.15279816513761468,0.4670756880733945,5.19802,12.796633237315017,361000.0,1.7299999999999986,23.35,93.0,3.1293886583666644,22.86,,,,,,,,,,,,,,,,,,,,,,,,,,,,,,,,
2,1990-02-01,0.1388302752293578,0.4531077981651376,5.26316,12.788986345690418,358250.0,1.67,23.26,89.5,3.096029994869355,22.11,0.15279816513761468,0.4670756880733945,12.796633237315017,1.7299999999999986,23.35,5.19802,93.0,3.1293886583666644,,,,,,,,,,,,,,,,,,,,,,,,
3,1990-03-01,0.1388302752293578,0.46208715596330274,5.23732,12.75187923819141,345200.0,1.620000000000001,20.06,91.3,3.015044584586364,20.39,0.1388302752293578,0.4531077981651376,12.788986345690418,1.67,23.26,5.26316,89.5,3.096029994869355,0.15279816513761468,0.4670756880733945,12.796633237315017,1.7299999999999986,23.35,5.19802,93.0,3.1293886583666644,,,,,,,,,,,,,,,,
4,1990-04-01,0.14182339449541284,0.4650802752293578,4.71162,12.79870864449373,361750.0,1.5100000000000016,21.4,93.9,2.9139797716817317,18.43,0.1388302752293578,0.46208715596330274,12.75187923819141,1.620000000000001,20.06,5.23732,91.3,3.015044584586364,0.1388302752293578,0.4531077981651376,12.788986345690418,1.67,23.26,5.26316,89.5,3.096029994869355,0.15279816513761468,0.4670756880733945,12.796633237315017,1.7299999999999986,23.35,5.19802,93.0,3.1293886583666644,,,,,,,,
5,1990-05-01,0.14581422018348622,0.47306192660550456,4.3654,12.780577045959348,355250.0,1.6500000000000004,18.1,90.6,2.9014215940827497,18.2,0.14182339449541284,0.4650802752293578,12.79870864449373,1.5100000000000016,21.4,4.71162,93.9,2.9139797716817317,0.1388302752293578,0.46208715596330274,12.75187923819141,1.620000000000001,20.06,5.23732,91.3,3.015044584586364,0.1388302752293578,0.4531077981651376,12.788986345690418,1.67,23.26,5.26316,89.5,3.096029994869355,0.15279816513761468,0.4670756880733945,12.796633237315017,1.7299999999999986,23.35,5.19802,93.0,3.1293886583666644
6,1990-06-01,0.14082568807339452,0.47805045871559626,4.67365,12.80050385315096,362400.0,1.7400000000000002,16.82,88.3,2.8154087194227095,16.7,0.14581422018348622,0.47306192660550456,12.780577045959348,1.6500000000000004,18.1,4.3654,90.6,2.9014215940827497,0.14182339449541284,0.4650802752293578,12.79870864449373,1.5100000000000016,21.4,4.71162,93.9,2.9139797716817317,0.1388302752293578,0.46208715596330274,12.75187923819141,1.620000000000001,20.06,5.23732,91.3,3.015044584586364,0.1388302752293578,0.4531077981651376,12.788986345690418,1.67,23.26,5.26316,89.5,3.096029994869355
7,1990-07-01,0.14780963302752292,0.477052752293578,4.81928,12.813117127036707,367000.0,1.7299999999999986,18.39,88.2,2.915064370486536,18.45,0.14082568807339452,0.47805045871559626,12.80050385315096,1.7400000000000002,16.82,4.67365,88.3,2.8154087194227095,0.14581422018348622,0.47306192660550456,12.780577045959348,1.6500000000000004,18.1,4.3654,90.6,2.9014215940827497,0.14182339449541284,0.4650802752293578,12.79870864449373,1.5100000000000016,21.4,4.71162,93.9,2.9139797716817317,0.1388302752293578,0.46208715596330274,12.75187923819141,1.620000000000001,20.06,5.23732,91.3,3.015044584586364
8,1990-08-01,0.14182339449541284,0.48603211009174313,5.70281,12.859048661400843,384250.0,1.6600000000000001,28.18,76.4,3.3072529354856135,27.31,0.14780963302752292,0.477052752293578,12.813117127036707,1.7299999999999986,18.39,4.81928,88.2,2.915064370486536,0.14082568807339452,0.47805045871559626,12.80050385315096,1.7400000000000002,16.82,4.67365,88.3,2.8154087194227095,0.14581422018348622,0.47306192660550456,12.780577045959348,1.6500000000000004,18.1,4.3654,90.6,2.9014215940827497,0.14182339449541284,0.4650802752293578,12.79870864449373,1.5100000000000016,21.4,4.71162,93.9,2.9139797716817317
9,1990-09-01,0.15678899082568806,0.49201834862385324,6.16987,12.884106188280072,394000.0,1.75,29.11,72.8,3.511843901749219,33.51,0.14182339449541284,0.48603211009174313,12.859048661400843,1.6600000000000001,28.18,5.70281,76.4,3.3072529354856135,0.14780963302752292,0.477052752293578,12.813117127036707,1.7299999999999986,18.39,4.81928,88.2,2.915064370486536,0.14082568807339452,0.47805045871559626,12.80050385315096,1.7400000000000002,16.82,4.67365,88.3,2.8154087194227095,0.14581422018348622,0.47306192660550456,12.780577045959348,1.6500000000000004,18.1,4.3654,90.6,2.9014215940827497
10,1990-10-01,0.14980504587155963,0.5009977064220184,6.37959,12.960432510258109,425250.0,2.0199999999999996,29.63,63.9,3.584629432740137,36.04,0.15678899082568806,0.49201834862385324,12.884106188280072,1.75,29.11,6.16987,72.8,3.511843901749219,0.14182339449541284,0.48603211009174313,12.859048661400843,1.6600000000000001,28.18,5.70281,76.4,3.3072529354856135,0.14780963302752292,0.477052752293578,12.813117127036707,1.7299999999999986,18.39,4.81928,88.2,2.915064370486536,0.14082568807339452,0.47805045871559626,12.80050385315096,1.7400000000000002,16.82,4.67365,88.3,2.8154087194227095
11,1990-11-01,0.1557912844036697,0.5119724770642202,6.19539,13.009754433021675,446750.0,2.2299999999999986,24.89,66.0,3.4759955917373415,32.33,0.14980504587155963,0.5009977064220184,12.960432510258109,2.0199999999999996,29.63,6.37959,63.9,3.584629432740137,0.15678899082568806,0.49201834862385324,12.884106188280072,1.75,29.11,6.16987,72.8,3.511843901749219,0.14182339449541284,0.48603211009174313,12.859048661400843,1.6600000000000001,28.18,5.70281,76.4,3.3072529354856135,0.14780963302752292,0.477052752293578,12.813117127036707,1.7299999999999986,18.39,4.81928,88.2,2.915064370486536
12,1990-12-01,0.15080275229357798,0.5,6.25495,13.028052697933088,455000.0,2.3499999999999996,23.36,65.5,3.3061538329752613,27.28,0.1557912844036697,0.5119724770642202,13.009754433021675,2.2299999999999986,24.89,6.19539,66.0,3.4759955917373415,0.14980504587155963,0.5009977064220184,12.960432510258109,2.0199999999999996,29.63,6.37959,63.9,3.584629432740137,0.15678899082568806,0.49201834862385324,12.884106188280072,1.75,29.11,6.16987,72.8,3.511843901749219,0.14182339449541284,0.48603211009174313,12.859048661400843,1.6600000000000001,28.18,5.70281,76.4,3.3072529354856135
13,1991-01-01,0.1488073394495413,0.5269380733944954,5.64706,12.993961662599805,439750.0,2.3599999999999994,27.43,66.8,3.2280337626529665,25.23,0.15080275229357798,0.5,13.028052697933088,2.3499999999999996,23.36,6.25495,65.5,3.3061538329752613,0.1557912844036697,0.5119724770642202,13.009754433021675,2.2299999999999986,24.89,6.19539,66.0,3.4759955917373415,0.14980504587155963,0.5009977064220184,12.960432510258109,2.0199999999999996,29.63,6.37959,63.9,3.584629432740137,0.15678899082568806,0.49201834862385324,12.884106188280072,1.75,29.11,6.16987,72.8,3.511843901749219
14,1991-02-01,0.1757454128440367,0.539908256880734,5.3125,13.089840185698769,484000.0,2.2200000000000006,21.6,70.4,3.019448800171307,20.48,0.1488073394495413,0.5269380733944954,12.993961662599805,2.3599999999999994,27.43,5.64706,66.8,3.2280337626529665,0.15080275229357798,0.5,13.028052697933088,2.3499999999999996,23.36,6.25495,65.5,3.3061538329752613,0.1557912844036697,0.5119724770642202,13.009754433021675,2.2299999999999986,24.89,6.19539,66.0,3.4759955917373415,0.14980504587155963,0.5009977064220184,12.960432510258109,2.0199999999999996,29.63,6.37959,63.9,3.584629432740137
15,1991-03-01,0.16177752293577982,0.5448967889908257,4.82115,13.119559450071595,498600.0,1.9800000000000004,17.74,87.7,2.990719731730447,19.9,0.1757454128440367,0.539908256880734,13.089840185698769,2.2200000000000006,21.6,5.3125,70.4,3.019448800171307,0.1488073394495413,0.5269380733944954,12.993961662599805,2.3599999999999994,27.43,5.64706,66.8,3.2280337626529665,0.15080275229357798,0.5,13.028052697933088,2.3499999999999996,23.36,6.25495,65.5,3.3061538329752613,0.1557912844036697,0.5119724770642202,13.009754433021675,2.2299999999999986,24.89,6.19539,66.0,3.4759955917373415
16,1991-04-01,0.1607798165137615,0.5429013761467889,4.80993,13.05461972531781,467250.0,1.9000000000000004,17.37,81.8,3.0363942552728806,20.83,0.16177752293577982,0.5448967889908257,13.119559450071595,1.9800000000000004,17.74,4.82115,87.7,2.990719731730447,0.1757454128440367,0.539908256880734,13.089840185698769,2.2200000000000006,21.6,5.3125,70.4,3.019448800171307,0.1488073394495413,0.5269380733944954,12.993961662599805,2.3599999999999994,27.43,5.64706,66.8,3.2280337626529665,0.15080275229357798,0.5,13.028052697933088,2.3499999999999996,23.36,6.25495,65.5,3.3061538329752613
17,1991-05-01,0.1557912844036697,0.5359174311926606,5.03486,13.010313873595706,447000.0,1.7899999999999991,16.93,78.3,3.055415275715165,21.23,0.1607798165137615,0.5429013761467889,13.05461972531781,1.9000000000000004,17.37,4.80993,81.8,3.0363942552728806,0.16177752293577982,0.5448967889908257,13.119559450071595,1.9800000000000004,17.74,4.82115,87.7,2.990719731730447,0.1757454128440367,0.539908256880734,13.089840185698769,2.2200000000000006,21.6,5.3125,70.4,3.019448800171307,0.1488073394495413,0.5269380733944954,12.993961662599805,2.3599999999999994,27.43,5.64706,66.8,3.2280337626529665
18,1991-06-01,0.15279816513761468,0.5419036697247707,4.69592,12.968279362021613,428600.0,1.6800000000000015,17.14,82.1,3.005187432324746,20.19,0.1557912844036697,0.5359174311926606,13.010313873595706,1.7899999999999991,16.93,5.03486,78.3,3.055415275715165,0.1607798165137615,0.5429013761467889,13.05461972531781,1.9000000000000004,17.37,4.80993,81.8,3.0363942552728806,0.16177752293577982,0.5448967889908257,13.119559450071595,1.9800000000000004,17.74,4.82115,87.7,2.990719731730447,0.1757454128440367,0.539908256880734,13.089840185698769,2.2200000000000006,21.6,5.3125,70.4,3.019448800171307
19,1991-07-01,0.14182339449541284,0.5508830275229358,4.36782,12.94383461884907,418250.0,1.620000000000001,17.29,82.9,3.0633909220278057,21.4,0.15279816513761468,0.5419036697247707,12.968279362021613,1.6800000000000015,17.14,4.69592,82.1,3.005187432324746,0.1557912844036697,0.5359174311926606,13.010313873595706,1.7899999999999991,16.93,5.03486,78.3,3.055415275715165,0.1607798165137615,0.5429013761467889,13.05461972531781,1.9000000000000004,17.37,4.80993,81.8,3.0363942552728806,0.16177752293577982,0.5448967889908257,13.119559450071595,1.9800000000000004,17.74,4.82115,87.7,2.990719731730447
20,1991-08-01,0.1488073394495413,0.5478899082568807,3.79939,12.975254512366117,431600.0,1.75,15.68,82.0,3.076851324838783,21.69,0.14182339449541284,0.5508830275229358,12.94383461884907,1.620000000000001,17.29,4.36782,82.9,3.0633909220278057,0.15279816513761468,0.5419036697247707,12.968279362021613,1.6800000000000015,17.14,4.69592,82.1,3.005187432324746,0.1557912844036697,0.5359174311926606,13.010313873595706,1.7899999999999991,16.93,5.03486,78.3,3.055415275715165,0.1607798165137615,0.5429013761467889,13.05461972531781,1.9000000000000004,17.37,4.80993,81.8,3.0363942552728806
21,1991-09-01,0.13384174311926605,0.5538761467889908,3.39623,12.958667284733538,424500.0,1.8599999999999994,16.96,83.0,3.0860299115347716,21.89,0.1488073394495413,0.5478899082568807,12.975254512366117,1.75,15.68,3.79939,82.0,3.076851324838783,0.14182339449541284,0.5508830275229358,12.94383461884907,1.620000000000001,17.29,4.36782,82.9,3.0633909220278057,0.15279816513761468,0.5419036697247707,12.968279362021613,1.6800000000000015,17.14,4.69592,82.1,3.005187432324746,0.1557912844036697,0.5359174311926606,13.010313873595706,1.7899999999999991,16.93,5.03486,78.3,3.055415275715165
22,1991-10-01,0.13982798165137617,0.5419036697247707,2.84858,12.954536266760826,422750.0,1.96,16.36,78.3,3.145444546782318,23.23,0.13384174311926605,0.5538761467889908,12.958667284733538,1.8599999999999994,16.96,3.39623,83.0,3.0860299115347716,0.1488073394495413,0.5478899082568807,12.975254512366117,1.75,15.68,3.79939,82.0,3.076851324838783,0.14182339449541284,0.5508830275229358,12.94383461884907,1.620000000000001,17.29,4.36782,82.9,3.0633909220278057,0.15279816513761468,0.5419036697247707,12.968279362021613,1.6800000000000015,17.14,4.69592,82.1,3.005187432324746
23,1991-11-01,0.1368348623853211,0.5448967889908257,3.06657,13.006728033805404,445400.0,2.0299999999999994,17.77,69.1,3.111735949310297,22.46,0.13982798165137617,0.5419036697247707,12.954536266760826,1.96,16.36,2.84858,78.3,3.145444546782318,0.13384174311926605,0.5538761467889908,12.958667284733538,1.8599999999999994,16.96,3.39623,83.0,3.0860299115347716,0.1488073394495413,0.5478899082568807,12.975254512366117,1.75,15.68,3.79939,82.0,3.076851324838783,0.14182339449541284,0.5508830275229358,12.94383461884907,1.620000000000001,17.29,4.36782,82.9,3.0633909220278057
24,1991-12-01,0.13783256880733943,0.5548738532110092,2.98063,13.031891474240252,456750.0,2.17,18.35,68.2,2.970414465569701,19.5,0.1368348623853211,0.5448967889908257,13.006728033805404,2.0299999999999994,17.77,3.06657,69.1,3.111735949310297,0.13982798165137617,0.5419036697247707,12.954536266760826,1.96,16.36,2.84858,78.3,3.145444546782318,0.13384174311926605,0.5538761467889908,12.958667284733538,1.8599999999999994,16.96,3.39623,83.0,3.0860299115347716,0.1488073394495413,0.5478899082568807,12.975254512366117,1.75,15.68,3.79939,82.0,3.076851324838783
25,1992-01-01,0.13184633027522935,0.539908256880734,2.67261,12.992254692057308,439000.0,2.1000000000000005,17.68,67.5,2.933324813425374,18.79,0.13783256880733943,0.5548738532110092,13.031891474240252,2.17,18.35,2.98063,68.2,2.970414465569701,0.1368348623853211,0.5448967889908257,13.006728033805404,2.0299999999999994,17.77,3.06657,69.1,3.111735949310297,0.13982798165137617,0.5419036697247707,12.954536266760826,1.96,16.36,2.84858,78.3,3.145444546782318,0.13384174311926605,0.5538761467889908,12.958667284733538,1.8599999999999994,16.96,3.39623,83.0,3.0860299115347716
26,1992-02-01,0.1368348623853211,0.5698394495412844,2.81899,12.999517547405484,442200.0,1.8900000000000006,17.48,68.8,2.944965156500338,19.01,0.13184633027522935,0.539908256880734,12.992254692057308,2.1000000000000005,17.68,2.67261,67.5,2.933324813425374,0.13783256880733943,0.5548738532110092,13.031891474240252,2.17,18.35,2.98063,68.2,2.970414465569701,0.1368348623853211,0.5448967889908257,13.006728033805404,2.0299999999999994,17.77,3.06657,69.1,3.111735949310297,0.13982798165137617,0.5419036697247707,12.954536266760826,1.96,16.36,2.84858,78.3,3.145444546782318
27,1992-03-01,0.1348394495412844,0.5738302752293577,3.18991,12.970377020406447,429500.0,1.71,17.52,76.0,2.9402195636237325,18.92,0.1368348623853211,0.5698394495412844,12.999517547405484,1.8900000000000006,17.48,2.81899,68.8,2.944965156500338,0.13184633027522935,0.539908256880734,12.992254692057308,2.1000000000000005,17.68,2.67261,67.5,2.933324813425374,0.13783256880733943,0.5548738532110092,13.031891474240252,2.17,18.35,2.98063,68.2,2.970414465569701,0.1368348623853211,0.5448967889908257,13.006728033805404,2.0299999999999994,17.77,3.06657,69.1,3.111735949310297
28,1992-04-01,0.1368348623853211,0.5728325688073393,3.18283,12.94383461884907,418250.0,1.7300000000000004,16.56,77.2,3.007166651179654,20.23,0.1348394495412844,0.5738302752293577,12.970377020406447,1.71,17.52,3.18991,76.0,2.9402195636237325,0.1368348623853211,0.5698394495412844,12.999517547405484,1.8900000000000006,17.48,2.81899,68.8,2.944965156500338,0.13184633027522935,0.539908256880734,12.992254692057308,2.1000000000000005,17.68,2.67261,67.5,2.933324813425374,0.13783256880733943,0.5548738532110092,13.031891474240252,2.17,18.35,2.98063,68.2,2.970414465569701
29,1992-05-01,0.12885321100917432,0.5768233944954129,3.0236,12.941800273625237,417400.0,1.740000000000001,15.08,79.2,3.043569602968151,20.98,0.1368348623853211,0.5728325688073393,12.94383461884907,1.7300000000000004,16.56,3.18283,77.2,3.007166651179654,0.1348394495412844,0.5738302752293577,12.970377020406447,1.71,17.52,3.18991,76.0,2.9402195636237325,0.1368348623853211,0.5698394495412844,12.999517547405484,1.8900000000000006,17.48,2.81899,68.8,2.944965156500338,0.13184633027522935,0.539908256880734,12.992254692057308,2.1000000000000005,17.68,2.67261,67.5,2.933324813425374
30,1992-06-01,0.13184633027522935,0.559862385321101,3.01471,12.945029362121414,418750.0,1.790000000000001,15.2,80.4,3.108167702883779,22.38,0.12885321100917432,0.5768233944954129,12.941800273625237,1.740000000000001,15.08,3.0236,79.2,3.043569602968151,0.1368348623853211,0.5728325688073393,12.94383461884907,1.7300000000000004,16.56,3.18283,77.2,3.007166651179654,0.1348394495412844,0.5738302752293577,12.970377020406447,1.71,17.52,3.18991,76.0,2.9402195636237325,0.1368348623853211,0.5698394495412844,12.999517547405484,1.8900000000000006,17.48,2.81899,68.8,2.944965156500338
31,1992-07-01,0.12885321100917432,0.5568692660550459,3.15712,13.00076055564508,442750.0,2.0,13.6,76.6,3.0809921175048145,21.78,0.13184633027522935,0.559862385321101,12.945029362121414,1.790000000000001,15.2,3.01471,80.4,3.108167702883779,0.12885321100917432,0.5768233944954129,12.941800273625237,1.740000000000001,15.08,3.0236,79.2,3.043569602968151,0.1368348623853211,0.5728325688073393,12.94383461884907,1.7300000000000004,16.56,3.18283,77.2,3.007166651179654,0.1348394495412844,0.5738302752293577,12.970377020406447,1.71,17.52,3.18991,76.0,2.9402195636237325
32,1992-08-01,0.12586009174311927,0.5498853211009175,3.07467,12.91705974421845,407200.0,2.0600000000000005,14.42,76.1,3.060583245873607,21.34,0.12885321100917432,0.5568692660550459,13.00076055564508,2.0,13.6,3.15712,76.6,3.0809921175048145,0.13184633027522935,0.559862385321101,12.945029362121414,1.790000000000001,15.2,3.01471,80.4,3.108167702883779,0.12885321100917432,0.5768233944954129,12.941800273625237,1.740000000000001,15.08,3.0236,79.2,3.043569602968151,0.1368348623853211,0.5728325688073393,12.94383461884907,1.7300000000000004,16.56,3.18283,77.2,3.007166651179654
33,1992-09-01,0.14581422018348622,0.5568692660550459,2.9927,12.94084150078094,417000.0,2.1999999999999993,13.7,75.6,3.0855729775537806,21.88,0.12586009174311927,0.5498853211009175,12.91705974421845,2.0600000000000005,14.42,3.07467,76.1,3.060583245873607,0.12885321100917432,0.5568692660550459,13.00076055564508,2.0,13.6,3.15712,76.6,3.0809921175048145,0.13184633027522935,0.559862385321101,12.945029362121414,1.790000000000001,15.2,3.01471,80.4,3.108167702883779,0.12885321100917432,0.5768233944954129,12.941800273625237,1.740000000000001,15.08,3.0236,79.2,3.043569602968151
34,1992-10-01,0.1348394495412844,0.5768233944954129,3.27988,12.842120234049546,377800.0,2.25,17.64,73.3,3.076851324838783,21.69,0.14581422018348622,0.5568692660550459,12.94084150078094,2.1999999999999993,13.7,2.9927,75.6,3.0855729775537806,0.12586009174311927,0.5498853211009175,12.91705974421845,2.0600000000000005,14.42,3.07467,76.1,3.060583245873607,0.12885321100917432,0.5568692660550459,13.00076055564508,2.0,13.6,3.15712,76.6,3.0809921175048145,0.13184633027522935,0.559862385321101,12.945029362121414,1.790000000000001,15.2,3.01471,80.4,3.108167702883779
35,1992-11-01,0.12685779816513762,0.5518807339449542,3.12046,12.80008986018293,362250.0,2.0900000000000007,14.42,85.3,3.012589390620414,20.34,0.1348394495412844,0.5768233944954129,12.842120234049546,2.25,17.64,3.27988,73.3,3.076851324838783,0.14581422018348622,0.5568692660550459,12.94084150078094,2.1999999999999993,13.7,2.9927,75.6,3.0855729775537806,0.12586009174311927,0.5498853211009175,12.91705974421845,2.0600000000000005,14.42,3.07467,76.1,3.060583245873607,0.12885321100917432,0.5568692660550459,13.00076055564508,2.0,13.6,3.15712,76.6,3.0809921175048145
36,1992-12-01,0.12486238532110092,0.5409059633027523,2.96671,12.733755386362587,339000.0,2.040000000000001,12.19,91.0,2.9657883971809187,19.41,0.12685779816513762,0.5518807339449542,12.80008986018293,2.0900000000000007,14.42,3.12046,85.3,3.012589390620414,0.1348394495412844,0.5768233944954129,12.842120234049546,2.25,17.64,3.27988,73.3,3.076851324838783,0.14581422018348622,0.5568692660550459,12.94084150078094,2.1999999999999993,13.7,2.9927,75.6,3.0855729775537806,0.12586009174311927,0.5498853211009175,12.91705974421845,2.0600000000000005,14.42,3.07467,76.1,3.060583245873607
37,1993-01-01,0.11089449541284405,0.5359174311926606,3.2538,12.753037315912037,345600.0,2.0700000000000003,12.41,89.3,2.946016681308058,19.03,0.12486238532110092,0.5409059633027523,12.733755386362587,2.040000000000001,12.19,2.96671,91.0,2.9657883971809187,0.12685779816513762,0.5518807339449542,12.80008986018293,2.0900000000000007,14.42,3.12046,85.3,3.012589390620414,0.1348394495412844,0.5768233944954129,12.842120234049546,2.25,17.64,3.27988,73.3,3.076851324838783,0.14581422018348622,0.5568692660550459,12.94084150078094,2.1999999999999993,13.7,2.9927,75.6,3.0855729775537806
38,1993-02-01,0.11688073394495412,0.5279357798165137,3.24675,12.731540546033035,338250.0,2.130000000000001,13.72,86.6,3.000222178826843,20.09,0.11089449541284405,0.5359174311926606,12.753037315912037,2.0700000000000003,12.41,3.2538,89.3,2.946016681308058,0.12486238532110092,0.5409059633027523,12.733755386362587,2.040000000000001,12.19,2.96671,91.0,2.9657883971809187,0.12685779816513762,0.5518807339449542,12.80008986018293,2.0900000000000007,14.42,3.12046,85.3,3.012589390620414,0.1348394495412844,0.5768233944954129,12.842120234049546,2.25,17.64,3.27988,73.3,3.076851324838783
39,1993-03-01,0.12486238532110092,0.5508830275229358,3.01941,12.768541502448002,351000.0,2.17,13.61,85.9,3.011605622710281,20.32,0.11688073394495412,0.5279357798165137,12.731540546033035,2.130000000000001,13.72,3.24675,86.6,3.000222178826843,0.11089449541284405,0.5359174311926606,12.753037315912037,2.0700000000000003,12.41,3.2538,89.3,2.946016681308058,0.12486238532110092,0.5409059633027523,12.733755386362587,2.040000000000001,12.19,2.96671,91.0,2.9657883971809187,0.12685779816513762,0.5518807339449542,12.80008986018293,2.0900000000000007,14.42,3.12046,85.3,3.012589390620414
40,1993-04-01,0.12087155963302751,0.5498853211009175,3.15638,12.77916859502229,354750.0,2.170000000000001,12.84,85.6,3.0081547935525483,20.25,0.12486238532110092,0.5508830275229358,12.768541502448002,2.17,13.61,3.01941,85.9,3.011605622710281,0.11688073394495412,0.5279357798165137,12.731540546033035,2.130000000000001,13.72,3.24675,86.6,3.000222178826843,0.11089449541284405,0.5359174311926606,12.753037315912037,2.0700000000000003,12.41,3.2538,89.3,2.946016681308058,0.12486238532110092,0.5409059633027523,12.733755386362587,2.040000000000001,12.19,2.96671,91.0,2.9657883971809187
41,1993-05-01,0.13384174311926605,0.5339220183486239,3.22119,12.747233469092237,343600.0,2.170000000000001,13.61,80.3,2.9932291433358724,19.95,0.12087155963302751,0.5498853211009175,12.77916859502229,2.170000000000001,12.84,3.15638,85.6,3.0081547935525483,0.12486238532110092,0.5508830275229358,12.768541502448002,2.17,13.61,3.01941,85.9,3.011605622710281,0.11688073394495412,0.5279357798165137,12.731540546033035,2.130000000000001,13.72,3.24675,86.6,3.000222178826843,0.11089449541284405,0.5359174311926606,12.753037315912037,2.0700000000000003,12.41,3.2538,89.3,2.946016681308058
42,1993-06-01,0.12586009174311927,0.5438990825688074,2.99786,12.74475659742456,342750.0,2.1100000000000003,12.52,81.5,2.949164637737656,19.09,0.13384174311926605,0.5339220183486239,12.747233469092237,2.170000000000001,13.61,3.22119,80.3,2.9932291433358724,0.12087155963302751,0.5498853211009175,12.77916859502229,2.170000000000001,12.84,3.15638,85.6,3.0081547935525483,0.12486238532110092,0.5508830275229358,12.768541502448002,2.17,13.61,3.01941,85.9,3.011605622710281,0.11688073394495412,0.5279357798165137,12.731540546033035,2.130000000000001,13.72,3.24675,86.6,3.000222178826843
43,1993-07-01,0.12785550458715594,0.5498853211009175,2.84698,12.767971539480165,350800.0,2.12,11.5,77.0,2.884241897520628,17.89,0.12586009174311927,0.5438990825688074,12.74475659742456,2.1100000000000003,12.52,2.99786,81.5,2.949164637737656,0.13384174311926605,0.5339220183486239,12.747233469092237,2.170000000000001,13.61,3.22119,80.3,2.9932291433358724,0.12087155963302751,0.5498853211009175,12.77916859502229,2.170000000000001,12.84,3.15638,85.6,3.0081547935525483,0.12486238532110092,0.5508830275229358,12.768541502448002,2.17,13.61,3.01941,85.9,3.011605622710281
44,1993-08-01,0.1368348623853211,0.5548738532110092,2.84091,12.739637756265655,341000.0,1.92,11.93,77.3,2.8909271591878647,18.01,0.12785550458715594,0.5498853211009175,12.767971539480165,2.12,11.5,2.84698,77.0,2.884241897520628,0.12586009174311927,0.5438990825688074,12.74475659742456,2.1100000000000003,12.52,2.99786,81.5,2.949164637737656,0.13384174311926605,0.5339220183486239,12.747233469092237,2.170000000000001,13.61,3.22119,80.3,2.9932291433358724,0.12087155963302751,0.5498853211009175,12.77916859502229,2.170000000000001,12.84,3.15638,85.6,3.0081547935525483
45,1993-09-01,0.13982798165137617,0.5468922018348624,2.764,12.733755386362587,339000.0,1.9799999999999995,12.93,77.9,2.8622008809294686,17.5,0.1368348623853211,0.5548738532110092,12.739637756265655,1.92,11.93,2.84091,77.3,2.8909271591878647,0.12785550458715594,0.5498853211009175,12.767971539480165,2.12,11.5,2.84698,77.0,2.884241897520628,0.12586009174311927,0.5438990825688074,12.74475659742456,2.1100000000000003,12.52,2.99786,81.5,2.949164637737656,0.13384174311926605,0.5339220183486239,12.747233469092237,2.170000000000001,13.61,3.22119,80.3,2.9932291433358724
46,1993-10-01,0.14681192660550457,0.5458944954128441,2.75229,12.76511684156664,349800.0,1.9799999999999995,11.88,82.7,2.8986705607108596,18.15,0.13982798165137617,0.5468922018348624,12.733755386362587,1.9799999999999995,12.93,2.764,77.9,2.8622008809294686,0.1368348623853211,0.5548738532110092,12.739637756265655,1.92,11.93,2.84091,77.3,2.8909271591878647,0.12785550458715594,0.5498853211009175,12.767971539480165,2.12,11.5,2.84698,77.0,2.884241897520628,0.12586009174311927,0.5438990825688074,12.74475659742456,2.1100000000000003,12.52,2.99786,81.5,2.949164637737656
47,1993-11-01,0.11688073394495412,0.5249426605504587,2.74455,12.739637756265655,341000.0,1.9400000000000004,14.08,81.2,2.8100049236252036,16.61,0.14681192660550457,0.5458944954128441,12.76511684156664,1.9799999999999995,11.88,2.75229,82.7,2.8986705607108596,0.13982798165137617,0.5468922018348624,12.733755386362587,1.9799999999999995,12.93,2.764,77.9,2.8622008809294686,0.1368348623853211,0.5548738532110092,12.739637756265655,1.92,11.93,2.84091,77.3,2.8909271591878647,0.12785550458715594,0.5498853211009175,12.767971539480165,2.12,11.5,2.84698,77.0,2.884241897520628
48,1993-12-01,0.12685779816513762,0.5329243119266054,2.81096,12.685407602204794,323000.0,1.9200000000000008,11.36,88.2,2.6748380668960965,14.51,0.11688073394495412,0.5249426605504587,12.739637756265655,1.9400000000000004,14.08,2.74455,81.2,2.8100049236252036,0.14681192660550457,0.5458944954128441,12.76511684156664,1.9799999999999995,11.88,2.75229,82.7,2.8986705607108596,0.13982798165137617,0.5468922018348624,12.733755386362587,1.9799999999999995,12.93,2.764,77.9,2.8622008809294686,0.1368348623853211,0.5548738532110092,12.739637756265655,1.92,11.93,2.84091,77.3,2.8909271591878647
49,1994-01-01,0.12785550458715594,0.4960091743119266,2.45098,12.791634615410182,359200.0,1.9000000000000004,11.29,94.3,2.710048203764883,15.03,0.12685779816513762,0.5329243119266054,12.685407602204794,1.9200000000000008,11.36,2.81096,88.2,2.6748380668960965,0.11688073394495412,0.5249426605504587,12.739637756265655,1.9400000000000004,14.08,2.74455,81.2,2.8100049236252036,0.14681192660550457,0.5458944954128441,12.76511684156664,1.9799999999999995,11.88,2.75229,82.7,2.8986705607108596,0.13982798165137617,0.5468922018348624,12.733755386362587,1.9799999999999995,12.93,2.764,77.9,2.8622008809294686
50,1994-02-01,0.12685779816513762,0.4890252293577982,2.51572,12.761393509182716,348500.0,1.79,13.64,93.2,2.6932749155200555,14.78,0.12785550458715594,0.4960091743119266,12.791634615410182,1.9000000000000004,11.29,2.45098,94.3,2.710048203764883,0.12685779816513762,0.5329243119266054,12.685407602204794,1.9200000000000008,11.36,2.81096,88.2,2.6748380668960965,0.11688073394495412,0.5249426605504587,12.739637756265655,1.9400000000000004,14.08,2.74455,81.2,2.8100049236252036,0.14681192660550457,0.5458944954128441,12.76511684156664,1.9799999999999995,11.88,2.75229,82.7,2.8986705607108596
51,1994-03-01,0.11787844036697247,0.4810435779816514,2.65178,12.724122114385484,335750.0,1.6500000000000004,15.22,91.5,2.6864860231863696,14.68,0.12685779816513762,0.4890252293577982,12.761393509182716,1.79,13.64,2.51572,93.2,2.6932749155200555,0.12785550458715594,0.4960091743119266,12.791634615410182,1.9000000000000004,11.29,2.45098,94.3,2.710048203764883,0.12685779816513762,0.5329243119266054,12.685407602204794,1.9200000000000008,11.36,2.81096,88.2,2.6748380668960965,0.11688073394495412,0.5249426605504587,12.739637756265655,1.9400000000000004,14.08,2.74455,81.2,2.8100049236252036
52,1994-04-01,0.10989678899082568,0.4531077981651376,2.36439,12.748396936355535,344000.0,1.5499999999999998,16.47,92.6,2.7985001040242823,16.42,0.11787844036697247,0.4810435779816514,12.724122114385484,1.6500000000000004,15.22,2.65178,91.5,2.6864860231863696,0.12685779816513762,0.4890252293577982,12.761393509182716,1.79,13.64,2.51572,93.2,2.6932749155200555,0.12785550458715594,0.4960091743119266,12.791634615410182,1.9000000000000004,11.29,2.45098,94.3,2.710048203764883,0.12685779816513762,0.5329243119266054,12.685407602204794,1.9200000000000008,11.36,2.81096,88.2,2.6748380668960965
53,1994-05-01,0.10590596330275229,0.45410550458715593,2.28849,12.791077667470416,359000.0,1.4399999999999995,13.9,92.8,2.884241897520628,17.89,0.10989678899082568,0.4531077981651376,12.748396936355535,1.5499999999999998,16.47,2.36439,92.6,2.7985001040242823,0.11787844036697247,0.4810435779816514,12.724122114385484,1.6500000000000004,15.22,2.65178,91.5,2.6864860231863696,0.12685779816513762,0.4890252293577982,12.761393509182716,1.79,13.64,2.51572,93.2,2.6932749155200555,0.12785550458715594,0.4960091743119266,12.791634615410182,1.9000000000000004,11.29,2.45098,94.3,2.710048203764883
54,1994-06-01,0.11887614678899083,0.4760550458715596,2.4948,12.736700896592344,340000.0,1.5500000000000007,13.41,91.2,2.947591898226056,19.06,0.10590596330275229,0.45410550458715593,12.791077667470416,1.4399999999999995,13.9,2.28849,92.8,2.884241897520628,0.10989678899082568,0.4531077981651376,12.748396936355535,1.5499999999999998,16.47,2.36439,92.6,2.7985001040242823,0.11787844036697247,0.4810435779816514,12.724122114385484,1.6500000000000004,15.22,2.65178,91.5,2.6864860231863696,0.12685779816513762,0.4890252293577982,12.761393509182716,1.79,13.64,2.51572,93.2,2.6932749155200555
55,1994-07-01,0.12586009174311927,0.4810435779816514,2.69896,12.74315064044023,342200.0,1.5000000000000009,12.48,89.0,2.9780773383152703,19.65,0.11887614678899083,0.4760550458715596,12.736700896592344,1.5500000000000007,13.41,2.4948,91.2,2.947591898226056,0.10590596330275229,0.45410550458715593,12.791077667470416,1.4399999999999995,13.9,2.28849,92.8,2.884241897520628,0.10989678899082568,0.4531077981651376,12.748396936355535,1.5499999999999998,16.47,2.36439,92.6,2.7985001040242823,0.11787844036697247,0.4810435779816514,12.724122114385484,1.6500000000000004,15.22,2.65178,91.5,2.6864860231863696
56,1994-08-01,0.13384174311926605,0.47306192660550456,2.90055,12.725610209898186,336250.0,1.5,11.89,91.7,2.911263116927541,18.38,0.12586009174311927,0.4810435779816514,12.74315064044023,1.5000000000000009,12.48,2.69896,89.0,2.9780773383152703,0.11887614678899083,0.4760550458715596,12.736700896592344,1.5500000000000007,13.41,2.4948,91.2,2.947591898226056,0.10590596330275229,0.45410550458715593,12.791077667470416,1.4399999999999995,13.9,2.28849,92.8,2.884241897520628,0.10989678899082568,0.4531077981651376,12.748396936355535,1.5499999999999998,16.47,2.36439,92.6,2.7985001040242823
57,1994-09-01,0.11488532110091744,0.4710665137614679,2.96552,12.707605222384572,330250.0,1.5200000000000005,13.23,91.5,2.859339648648436,17.45,0.13384174311926605,0.47306192660550456,12.725610209898186,1.5,11.89,2.90055,91.7,2.911263116927541,0.12586009174311927,0.4810435779816514,12.74315064044023,1.5000000000000009,12.48,2.69896,89.0,2.9780773383152703,0.11887614678899083,0.4760550458715596,12.736700896592344,1.5500000000000007,13.41,2.4948,91.2,2.947591898226056,0.10590596330275229,0.45410550458715593,12.791077667470416,1.4399999999999995,13.9,2.28849,92.8,2.884241897520628
58,1994-10-01,0.11887614678899083,0.47206422018348626,2.60989,12.71709824929883,333400.0,1.459999999999999,15.25,92.7,2.8746939451769347,17.72,0.11488532110091744,0.4710665137614679,12.707605222384572,1.5200000000000005,13.23,2.96552,91.5,2.859339648648436,0.13384174311926605,0.47306192660550456,12.725610209898186,1.5,11.89,2.90055,91.7,2.911263116927541,0.12586009174311927,0.4810435779816514,12.74315064044023,1.5000000000000009,12.48,2.69896,89.0,2.9780773383152703,0.11887614678899083,0.4760550458715596,12.736700896592344,1.5500000000000007,13.41,2.4948,91.2,2.947591898226056
59,1994-11-01,0.12286697247706423,0.4790481651376146,2.60274,12.70076888736628,328000.0,1.3600000000000003,16.38,91.6,2.8942531046041373,18.07,0.11887614678899083,0.47206422018348626,12.71709824929883,1.459999999999999,15.25,2.60989,92.7,2.8746939451769347,0.11488532110091744,0.4710665137614679,12.707605222384572,1.5200000000000005,13.23,2.96552,91.5,2.859339648648436,0.13384174311926605,0.47306192660550456,12.725610209898186,1.5,11.89,2.90055,91.7,2.911263116927541,0.12586009174311927,0.4810435779816514,12.74315064044023,1.5000000000000009,12.48,2.69896,89.0,2.9780773383152703
60,1994-12-01,0.1348394495412844,0.4790481651376146,2.5974,12.686026605629078,323200.0,1.29,14.18,95.1,2.8425810940598164,17.16,0.12286697247706423,0.4790481651376146,12.70076888736628,1.3600000000000003,16.38,2.60274,91.6,2.8942531046041373,0.11887614678899083,0.47206422018348626,12.71709824929883,1.459999999999999,15.25,2.60989,92.7,2.8746939451769347,0.11488532110091744,0.4710665137614679,12.707605222384572,1.5200000000000005,13.23,2.96552,91.5,2.859339648648436,0.13384174311926605,0.47306192660550456,12.725610209898186,1.5,11.89,2.90055,91.7,2.911263116927541
61,1995-01-01,0.1368348623853211,0.48004587155963296,2.87081,12.717398144337816,333500.0,1.2999999999999998,12.27,97.6,2.8925915146344776,18.04,0.1348394495412844,0.4790481651376146,12.686026605629078,1.29,14.18,2.5974,95.1,2.8425810940598164,0.12286697247706423,0.4790481651376146,12.70076888736628,1.3600000000000003,16.38,2.60274,91.6,2.8942531046041373,0.11887614678899083,0.47206422018348626,12.71709824929883,1.459999999999999,15.25,2.60989,92.7,2.8746939451769347,0.11488532110091744,0.4710665137614679,12.707605222384572,1.5200000000000005,13.23,2.96552,91.5,2.859339648648436
62,1995-02-01,0.14381880733944954,0.4710665137614679,2.86299,12.730061255822445,337750.0,1.38,11.47,95.1,2.9215473753646144,18.57,0.1368348623853211,0.48004587155963296,12.717398144337816,1.2999999999999998,12.27,2.87081,97.6,2.8925915146344776,0.1348394495412844,0.4790481651376146,12.686026605629078,1.29,14.18,2.5974,95.1,2.8425810940598164,0.12286697247706423,0.4790481651376146,12.70076888736628,1.3600000000000003,16.38,2.60274,91.6,2.8942531046041373,0.11887614678899083,0.47206422018348626,12.71709824929883,1.459999999999999,15.25,2.60989,92.7,2.8746939451769347
63,1995-03-01,0.1428211009174312,0.4710665137614679,2.78722,12.737435920513713,340250.0,1.4999999999999991,12.17,90.3,2.919930560137709,18.54,0.14381880733944954,0.4710665137614679,12.730061255822445,1.38,11.47,2.86299,95.1,2.9215473753646144,0.1368348623853211,0.48004587155963296,12.717398144337816,1.2999999999999998,12.27,2.87081,97.6,2.8925915146344776,0.1348394495412844,0.4790481651376146,12.686026605629078,1.29,14.18,2.5974,95.1,2.8425810940598164,0.12286697247706423,0.4790481651376146,12.70076888736628,1.3600000000000003,16.38,2.60274,91.6,2.8942531046041373
64,1995-04-01,0.1388302752293578,0.4531077981651376,3.125,12.766259698833888,350200.0,1.54,12.44,92.5,2.990719731730447,19.9,0.1428211009174312,0.4710665137614679,12.737435920513713,1.4999999999999991,12.17,2.78722,90.3,2.919930560137709,0.14381880733944954,0.4710665137614679,12.730061255822445,1.38,11.47,2.86299,95.1,2.9215473753646144,0.1368348623853211,0.48004587155963296,12.717398144337816,1.2999999999999998,12.27,2.87081,97.6,2.8925915146344776,0.1348394495412844,0.4790481651376146,12.686026605629078,1.29,14.18,2.5974,95.1,2.8425810940598164
65,1995-05-01,0.13384174311926605,0.4760550458715596,3.11864,12.821933732130045,370250.0,1.5699999999999994,12.27,89.8,2.9826470340053355,19.74,0.1388302752293578,0.4531077981651376,12.766259698833888,1.54,12.44,3.125,92.5,2.990719731730447,0.1428211009174312,0.4710665137614679,12.737435920513713,1.4999999999999991,12.17,2.78722,90.3,2.919930560137709,0.14381880733944954,0.4710665137614679,12.730061255822445,1.38,11.47,2.86299,95.1,2.9215473753646144,0.1368348623853211,0.48004587155963296,12.717398144337816,1.2999999999999998,12.27,2.87081,97.6,2.8925915146344776
66,1995-06-01,0.1448165137614679,0.4640825688073394,3.0426,12.811071439313414,366250.0,1.7300000000000004,11.9,92.7,2.915064370486536,18.45,0.13384174311926605,0.4760550458715596,12.821933732130045,1.5699999999999994,12.27,3.11864,89.8,2.9826470340053355,0.1388302752293578,0.4531077981651376,12.766259698833888,1.54,12.44,3.125,92.5,2.990719731730447,0.1428211009174312,0.4710665137614679,12.737435920513713,1.4999999999999991,12.17,2.78722,90.3,2.919930560137709,0.14381880733944954,0.4710665137614679,12.730061255822445,1.38,11.47,2.86299,95.1,2.9215473753646144
67,1995-07-01,0.1488073394495413,0.4700688073394495,2.83019,12.825034927900742,371400.0,1.759999999999999,12.51,94.4,2.8524391037275145,17.33,0.1448165137614679,0.4640825688073394,12.811071439313414,1.7300000000000004,11.9,3.0426,92.7,2.915064370486536,0.13384174311926605,0.4760550458715596,12.821933732130045,1.5699999999999994,12.27,3.11864,89.8,2.9826470340053355,0.1388302752293578,0.4531077981651376,12.766259698833888,1.54,12.44,3.125,92.5,2.990719731730447,0.1428211009174312,0.4710665137614679,12.737435920513713,1.4999999999999991,12.17,2.78722,90.3,2.919930560137709
68,1995-08-01,0.14581422018348622,0.4640825688073394,2.61745,12.783388010564998,356250.0,1.6999999999999993,12.8,96.2,2.8914822521801917,18.02,0.1488073394495413,0.4700688073394495,12.825034927900742,1.759999999999999,12.51,2.83019,94.4,2.8524391037275145,0.1448165137614679,0.4640825688073394,12.811071439313414,1.7300000000000004,11.9,3.0426,92.7,2.915064370486536,0.13384174311926605,0.4760550458715596,12.821933732130045,1.5699999999999994,12.27,3.11864,89.8,2.9826470340053355,0.1388302752293578,0.4531077981651376,12.766259698833888,1.54,12.44,3.125,92.5,2.990719731730447
69,1995-09-01,0.12286697247706423,0.4590940366972477,2.54521,12.799399490807907,362000.0,1.7299999999999995,12.06,88.9,2.9030685886905716,18.23,0.14581422018348622,0.4640825688073394,12.783388010564998,1.6999999999999993,12.8,2.61745,96.2,2.8914822521801917,0.1488073394495413,0.4700688073394495,12.825034927900742,1.759999999999999,12.51,2.83019,94.4,2.8524391037275145,0.1448165137614679,0.4640825688073394,12.811071439313414,1.7300000000000004,11.9,3.0426,92.7,2.915064370486536,0.13384174311926605,0.4760550458715596,12.821933732130045,1.5699999999999994,12.27,3.11864,89.8,2.9826470340053355
70,1995-10-01,0.14182339449541284,0.4810435779816514,2.74431,12.82530414313995,371500.0,1.71,14.36,90.2,2.8581928595319295,17.43,0.12286697247706423,0.4590940366972477,12.799399490807907,1.7299999999999995,12.06,2.54521,88.9,2.9030685886905716,0.14581422018348622,0.4640825688073394,12.783388010564998,1.6999999999999993,12.8,2.61745,96.2,2.8914822521801917,0.1488073394495413,0.4700688073394495,12.825034927900742,1.759999999999999,12.51,2.83019,94.4,2.8524391037275145,0.1448165137614679,0.4640825688073394,12.811071439313414,1.7300000000000004,11.9,3.0426,92.7,2.915064370486536
71,1995-11-01,0.14182339449541284,0.47505733944954126,2.60347,12.840000466430148,377000.0,1.75,12.47,88.2,2.8898160479624417,17.99,0.14182339449541284,0.4810435779816514,12.82530414313995,1.71,14.36,2.74431,90.2,2.8581928595319295,0.12286697247706423,0.4590940366972477,12.799399490807907,1.7299999999999995,12.06,2.54521,88.9,2.9030685886905716,0.14581422018348622,0.4640825688073394,12.783388010564998,1.6999999999999993,12.8,2.61745,96.2,2.8914822521801917,0.1488073394495413,0.4700688073394495,12.825034927900742,1.759999999999999,12.51,2.83019,94.4,2.8524391037275145
72,1995-12-01,0.1368348623853211,0.46907110091743115,2.53165,12.80765263256463,365000.0,1.7800000000000002,11.75,91.0,2.946016681308058,19.03,0.14182339449541284,0.47505733944954126,12.840000466430148,1.75,12.47,2.60347,88.2,2.8898160479624417,0.14182339449541284,0.4810435779816514,12.82530414313995,1.71,14.36,2.74431,90.2,2.8581928595319295,0.12286697247706423,0.4590940366972477,12.799399490807907,1.7299999999999995,12.06,2.54521,88.9,2.9030685886905716,0.14581422018348622,0.4640825688073394,12.783388010564998,1.6999999999999993,12.8,2.61745,96.2,2.8914822521801917
73,1996-01-01,0.14980504587155963,0.4760550458715596,2.7907,12.832011076396668,374000.0,1.8199999999999994,13.47,89.3,2.93651291389402,18.85,0.1368348623853211,0.46907110091743115,12.80765263256463,1.7800000000000002,11.75,2.53165,91.0,2.946016681308058,0.14182339449541284,0.47505733944954126,12.840000466430148,1.75,12.47,2.60347,88.2,2.8898160479624417,0.14182339449541284,0.4810435779816514,12.82530414313995,1.71,14.36,2.74431,90.2,2.8581928595319295,0.12286697247706423,0.4590940366972477,12.799399490807907,1.7299999999999995,12.06,2.54521,88.9,2.9030685886905716
74,1996-02-01,0.1448165137614679,0.4850344036697248,2.71703,12.840663376630095,377250.0,1.8200000000000003,15.03,88.5,2.949164637737656,19.09,0.14980504587155963,0.4760550458715596,12.832011076396668,1.8199999999999994,13.47,2.7907,89.3,2.93651291389402,0.1368348623853211,0.46907110091743115,12.80765263256463,1.7800000000000002,11.75,2.53165,91.0,2.946016681308058,0.14182339449541284,0.47505733944954126,12.840000466430148,1.75,12.47,2.60347,88.2,2.8898160479624417,0.14182339449541284,0.4810435779816514,12.82530414313995,1.71,14.36,2.74431,90.2,2.8581928595319295
75,1996-03-01,0.13982798165137617,0.4760550458715596,2.84392,12.8646283813205,386400.0,1.7599999999999998,17.76,93.7,3.0601145324832593,21.33,0.1448165137614679,0.4850344036697248,12.840663376630095,1.8200000000000003,15.03,2.71703,88.5,2.949164637737656,0.14980504587155963,0.4760550458715596,12.832011076396668,1.8199999999999994,13.47,2.7907,89.3,2.93651291389402,0.1368348623853211,0.46907110091743115,12.80765263256463,1.7800000000000002,11.75,2.53165,91.0,2.946016681308058,0.14182339449541284,0.47505733944954126,12.840000466430148,1.75,12.47,2.60347,88.2,2.8898160479624417
76,1996-04-01,0.14681192660550457,0.49201834862385324,2.83267,12.791773803941272,359250.0,1.6799999999999997,16.58,92.7,3.1570004211501135,23.5,0.13982798165137617,0.4760550458715596,12.8646283813205,1.7599999999999998,17.76,2.84392,93.7,3.0601145324832593,0.1448165137614679,0.4850344036697248,12.840663376630095,1.8200000000000003,15.03,2.71703,88.5,2.949164637737656,0.14980504587155963,0.4760550458715596,12.832011076396668,1.8199999999999994,13.47,2.7907,89.3,2.93651291389402,0.1368348623853211,0.46907110091743115,12.80765263256463,1.7800000000000002,11.75,2.53165,91.0,2.946016681308058
77,1996-05-01,0.15180045871559633,0.4640825688073394,2.82709,12.74984936943585,344500.0,1.5600000000000005,16.15,89.4,3.0525850851467737,21.17,0.14681192660550457,0.49201834862385324,12.791773803941272,1.6799999999999997,16.58,2.83267,92.7,3.1570004211501135,0.13982798165137617,0.4760550458715596,12.8646283813205,1.7599999999999998,17.76,2.84392,93.7,3.0601145324832593,0.1448165137614679,0.4850344036697248,12.840663376630095,1.8200000000000003,15.03,2.71703,88.5,2.949164637737656,0.14980504587155963,0.4760550458715596,12.832011076396668,1.8199999999999994,13.47,2.7907,89.3,2.93651291389402
78,1996-06-01,0.1428211009174312,0.4760550458715596,2.82152,12.74315064044023,342200.0,1.4900000000000002,16.4,92.4,3.01651481273652,20.42,0.15180045871559633,0.4640825688073394,12.74984936943585,1.5600000000000005,16.15,2.82709,89.4,3.0525850851467737,0.14681192660550457,0.49201834862385324,12.791773803941272,1.6799999999999997,16.58,2.83267,92.7,3.1570004211501135,0.13982798165137617,0.4760550458715596,12.8646283813205,1.7599999999999998,17.76,2.84392,93.7,3.0601145324832593,0.1448165137614679,0.4850344036697248,12.840663376630095,1.8200000000000003,15.03,2.71703,88.5,2.949164637737656
79,1996-07-01,0.1348394495412844,0.4590940366972477,2.88336,12.727838209334498,337000.0,1.4799999999999995,17.98,94.7,3.0587070727153796,21.3,0.1428211009174312,0.4760550458715596,12.74315064044023,1.4900000000000002,16.4,2.82152,92.4,3.01651481273652,0.15180045871559633,0.4640825688073394,12.74984936943585,1.5600000000000005,16.15,2.82709,89.4,3.0525850851467737,0.14681192660550457,0.49201834862385324,12.791773803941272,1.6799999999999997,16.58,2.83267,92.7,3.1570004211501135,0.13982798165137617,0.4760550458715596,12.8646283813205,1.7599999999999998,17.76,2.84392,93.7,3.0601145324832593
80,1996-08-01,0.1328440366972477,0.4421330275229358,2.8123,12.71228765673848,331800.0,1.54,15.76,95.3,3.086486636822455,21.9,0.1348394495412844,0.4590940366972477,12.727838209334498,1.4799999999999995,17.98,2.88336,94.7,3.0587070727153796,0.1428211009174312,0.4760550458715596,12.74315064044023,1.4900000000000002,16.4,2.82152,92.4,3.01651481273652,0.15180045871559633,0.4640825688073394,12.74984936943585,1.5600000000000005,16.15,2.82709,89.4,3.0525850851467737,0.14681192660550457,0.49201834862385324,12.791773803941272,1.6799999999999997,16.58,2.83267,92.7,3.1570004211501135
81,1996-09-01,0.13982798165137617,0.45809633027522934,3.00457,12.74475659742456,342750.0,1.5199999999999996,16.58,94.7,3.176803048446293,23.97,0.1328440366972477,0.4421330275229358,12.71228765673848,1.54,15.76,2.8123,95.3,3.086486636822455,0.1348394495412844,0.4590940366972477,12.727838209334498,1.4799999999999995,17.98,2.88336,94.7,3.0587070727153796,0.1428211009174312,0.4760550458715596,12.74315064044023,1.4900000000000002,16.4,2.82152,92.4,3.01651481273652,0.15180045871559633,0.4640825688073394,12.74984936943585,1.5600000000000005,16.15,2.82709,89.4,3.0525850851467737
82,1996-10-01,0.1368348623853211,0.4501146788990826,3.06189,12.733755386362587,339000.0,1.54,16.38,96.5,3.2140642678709788,24.88,0.13982798165137617,0.45809633027522934,12.74475659742456,1.5199999999999996,16.58,3.00457,94.7,3.176803048446293,0.1328440366972477,0.4421330275229358,12.71228765673848,1.54,15.76,2.8123,95.3,3.086486636822455,0.1348394495412844,0.4590940366972477,12.727838209334498,1.4799999999999995,17.98,2.88336,94.7,3.0587070727153796,0.1428211009174312,0.4760550458715596,12.74315064044023,1.4900000000000002,16.4,2.82152,92.4,3.01651481273652
83,1996-11-01,0.13783256880733943,0.45709862385321104,3.25309,12.72605620708093,336400.0,1.5899999999999999,16.0,99.2,3.165896900077314,23.71,0.1368348623853211,0.4501146788990826,12.733755386362587,1.54,16.38,3.06189,96.5,3.2140642678709788,0.13982798165137617,0.45809633027522934,12.74475659742456,1.5199999999999996,16.58,3.00457,94.7,3.176803048446293,0.1328440366972477,0.4421330275229358,12.71228765673848,1.54,15.76,2.8123,95.3,3.086486636822455,0.1348394495412844,0.4590940366972477,12.727838209334498,1.4799999999999995,17.98,2.88336,94.7,3.0587070727153796
84,1996-12-01,0.1328440366972477,0.4371444954128441,3.37882,12.775638764318764,353500.0,1.5899999999999999,19.26,96.9,3.2280337626529665,25.23,0.13783256880733943,0.45709862385321104,12.72605620708093,1.5899999999999999,16.0,3.25309,99.2,3.165896900077314,0.1368348623853211,0.4501146788990826,12.733755386362587,1.54,16.38,3.06189,96.5,3.2140642678709788,0.13982798165137617,0.45809633027522934,12.74475659742456,1.5199999999999996,16.58,3.00457,94.7,3.176803048446293,0.1328440366972477,0.4421330275229358,12.71228765673848,1.54,15.76,2.8123,95.3,3.086486636822455
85,1997-01-01,0.13384174311926605,0.4501146788990826,3.03814,12.733755386362587,339000.0,1.5099999999999998,19.47,97.4,3.2240623515555007,25.13,0.1328440366972477,0.4371444954128441,12.775638764318764,1.5899999999999999,19.26,3.37882,96.9,3.2280337626529665,0.13783256880733943,0.45709862385321104,12.72605620708093,1.5899999999999999,16.0,3.25309,99.2,3.165896900077314,0.1368348623853211,0.4501146788990826,12.733755386362587,1.54,16.38,3.06189,96.5,3.2140642678709788,0.13982798165137617,0.45809633027522934,12.74475659742456,1.5199999999999996,16.58,3.00457,94.7,3.176803048446293
86,1997-02-01,0.13583715596330276,0.4451261467889909,3.03226,12.678417282477882,320750.0,1.5200000000000005,20.14,99.7,3.099190981922221,22.18,0.13384174311926605,0.4501146788990826,12.733755386362587,1.5099999999999998,19.47,3.03814,97.4,3.2240623515555007,0.1328440366972477,0.4371444954128441,12.775638764318764,1.5899999999999999,19.26,3.37882,96.9,3.2280337626529665,0.13783256880733943,0.45709862385321104,12.72605620708093,1.5899999999999999,16.0,3.25309,99.2,3.165896900077314,0.1368348623853211,0.4501146788990826,12.733755386362587,1.54,16.38,3.06189,96.5,3.2140642678709788
87,1997-03-01,0.14381880733944954,0.4501146788990826,2.76527,12.67419951476305,319400.0,1.4899999999999993,20.17,100.0,3.0430928449138284,20.97,0.13583715596330276,0.4451261467889909,12.678417282477882,1.5200000000000005,20.14,3.03226,99.7,3.099190981922221,0.13384174311926605,0.4501146788990826,12.733755386362587,1.5099999999999998,19.47,3.03814,97.4,3.2240623515555007,0.1328440366972477,0.4371444954128441,12.775638764318764,1.5899999999999999,19.26,3.37882,96.9,3.2280337626529665,0.13783256880733943,0.45709862385321104,12.72605620708093,1.5899999999999999,16.0,3.25309,99.2,3.165896900077314
88,1997-04-01,0.14381880733944954,0.4471215596330275,2.43434,12.697715449879391,327000.0,1.4500000000000002,19.66,101.4,2.9806186357439426,19.7,0.14381880733944954,0.4501146788990826,12.67419951476305,1.4899999999999993,20.17,2.76527,100.0,3.0430928449138284,0.13583715596330276,0.4451261467889909,12.678417282477882,1.5200000000000005,20.14,3.03226,99.7,3.099190981922221,0.13384174311926605,0.4501146788990826,12.733755386362587,1.5099999999999998,19.47,3.03814,97.4,3.2240623515555007,0.1328440366972477,0.4371444954128441,12.775638764318764,1.5899999999999999,19.26,3.37882,96.9,3.2280337626529665
89,1997-05-01,0.13982798165137617,0.4431307339449541,2.23785,12.687881320225673,323800.0,1.4899999999999993,19.92,103.2,3.035914063186823,20.82,0.14381880733944954,0.4471215596330275,12.697715449879391,1.4500000000000002,19.66,2.43434,101.4,2.9806186357439426,0.14381880733944954,0.4501146788990826,12.67419951476305,1.4899999999999993,20.17,2.76527,100.0,3.0430928449138284,0.13583715596330276,0.4451261467889909,12.678417282477882,1.5200000000000005,20.14,3.03226,99.7,3.099190981922221,0.13384174311926605,0.4501146788990826,12.733755386362587,1.5099999999999998,19.47,3.03814,97.4,3.2240623515555007
90,1997-06-01,0.13783256880733943,0.45709862385321104,2.23357,12.693117740630761,325500.0,1.5299999999999994,20.19,104.5,2.9580304063699794,19.26,0.13982798165137617,0.4431307339449541,12.687881320225673,1.4899999999999993,19.92,2.23785,103.2,3.035914063186823,0.14381880733944954,0.4471215596330275,12.697715449879391,1.4500000000000002,19.66,2.43434,101.4,2.9806186357439426,0.14381880733944954,0.4501146788990826,12.67419951476305,1.4899999999999993,20.17,2.76527,100.0,3.0430928449138284,0.13583715596330276,0.4451261467889909,12.678417282477882,1.5200000000000005,20.14,3.03226,99.7,3.099190981922221
91,1997-07-01,0.1328440366972477,0.4401376146788991,2.16561,12.67685721975898,320250.0,1.5300000000000002,20.53,107.1,2.9785861147190205,19.66,0.13783256880733943,0.45709862385321104,12.693117740630761,1.5299999999999994,20.19,2.23357,104.5,2.9580304063699794,0.13982798165137617,0.4431307339449541,12.687881320225673,1.4899999999999993,19.92,2.23785,103.2,3.035914063186823,0.14381880733944954,0.4471215596330275,12.697715449879391,1.4500000000000002,19.66,2.43434,101.4,2.9806186357439426,0.14381880733944954,0.4501146788990826,12.67419951476305,1.4899999999999993,20.17,2.76527,100.0,3.0430928449138284
92,1997-08-01,0.12685779816513762,0.4481192660550458,2.29008,12.707453810468165,330200.0,1.5200000000000005,23.08,104.4,2.9932291433358724,19.95,0.1328440366972477,0.4401376146788991,12.67685721975898,1.5300000000000002,20.53,2.16561,107.1,2.9785861147190205,0.13783256880733943,0.45709862385321104,12.693117740630761,1.5299999999999994,20.19,2.23357,104.5,2.9580304063699794,0.13982798165137617,0.4431307339449541,12.687881320225673,1.4899999999999993,19.92,2.23785,103.2,3.035914063186823,0.14381880733944954,0.4471215596330275,12.697715449879391,1.4500000000000002,19.66,2.43434,101.4,2.9806186357439426
93,1997-09-01,0.12985091743119268,0.44612385321100917,2.2194,12.661121253827165,315250.0,1.4900000000000002,23.81,106.0,2.9856819377004897,19.8,0.12685779816513762,0.4481192660550458,12.707453810468165,1.5200000000000005,23.08,2.29008,104.4,2.9932291433358724,0.1328440366972477,0.4401376146788991,12.67685721975898,1.5300000000000002,20.53,2.16561,107.1,2.9785861147190205,0.13783256880733943,0.45709862385321104,12.693117740630761,1.5299999999999994,20.19,2.23357,104.5,2.9580304063699794,0.13982798165137617,0.4431307339449541,12.687881320225673,1.4899999999999993,19.92,2.23785,103.2,3.035914063186823
94,1997-10-01,0.1557912844036697,0.4531077981651376,2.08597,12.644327576461329,310000.0,1.54,23.87,105.6,3.0601145324832593,21.33,0.12985091743119268,0.44612385321100917,12.661121253827165,1.4900000000000002,23.81,2.2194,106.0,2.9856819377004897,0.12685779816513762,0.4481192660550458,12.707453810468165,1.5200000000000005,23.08,2.29008,104.4,2.9932291433358724,0.1328440366972477,0.4401376146788991,12.67685721975898,1.5300000000000002,20.53,2.16561,107.1,2.9785861147190205,0.13783256880733943,0.45709862385321104,12.693117740630761,1.5299999999999994,20.19,2.23357,104.5,2.9580304063699794
95,1997-11-01,0.12785550458715594,0.4561009174311927,1.89036,12.659057269606315,314600.0,1.54,32.21,107.2,3.005187432324746,20.19,0.1557912844036697,0.4531077981651376,12.644327576461329,1.54,23.87,2.08597,105.6,3.0601145324832593,0.12985091743119268,0.44612385321100917,12.661121253827165,1.4900000000000002,23.81,2.2194,106.0,2.9856819377004897,0.12685779816513762,0.4481192660550458,12.707453810468165,1.5200000000000005,23.08,2.29008,104.4,2.9932291433358724,0.1328440366972477,0.4401376146788991,12.67685721975898,1.5300000000000002,20.53,2.16561,107.1,2.9785861147190205
96,1997-12-01,0.15080275229357798,0.4700688073394495,1.69705,12.654756872758314,313250.0,1.5100000000000007,26.28,102.1,2.9085390618516134,18.33,0.12785550458715594,0.4561009174311927,12.659057269606315,1.54,32.21,1.89036,107.2,3.005187432324746,0.1557912844036697,0.4531077981651376,12.644327576461329,1.54,23.87,2.08597,105.6,3.0601145324832593,0.12985091743119268,0.44612385321100917,12.661121253827165,1.4900000000000002,23.81,2.2194,106.0,2.9856819377004897,0.12685779816513762,0.4481192660550458,12.707453810468165,1.5200000000000005,23.08,2.29008,104.4,2.9932291433358724
97,1998-01-01,0.13583715596330276,0.4451261467889909,1.63112,12.679819261054744,321200.0,1.6500000000000004,23.87,106.6,2.8166056076565553,16.72,0.15080275229357798,0.4700688073394495,12.654756872758314,1.5100000000000007,26.28,1.69705,102.1,2.9085390618516134,0.12785550458715594,0.4561009174311927,12.659057269606315,1.54,32.21,1.89036,107.2,3.005187432324746,0.1557912844036697,0.4531077981651376,12.644327576461329,1.54,23.87,2.08597,105.6,3.0601145324832593,0.12985091743119268,0.44612385321100917,12.661121253827165,1.4900000000000002,23.81,2.2194,106.0,2.9856819377004897
98,1998-02-01,0.13384174311926605,0.44612385321100917,1.4402,12.672946381766982,319000.0,1.6799999999999997,20.0,110.4,2.7763317085186157,16.06,0.13583715596330276,0.4451261467889909,12.679819261054744,1.6500000000000004,23.87,1.63112,106.6,2.8166056076565553,0.15080275229357798,0.4700688073394495,12.654756872758314,1.5100000000000007,26.28,1.69705,102.1,2.9085390618516134,0.12785550458715594,0.4561009174311927,12.659057269606315,1.54,32.21,1.89036,107.2,3.005187432324746,0.1557912844036697,0.4531077981651376,12.644327576461329,1.54,23.87,2.08597,105.6,3.0601145324832593
99,1998-03-01,0.1557912844036697,0.4610894495412844,1.37672,12.66032791780777,315000.0,1.67,20.16,106.5,2.716018370751387,15.12,0.13384174311926605,0.44612385321100917,12.672946381766982,1.6799999999999997,20.0,1.4402,110.4,2.7763317085186157,0.13583715596330276,0.4451261467889909,12.679819261054744,1.6500000000000004,23.87,1.63112,106.6,2.8166056076565553,0.15080275229357798,0.4700688073394495,12.654756872758314,1.5100000000000007,26.28,1.69705,102.1,2.9085390618516134,0.12785550458715594,0.4561009174311927,12.659057269606315,1.54,32.21,1.89036,107.2,3.005187432324746
100,1998-04-01,0.12186926605504586,0.4521100917431193,1.4384,12.647548191161372,311000.0,1.6900000000000004,22.03,108.7,2.731115474033206,15.35,0.1557912844036697,0.4610894495412844,12.66032791780777,1.67,20.16,1.37672,106.5,2.716018370751387,0.13384174311926605,0.44612385321100917,12.672946381766982,1.6799999999999997,20.0,1.4402,110.4,2.7763317085186157,0.13583715596330276,0.4451261467889909,12.679819261054744,1.6500000000000004,23.87,1.63112,106.6,2.8166056076565553,0.15080275229357798,0.4700688073394495,12.654756872758314,1.5100000000000007,26.28,1.69705,102.1,2.9085390618516134
101,1998-05-01,0.13384174311926605,0.4610894495412844,1.68856,12.648191071286373,311200.0,1.6499999999999995,20.87,106.5,2.702032128776647,14.91,0.12186926605504586,0.4521100917431193,12.647548191161372,1.6900000000000004,22.03,1.4384,108.7,2.731115474033206,0.1557912844036697,0.4610894495412844,12.66032791780777,1.67,20.16,1.37672,106.5,2.716018370751387,0.13384174311926605,0.44612385321100917,12.672946381766982,1.6799999999999997,20.0,1.4402,110.4,2.7763317085186157,0.13583715596330276,0.4451261467889909,12.679819261054744,1.6500000000000004,23.87,1.63112,106.6,2.8166056076565553
102,1998-06-01,0.1368348623853211,0.45410550458715593,1.62297,12.730801174465157,338000.0,1.63,21.66,105.6,2.6188546222977394,13.72,0.13384174311926605,0.4610894495412844,12.648191071286373,1.6499999999999995,20.87,1.68856,106.5,2.702032128776647,0.12186926605504586,0.4521100917431193,12.647548191161372,1.6900000000000004,22.03,1.4384,108.7,2.731115474033206,0.1557912844036697,0.4610894495412844,12.66032791780777,1.67,20.16,1.37672,106.5,2.716018370751387,0.13384174311926605,0.44612385321100917,12.672946381766982,1.6799999999999997,20.0,1.4402,110.4,2.7763317085186157
103,1998-07-01,0.15080275229357798,0.45709862385321104,1.74564,12.71589776896258,333000.0,1.6900000000000004,19.93,105.2,2.6511270537025893,14.17,0.1368348623853211,0.45410550458715593,12.730801174465157,1.63,21.66,1.62297,105.6,2.6188546222977394,0.13384174311926605,0.4610894495412844,12.648191071286373,1.6499999999999995,20.87,1.68856,106.5,2.702032128776647,0.12186926605504586,0.4521100917431193,12.647548191161372,1.6900000000000004,22.03,1.4384,108.7,2.731115474033206,0.1557912844036697,0.4610894495412844,12.66032791780777,1.67,20.16,1.37672,106.5,2.716018370751387
104,1998-08-01,0.14381880733944954,0.4531077981651376,1.61692,12.652679696969514,312600.0,1.7999999999999998,31.59,104.4,2.6004649904222727,13.47,0.15080275229357798,0.45709862385321104,12.71589776896258,1.6900000000000004,19.93,1.74564,105.2,2.6511270537025893,0.1368348623853211,0.45410550458715593,12.730801174465157,1.63,21.66,1.62297,105.6,2.6188546222977394,0.13384174311926605,0.4610894495412844,12.648191071286373,1.6499999999999995,20.87,1.68856,106.5,2.702032128776647,0.12186926605504586,0.4521100917431193,12.647548191161372,1.6900000000000004,22.03,1.4384,108.7,2.731115474033206
105,1998-09-01,0.14381880733944954,0.45510321100917434,1.4268,12.624782980388359,304000.0,2.2800000000000002,38.2,100.9,2.710048203764883,15.03,0.14381880733944954,0.4531077981651376,12.652679696969514,1.7999999999999998,31.59,1.61692,104.4,2.6004649904222727,0.15080275229357798,0.45709862385321104,12.71589776896258,1.6900000000000004,19.93,1.74564,105.2,2.6511270537025893,0.1368348623853211,0.45410550458715593,12.730801174465157,1.63,21.66,1.62297,105.6,2.6188546222977394,0.13384174311926605,0.4610894495412844,12.648191071286373,1.6499999999999995,20.87,1.68856,106.5,2.702032128776647
106,1998-10-01,0.13982798165137617,0.4491169724770642,1.48607,12.646261189696723,310600.0,2.6499999999999995,36.61,97.4,2.671386216730619,14.46,0.14381880733944954,0.45510321100917434,12.624782980388359,2.2800000000000002,38.2,1.4268,100.9,2.710048203764883,0.14381880733944954,0.4531077981651376,12.652679696969514,1.7999999999999998,31.59,1.61692,104.4,2.6004649904222727,0.15080275229357798,0.45709862385321104,12.71589776896258,1.6900000000000004,19.93,1.74564,105.2,2.6511270537025893,0.1368348623853211,0.45410550458715593,12.730801174465157,1.63,21.66,1.62297,105.6,2.6188546222977394
107,1998-11-01,0.1368348623853211,0.4561009174311927,1.48423,12.66349749256905,316000.0,2.51,26.22,102.7,2.5649493574615367,13.0,0.13982798165137617,0.4491169724770642,12.646261189696723,2.6499999999999995,36.61,1.48607,97.4,2.671386216730619,0.14381880733944954,0.45510321100917434,12.624782980388359,2.2800000000000002,38.2,1.4268,100.9,2.710048203764883,0.14381880733944954,0.4531077981651376,12.652679696969514,1.7999999999999998,31.59,1.61692,104.4,2.6004649904222727,0.15080275229357798,0.45709862385321104,12.71589776896258,1.6900000000000004,19.93,1.74564,105.2,2.6511270537025893
108,1998-12-01,0.1428211009174312,0.4680733944954128,1.60692,12.66349749256905,316000.0,2.58,25.48,100.5,2.4292177439274116,11.35,0.1368348623853211,0.4561009174311927,12.66349749256905,2.51,26.22,1.48423,102.7,2.5649493574615367,0.13982798165137617,0.4491169724770642,12.646261189696723,2.6499999999999995,36.61,1.48607,97.4,2.671386216730619,0.14381880733944954,0.45510321100917434,12.624782980388359,2.2800000000000002,38.2,1.4268,100.9,2.710048203764883,0.14381880733944954,0.4531077981651376,12.652679696969514,1.7999999999999998,31.59,1.61692,104.4,2.6004649904222727
109,1999-01-01,0.14681192660550457,0.4561009174311927,1.66667,12.69526596916905,326200.0,2.5700000000000003,28.04,103.9,2.5265283244788197,12.51,0.1428211009174312,0.4680733944954128,12.66349749256905,2.58,25.48,1.60692,100.5,2.4292177439274116,0.1368348623853211,0.4561009174311927,12.66349749256905,2.51,26.22,1.48423,102.7,2.5649493574615367,0.13982798165137617,0.4491169724770642,12.646261189696723,2.6499999999999995,36.61,1.48607,97.4,2.671386216730619,0.14381880733944954,0.45510321100917434,12.624782980388359,2.2800000000000002,38.2,1.4268,100.9,2.710048203764883
110,1999-02-01,0.14082568807339452,0.4471215596330275,1.66667,12.616525295149378,301500.0,2.3899999999999997,28.82,108.1,2.485739636091892,12.01,0.14681192660550457,0.4561009174311927,12.69526596916905,2.5700000000000003,28.04,1.66667,103.9,2.5265283244788197,0.1428211009174312,0.4680733944954128,12.66349749256905,2.58,25.48,1.60692,100.5,2.4292177439274116,0.1368348623853211,0.4561009174311927,12.66349749256905,2.51,26.22,1.48423,102.7,2.5649493574615367,0.13982798165137617,0.4491169724770642,12.646261189696723,2.6499999999999995,36.61,1.48607,97.4,2.671386216730619
111,1999-03-01,0.14780963302752292,0.4501146788990826,1.7284,12.620662661415338,302750.0,2.3,25.31,105.7,2.6864860231863696,14.68,0.14082568807339452,0.4471215596330275,12.616525295149378,2.3899999999999997,28.82,1.66667,108.1,2.485739636091892,0.14681192660550457,0.4561009174311927,12.69526596916905,2.5700000000000003,28.04,1.66667,103.9,2.5265283244788197,0.1428211009174312,0.4680733944954128,12.66349749256905,2.58,25.48,1.60692,100.5,2.4292177439274116,0.1368348623853211,0.4561009174311927,12.66349749256905,2.51,26.22,1.48423,102.7,2.5649493574615367
112,1999-04-01,0.14182339449541284,0.4501146788990826,2.28113,12.63947712232758,308500.0,2.3000000000000007,23.48,104.6,2.851284369188118,17.31,0.14780963302752292,0.4501146788990826,12.620662661415338,2.3,25.31,1.7284,105.7,2.6864860231863696,0.14082568807339452,0.4471215596330275,12.616525295149378,2.3899999999999997,28.82,1.66667,108.1,2.485739636091892,0.14681192660550457,0.4561009174311927,12.69526596916905,2.5700000000000003,28.04,1.66667,103.9,2.5265283244788197,0.1428211009174312,0.4680733944954128,12.66349749256905,2.58,25.48,1.60692,100.5,2.4292177439274116
113,1999-05-01,0.13982798165137617,0.45410550458715593,2.09102,12.616856915115939,301600.0,2.1799999999999997,26.2,106.8,2.8746939451769347,17.72,0.14182339449541284,0.4501146788990826,12.63947712232758,2.3000000000000007,23.48,2.28113,104.6,2.851284369188118,0.14780963302752292,0.4501146788990826,12.620662661415338,2.3,25.31,1.7284,105.7,2.6864860231863696,0.14082568807339452,0.4471215596330275,12.616525295149378,2.3899999999999997,28.82,1.66667,108.1,2.485739636091892,0.14681192660550457,0.4561009174311927,12.69526596916905,2.5700000000000003,28.04,1.66667,103.9,2.5265283244788197
114,1999-06-01,0.1488073394495413,0.44612385321100917,1.9656,12.591335046320818,294000.0,2.119999999999999,23.63,107.3,2.8859174075467844,17.92,0.13982798165137617,0.45410550458715593,12.616856915115939,2.1799999999999997,26.2,2.09102,106.8,2.8746939451769347,0.14182339449541284,0.4501146788990826,12.63947712232758,2.3000000000000007,23.48,2.28113,104.6,2.851284369188118,0.14780963302752292,0.4501146788990826,12.620662661415338,2.3,25.31,1.7284,105.7,2.6864860231863696,0.14082568807339452,0.4471215596330275,12.616525295149378,2.3899999999999997,28.82,1.66667,108.1,2.485739636091892
115,1999-07-01,0.1428211009174312,0.45111238532110093,2.14461,12.604848765487542,298000.0,2.16,21.05,106.0,3.0007198150650303,20.1,0.1488073394495413,0.44612385321100917,12.591335046320818,2.119999999999999,23.63,1.9656,107.3,2.8859174075467844,0.13982798165137617,0.45410550458715593,12.616856915115939,2.1799999999999997,26.2,2.09102,106.8,2.8746939451769347,0.14182339449541284,0.4501146788990826,12.63947712232758,2.3000000000000007,23.48,2.28113,104.6,2.851284369188118,0.14780963302752292,0.4501146788990826,12.620662661415338,2.3,25.31,1.7284,105.7,2.6864860231863696
116,1999-08-01,0.1488073394495413,0.45111238532110093,2.26438,12.580219070380911,290750.0,2.21,24.32,104.5,3.0577676644734435,21.28,0.1428211009174312,0.45111238532110093,12.604848765487542,2.16,21.05,2.14461,106.0,3.0007198150650303,0.1488073394495413,0.44612385321100917,12.591335046320818,2.119999999999999,23.63,1.9656,107.3,2.8859174075467844,0.13982798165137617,0.45410550458715593,12.616856915115939,2.1799999999999997,26.2,2.09102,106.8,2.8746939451769347,0.14182339449541284,0.4501146788990826,12.63947712232758,2.3000000000000007,23.48,2.28113,104.6,2.851284369188118
117,1999-09-01,0.15180045871559633,0.4371444954128441,2.62997,12.575910575995186,289500.0,2.2799999999999994,24.54,107.2,3.169685580677429,23.8,0.1488073394495413,0.45111238532110093,12.580219070380911,2.21,24.32,2.26438,104.5,3.0577676644734435,0.1428211009174312,0.45111238532110093,12.604848765487542,2.16,21.05,2.14461,106.0,3.0007198150650303,0.1488073394495413,0.44612385321100917,12.591335046320818,2.119999999999999,23.63,1.9656,107.3,2.8859174075467844,0.13982798165137617,0.45410550458715593,12.616856915115939,2.1799999999999997,26.2,2.09102,106.8,2.8746939451769347
118,1999-10-01,0.14082568807339452,0.4371444954128441,2.56254,12.579014561932778,290400.0,2.2700000000000005,24.02,103.2,3.1219242987917504,22.69,0.15180045871559633,0.4371444954128441,12.575910575995186,2.2799999999999994,24.54,2.62997,107.2,3.169685580677429,0.1488073394495413,0.45111238532110093,12.580219070380911,2.21,24.32,2.26438,104.5,3.0577676644734435,0.1428211009174312,0.45111238532110093,12.604848765487542,2.16,21.05,2.14461,106.0,3.0007198150650303,0.1488073394495413,0.44612385321100917,12.591335046320818,2.119999999999999,23.63,1.9656,107.3,2.8859174075467844
119,1999-11-01,0.14980504587155963,0.4381422018348623,2.62035,12.548775431902023,281750.0,2.12,21.82,107.2,3.2188758248682006,25.0,0.14082568807339452,0.4371444954128441,12.579014561932778,2.2700000000000005,24.02,2.56254,103.2,3.1219242987917504,0.15180045871559633,0.4371444954128441,12.575910575995186,2.2799999999999994,24.54,2.62997,107.2,3.169685580677429,0.1488073394495413,0.45111238532110093,12.580219070380911,2.21,24.32,2.26438,104.5,3.0577676644734435,0.1428211009174312,0.45111238532110093,12.604848765487542,2.16,21.05,2.14461,106.0,3.0007198150650303
120,1999-12-01,0.1388302752293578,0.42716743119266065,2.6764,12.537173338349476,278500.0,1.9099999999999993,22.16,105.4,3.261935314328648,26.1,0.14980504587155963,0.4381422018348623,12.548775431902023,2.12,21.82,2.62035,107.2,3.2188758248682006,0.14082568807339452,0.4371444954128441,12.579014561932778,2.2700000000000005,24.02,2.56254,103.2,3.1219242987917504,0.15180045871559633,0.4371444954128441,12.575910575995186,2.2799999999999994,24.54,2.62997,107.2,3.169685580677429,0.1488073394495413,0.45111238532110093,12.580219070380911,2.21,24.32,2.26438,104.5,3.0577676644734435
121,2000-01-01,0.13184633027522935,0.4401376146788991,2.79296,12.572103684392932,288400.0,1.67,23.2,112.0,3.3054204262683866,27.26,0.1388302752293578,0.42716743119266065,12.537173338349476,1.9099999999999993,22.16,2.6764,105.4,3.261935314328648,0.14980504587155963,0.4381422018348623,12.548775431902023,2.12,21.82,2.62035,107.2,3.2188758248682006,0.14082568807339452,0.4371444954128441,12.579014561932778,2.2700000000000005,24.02,2.56254,103.2,3.1219242987917504,0.15180045871559633,0.4371444954128441,12.575910575995186,2.2799999999999994,24.54,2.62997,107.2,3.169685580677429
122,2000-02-01,0.14581422018348622,0.45510321100917434,3.21797,12.590484344440506,293750.0,1.7699999999999996,23.6,111.3,3.379973745210529,29.37,0.13184633027522935,0.4401376146788991,12.572103684392932,1.67,23.2,2.79296,112.0,3.3054204262683866,0.1388302752293578,0.42716743119266065,12.537173338349476,1.9099999999999993,22.16,2.6764,105.4,3.261935314328648,0.14980504587155963,0.4381422018348623,12.548775431902023,2.12,21.82,2.62035,107.2,3.2188758248682006,0.14082568807339452,0.4371444954128441,12.579014561932778,2.2700000000000005,24.02,2.56254,103.2,3.1219242987917504
123,2000-03-01,0.1428211009174312,0.4381422018348623,3.76214,12.523616872265867,274750.0,2.1099999999999994,22.72,107.1,3.3958497753355603,29.84,0.14581422018348622,0.45510321100917434,12.590484344440506,1.7699999999999996,23.6,3.21797,111.3,3.379973745210529,0.13184633027522935,0.4401376146788991,12.572103684392932,1.67,23.2,2.79296,112.0,3.3054204262683866,0.1388302752293578,0.42716743119266065,12.537173338349476,1.9099999999999993,22.16,2.6764,105.4,3.261935314328648,0.14980504587155963,0.4381422018348623,12.548775431902023,2.12,21.82,2.62035,107.2,3.2188758248682006
124,2000-04-01,0.13084862385321103,0.42217889908256884,3.01386,12.512085674666679,271600.0,2.41,27.16,109.2,3.2472688993694185,25.72,0.1428211009174312,0.4381422018348623,12.523616872265867,2.1099999999999994,22.72,3.76214,107.1,3.3958497753355603,0.14581422018348622,0.45510321100917434,12.590484344440506,1.7699999999999996,23.6,3.21797,111.3,3.379973745210529,0.13184633027522935,0.4401376146788991,12.572103684392932,1.67,23.2,2.79296,112.0,3.3054204262683866,0.1388302752293578,0.42716743119266065,12.537173338349476,1.9099999999999993,22.16,2.6764,105.4,3.261935314328648
125,2000-05-01,0.15180045871559633,0.42716743119266065,3.13253,12.550548482011909,282250.0,2.46,26.37,110.7,3.3600281046240843,28.79,0.13084862385321103,0.42217889908256884,12.512085674666679,2.41,27.16,3.01386,109.2,3.2472688993694185,0.1428211009174312,0.4381422018348623,12.523616872265867,2.1099999999999994,22.72,3.76214,107.1,3.3958497753355603,0.14581422018348622,0.45510321100917434,12.590484344440506,1.7699999999999996,23.6,3.21797,111.3,3.379973745210529,0.13184633027522935,0.4401376146788991,12.572103684392932,1.67,23.2,2.79296,112.0,3.3054204262683866
126,2000-06-01,0.17474770642201834,0.4361467889908257,3.73494,12.581078546153629,291000.0,2.380000000000001,21.54,106.4,3.4600950229096408,31.82,0.15180045871559633,0.42716743119266065,12.550548482011909,2.46,26.37,3.13253,110.7,3.3600281046240843,0.13084862385321103,0.42217889908256884,12.512085674666679,2.41,27.16,3.01386,109.2,3.2472688993694185,0.1428211009174312,0.4381422018348623,12.523616872265867,2.1099999999999994,22.72,3.76214,107.1,3.3958497753355603,0.14581422018348622,0.45510321100917434,12.590484344440506,1.7699999999999996,23.6,3.21797,111.3,3.379973745210529
127,2000-07-01,0.15180045871559633,0.43415137614678895,3.59928,12.594730635321957,295000.0,2.3,19.89,108.3,3.391147045808654,29.7,0.17474770642201834,0.4361467889908257,12.581078546153629,2.380000000000001,21.54,3.73494,106.4,3.4600950229096408,0.15180045871559633,0.42716743119266065,12.550548482011909,2.46,26.37,3.13253,110.7,3.3600281046240843,0.13084862385321103,0.42217889908256884,12.512085674666679,2.41,27.16,3.01386,109.2,3.2472688993694185,0.1428211009174312,0.4381422018348623,12.523616872265867,2.1099999999999994,22.72,3.76214,107.1,3.3958497753355603
128,2000-08-01,0.15778669724770641,0.4501146788990826,3.35129,12.653159428329158,312750.0,2.4299999999999997,18.09,107.3,3.4423393249933305,31.26,0.15180045871559633,0.43415137614678895,12.594730635321957,2.3,19.89,3.59928,108.3,3.391147045808654,0.17474770642201834,0.4361467889908257,12.581078546153629,2.380000000000001,21.54,3.73494,106.4,3.4600950229096408,0.15180045871559633,0.42716743119266065,12.550548482011909,2.46,26.37,3.13253,110.7,3.3600281046240843,0.13084862385321103,0.42217889908256884,12.512085674666679,2.41,27.16,3.01386,109.2,3.2472688993694185
129,2000-09-01,0.1557912844036697,0.4561009174311927,3.4565,12.612204198181498,300200.0,2.55,19.69,106.8,3.522824869783854,33.88,0.15778669724770641,0.4501146788990826,12.653159428329158,2.4299999999999997,18.09,3.35129,107.3,3.4423393249933305,0.15180045871559633,0.43415137614678895,12.594730635321957,2.3,19.89,3.59928,108.3,3.391147045808654,0.17474770642201834,0.4361467889908257,12.581078546153629,2.380000000000001,21.54,3.73494,106.4,3.4600950229096408,0.15180045871559633,0.42716743119266065,12.550548482011909,2.46,26.37,3.13253,110.7,3.3600281046240843
130,2000-10-01,0.1488073394495413,0.4431307339449541,3.45033,12.614865543731012,301000.0,2.5999999999999996,25.2,105.8,3.4998353515591547,33.11,0.1557912844036697,0.4561009174311927,12.612204198181498,2.55,19.69,3.4565,106.8,3.522824869783854,0.15778669724770641,0.4501146788990826,12.653159428329158,2.4299999999999997,18.09,3.35129,107.3,3.4423393249933305,0.15180045871559633,0.43415137614678895,12.594730635321957,2.3,19.89,3.59928,108.3,3.391147045808654,0.17474770642201834,0.4361467889908257,12.581078546153629,2.380000000000001,21.54,3.73494,106.4,3.4600950229096408
131,2000-11-01,0.15778669724770641,0.4431307339449541,3.44418,12.71964449496419,334250.0,2.5599999999999996,26.38,107.6,3.5386377907833935,34.42,0.1488073394495413,0.4431307339449541,12.614865543731012,2.5999999999999996,25.2,3.45033,105.8,3.4998353515591547,0.1557912844036697,0.4561009174311927,12.612204198181498,2.55,19.69,3.4565,106.8,3.522824869783854,0.15778669724770641,0.4501146788990826,12.653159428329158,2.4299999999999997,18.09,3.35129,107.3,3.4423393249933305,0.15180045871559633,0.43415137614678895,12.594730635321957,2.3,19.89,3.59928,108.3,3.391147045808654
132,2000-12-01,0.1717545871559633,0.4590940366972477,3.43602,12.75419405403986,346000.0,2.7799999999999994,26.53,98.4,3.34779660493504,28.44,0.15778669724770641,0.4431307339449541,12.71964449496419,2.5599999999999996,26.38,3.44418,107.6,3.5386377907833935,0.1488073394495413,0.4431307339449541,12.614865543731012,2.5999999999999996,25.2,3.45033,105.8,3.4998353515591547,0.1557912844036697,0.4561009174311927,12.612204198181498,2.55,19.69,3.4565,106.8,3.522824869783854,0.15778669724770641,0.4501146788990826,12.653159428329158,2.4299999999999997,18.09,3.35129,107.3,3.4423393249933305
133,2001-01-01,0.16975917431192658,0.4640825688073394,3.7212,12.736700896592344,340000.0,2.7699999999999996,24.92,94.7,3.3874364664121184,29.59,0.1717545871559633,0.4590940366972477,12.75419405403986,2.7799999999999994,26.53,3.43602,98.4,3.34779660493504,0.15778669724770641,0.4431307339449541,12.71964449496419,2.5599999999999996,26.38,3.44418,107.6,3.5386377907833935,0.1488073394495413,0.4431307339449541,12.614865543731012,2.5999999999999996,25.2,3.45033,105.8,3.4998353515591547,0.1557912844036697,0.4561009174311927,12.612204198181498,2.55,19.69,3.4565,106.8,3.522824869783854
134,2001-02-01,0.15978211009174315,0.4790481651376146,3.52941,12.824630969099047,371250.0,2.7700000000000005,23.41,90.6,3.3881121421135,29.61,0.16975917431192658,0.4640825688073394,12.736700896592344,2.7699999999999996,24.92,3.7212,94.7,3.3874364664121184,0.1717545871559633,0.4590940366972477,12.75419405403986,2.7799999999999994,26.53,3.43602,98.4,3.34779660493504,0.15778669724770641,0.4431307339449541,12.71964449496419,2.5599999999999996,26.38,3.44418,107.6,3.5386377907833935,0.1488073394495413,0.4431307339449541,12.614865543731012,2.5999999999999996,25.2,3.45033,105.8,3.4998353515591547
135,2001-03-01,0.16576834862385323,0.497006880733945,2.98246,12.866696634384558,387200.0,2.95,28.5,91.5,3.3046864812813115,27.24,0.15978211009174315,0.4790481651376146,12.824630969099047,2.7700000000000005,23.41,3.52941,90.6,3.3881121421135,0.16975917431192658,0.4640825688073394,12.736700896592344,2.7699999999999996,24.92,3.7212,94.7,3.3874364664121184,0.1717545871559633,0.4590940366972477,12.75419405403986,2.7799999999999994,26.53,3.43602,98.4,3.34779660493504,0.15778669724770641,0.4431307339449541,12.71964449496419,2.5599999999999996,26.38,3.44418,107.6,3.5386377907833935
136,2001-04-01,0.1677637614678899,0.4940137614678899,3.21826,12.891061638388656,396750.0,2.9300000000000006,28.13,88.4,3.3138223021771545,27.49,0.16576834862385323,0.497006880733945,12.866696634384558,2.95,28.5,2.98246,91.5,3.3046864812813115,0.15978211009174315,0.4790481651376146,12.824630969099047,2.7700000000000005,23.41,3.52941,90.6,3.3881121421135,0.16975917431192658,0.4640825688073394,12.736700896592344,2.7699999999999996,24.92,3.7212,94.7,3.3874364664121184,0.1717545871559633,0.4590940366972477,12.75419405403986,2.7799999999999994,26.53,3.43602,98.4,3.34779660493504
137,2001-05-01,0.1717545871559633,0.5059862385321101,3.56308,12.885374419268066,394500.0,2.6800000000000006,22.94,92.0,3.354455119110024,28.63,0.1677637614678899,0.4940137614678899,12.891061638388656,2.9300000000000006,28.13,3.21826,88.4,3.3138223021771545,0.16576834862385323,0.497006880733945,12.866696634384558,2.95,28.5,2.98246,91.5,3.3046864812813115,0.15978211009174315,0.4790481651376146,12.824630969099047,2.7700000000000005,23.41,3.52941,90.6,3.3881121421135,0.16975917431192658,0.4640825688073394,12.736700896592344,2.7699999999999996,24.92,3.7212,94.7,3.3874364664121184
138,2001-06-01,0.15778669724770641,0.5099770642201835,3.19396,12.892195211153155,397200.0,2.6899999999999995,20.94,92.6,3.3178157727231046,27.6,0.1717545871559633,0.5059862385321101,12.885374419268066,2.6800000000000006,22.94,3.56308,92.0,3.354455119110024,0.1677637614678899,0.4940137614678899,12.891061638388656,2.9300000000000006,28.13,3.21826,88.4,3.3138223021771545,0.16576834862385323,0.497006880733945,12.866696634384558,2.95,28.5,2.98246,91.5,3.3046864812813115,0.15978211009174315,0.4790481651376146,12.824630969099047,2.7700000000000005,23.41,3.52941,90.6,3.3881121421135
139,2001-07-01,0.153795871559633,0.5119724770642202,2.72148,12.894207284266574,398000.0,2.7299999999999995,22.32,92.4,3.2741212990941793,26.42,0.15778669724770641,0.5099770642201835,12.892195211153155,2.6899999999999995,20.94,3.19396,92.6,3.3178157727231046,0.1717545871559633,0.5059862385321101,12.885374419268066,2.6800000000000006,22.94,3.56308,92.0,3.354455119110024,0.1677637614678899,0.4940137614678899,12.891061638388656,2.9300000000000006,28.13,3.21826,88.4,3.3138223021771545,0.16576834862385323,0.497006880733945,12.866696634384558,2.95,28.5,2.98246,91.5,3.3046864812813115
140,2001-08-01,0.15279816513761468,0.4940137614678899,2.72148,12.894207284266574,398000.0,2.88,21.86,91.5,3.309447523052588,27.37,0.153795871559633,0.5119724770642202,12.894207284266574,2.7299999999999995,22.32,2.72148,92.4,3.2741212990941793,0.15778669724770641,0.5099770642201835,12.892195211153155,2.6899999999999995,20.94,3.19396,92.6,3.3178157727231046,0.1717545871559633,0.5059862385321101,12.885374419268066,2.6800000000000006,22.94,3.56308,92.0,3.354455119110024,0.1677637614678899,0.4940137614678899,12.891061638388656,2.9300000000000006,28.13,3.21826,88.4,3.3138223021771545
141,2001-09-01,0.16477064220183485,0.5129701834862386,2.59217,12.983101310070822,435000.0,3.299999999999999,35.07,81.8,3.265759410767051,26.2,0.15279816513761468,0.4940137614678899,12.894207284266574,2.88,21.86,2.72148,91.5,3.309447523052588,0.153795871559633,0.5119724770642202,12.894207284266574,2.7299999999999995,22.32,2.72148,92.4,3.2741212990941793,0.15778669724770641,0.5099770642201835,12.892195211153155,2.6899999999999995,20.94,3.19396,92.6,3.3178157727231046,0.1717545871559633,0.5059862385321101,12.885374419268066,2.6800000000000006,22.94,3.56308,92.0,3.354455119110024
142,2001-10-01,0.17075688073394496,0.5538761467889908,2.12766,13.083102663451026,480750.0,3.34,32.72,82.7,3.09874002362822,22.17,0.16477064220183485,0.5129701834862386,12.983101310070822,3.299999999999999,35.07,2.59217,81.8,3.265759410767051,0.15279816513761468,0.4940137614678899,12.894207284266574,2.88,21.86,2.72148,91.5,3.309447523052588,0.153795871559633,0.5119724770642202,12.894207284266574,2.7299999999999995,22.32,2.72148,92.4,3.2741212990941793,0.15778669724770641,0.5099770642201835,12.892195211153155,2.6899999999999995,20.94,3.19396,92.6,3.3178157727231046
143,2001-11-01,0.1488073394495413,0.5568692660550459,1.89437,13.011431816697048,447500.0,3.1599999999999993,26.63,83.9,2.97756830292632,19.64,0.17075688073394496,0.5538761467889908,13.083102663451026,3.34,32.72,2.12766,82.7,3.09874002362822,0.16477064220183485,0.5129701834862386,12.983101310070822,3.299999999999999,35.07,2.59217,81.8,3.265759410767051,0.15279816513761468,0.4940137614678899,12.894207284266574,2.88,21.86,2.72148,91.5,3.309447523052588,0.153795871559633,0.5119724770642202,12.894207284266574,2.7299999999999995,22.32,2.72148,92.4,3.2741212990941793
144,2001-12-01,0.13583715596330276,0.5389105504587156,1.60367,12.940361769421294,416800.0,2.960000000000001,23.72,88.8,2.9647574692545606,19.39,0.1488073394495413,0.5568692660550459,13.011431816697048,3.1599999999999993,26.63,1.89437,83.9,2.97756830292632,0.17075688073394496,0.5538761467889908,13.083102663451026,3.34,32.72,2.12766,82.7,3.09874002362822,0.16477064220183485,0.5129701834862386,12.983101310070822,3.299999999999999,35.07,2.59217,81.8,3.265759410767051,0.15279816513761468,0.4940137614678899,12.894207284266574,2.88,21.86,2.72148,91.5,3.309447523052588
145,2002-01-01,0.1428211009174312,0.5518807339449542,1.1959,12.920247193282195,408500.0,2.83,22.25,93.0,2.9811261211646287,19.71,0.13583715596330276,0.5389105504587156,12.940361769421294,2.960000000000001,23.72,1.60367,88.8,2.9647574692545606,0.1488073394495413,0.5568692660550459,13.011431816697048,3.1599999999999993,26.63,1.89437,83.9,2.97756830292632,0.17075688073394496,0.5538761467889908,13.083102663451026,3.34,32.72,2.12766,82.7,3.09874002362822,0.16477064220183485,0.5129701834862386,12.983101310070822,3.299999999999999,35.07,2.59217,81.8,3.265759410767051
146,2002-02-01,0.1388302752293578,0.5458944954128441,1.13636,12.896716695872,399000.0,2.9799999999999995,22.88,90.7,3.031099417391282,20.72,0.1428211009174312,0.5518807339449542,12.920247193282195,2.83,22.25,1.1959,93.0,2.9811261211646287,0.13583715596330276,0.5389105504587156,12.940361769421294,2.960000000000001,23.72,1.60367,88.8,2.9647574692545606,0.1488073394495413,0.5568692660550459,13.011431816697048,3.1599999999999993,26.63,1.89437,83.9,2.97756830292632,0.17075688073394496,0.5538761467889908,13.083102663451026,3.34,32.72,2.12766,82.7,3.09874002362822
147,2002-03-01,0.1328440366972477,0.5329243119266054,1.36286,12.93699719042415,415400.0,2.829999999999999,18.99,95.7,3.199896858270398,24.53,0.1388302752293578,0.5458944954128441,12.896716695872,2.9799999999999995,22.88,1.13636,90.7,3.031099417391282,0.1428211009174312,0.5518807339449542,12.920247193282195,2.83,22.25,1.1959,93.0,2.9811261211646287,0.13583715596330276,0.5389105504587156,12.940361769421294,2.960000000000001,23.72,1.60367,88.8,2.9647574692545606,0.1488073394495413,0.5568692660550459,13.011431816697048,3.1599999999999993,26.63,1.89437,83.9,2.97756830292632
148,2002-04-01,0.13384174311926605,0.5409059633027523,1.64399,12.969794778759722,429250.0,2.8199999999999994,19.9,93.0,3.264995760481754,26.18,0.1328440366972477,0.5329243119266054,12.93699719042415,2.829999999999999,18.99,1.36286,95.7,3.199896858270398,0.1388302752293578,0.5458944954128441,12.896716695872,2.9799999999999995,22.88,1.13636,90.7,3.031099417391282,0.1428211009174312,0.5518807339449542,12.920247193282195,2.83,22.25,1.1959,93.0,2.9811261211646287,0.13583715596330276,0.5389105504587156,12.940361769421294,2.960000000000001,23.72,1.60367,88.8,2.9647574692545606
149,2002-05-01,0.1348394495412844,0.5508830275229358,1.24083,12.921470435024938,409000.0,2.9299999999999997,20.09,96.9,3.2973172511747633,27.04,0.13384174311926605,0.5409059633027523,12.969794778759722,2.8199999999999994,19.9,1.64399,93.0,3.264995760481754,0.1328440366972477,0.5329243119266054,12.93699719042415,2.829999999999999,18.99,1.36286,95.7,3.199896858270398,0.1388302752293578,0.5458944954128441,12.896716695872,2.9799999999999995,22.88,1.13636,90.7,3.031099417391282,0.1428211009174312,0.5518807339449542,12.920247193282195,2.83,22.25,1.1959,93.0,2.9811261211646287
150,2002-06-01,0.12885321100917432,0.5518807339449542,1.06922,12.866696634384558,387200.0,3.0200000000000005,25.27,92.4,3.239462458476589,25.52,0.1348394495412844,0.5508830275229358,12.921470435024938,2.9299999999999997,20.09,1.24083,96.9,3.2973172511747633,0.13384174311926605,0.5409059633027523,12.969794778759722,2.8199999999999994,19.9,1.64399,93.0,3.264995760481754,0.1328440366972477,0.5329243119266054,12.93699719042415,2.829999999999999,18.99,1.36286,95.7,3.199896858270398,0.1388302752293578,0.5458944954128441,12.896716695872,2.9799999999999995,22.88,1.13636,90.7,3.031099417391282
151,2002-07-01,0.14182339449541284,0.5508830275229358,1.46561,12.863592648446968,386000.0,3.25,34.05,88.1,3.2947251371516386,26.97,0.12885321100917432,0.5518807339449542,12.866696634384558,3.0200000000000005,25.27,1.06922,92.4,3.239462458476589,0.1348394495412844,0.5508830275229358,12.921470435024938,2.9299999999999997,20.09,1.24083,96.9,3.2973172511747633,0.13384174311926605,0.5409059633027523,12.969794778759722,2.8199999999999994,19.9,1.64399,93.0,3.264995760481754,0.1328440366972477,0.5329243119266054,12.93699719042415,2.829999999999999,18.99,1.36286,95.7,3.199896858270398
152,2002-08-01,0.14082568807339452,0.5498853211009175,1.74746,12.883090444160235,393600.0,3.3200000000000003,33.74,87.6,3.34603697048488,28.39,0.14182339449541284,0.5508830275229358,12.863592648446968,3.25,34.05,1.46561,88.1,3.2947251371516386,0.12885321100917432,0.5518807339449542,12.866696634384558,3.0200000000000005,25.27,1.06922,92.4,3.239462458476589,0.1348394495412844,0.5508830275229358,12.921470435024938,2.9299999999999997,20.09,1.24083,96.9,3.2973172511747633,0.13384174311926605,0.5409059633027523,12.969794778759722,2.8199999999999994,19.9,1.64399,93.0,3.264995760481754
153,2002-09-01,0.12985091743119268,0.5538761467889908,1.516,12.922692182275261,409500.0,3.5300000000000002,37.65,86.1,3.389799336709786,29.66,0.14082568807339452,0.5498853211009175,12.883090444160235,3.3200000000000003,33.74,1.74746,87.6,3.34603697048488,0.14182339449541284,0.5508830275229358,12.863592648446968,3.25,34.05,1.46561,88.1,3.2947251371516386,0.12885321100917432,0.5518807339449542,12.866696634384558,3.0200000000000005,25.27,1.06922,92.4,3.239462458476589,0.1348394495412844,0.5508830275229358,12.921470435024938,2.9299999999999997,20.09,1.24083,96.9,3.2973172511747633
154,2002-10-01,0.13184633027522935,0.559862385321101,2.02703,12.917796211663054,407500.0,3.7900000000000005,35.24,80.6,3.3617633124167483,28.84,0.12985091743119268,0.5538761467889908,12.922692182275261,3.5300000000000002,37.65,1.516,86.1,3.389799336709786,0.14082568807339452,0.5498853211009175,12.883090444160235,3.3200000000000003,33.74,1.74746,87.6,3.34603697048488,0.14182339449541284,0.5508830275229358,12.863592648446968,3.25,34.05,1.46561,88.1,3.2947251371516386,0.12885321100917432,0.5518807339449542,12.866696634384558,3.0200000000000005,25.27,1.06922,92.4,3.239462458476589
155,2002-11-01,0.12785550458715594,0.5558715596330276,2.25352,12.879527192744384,392200.0,3.5700000000000003,28.18,84.2,3.2714682749873716,26.35,0.13184633027522935,0.559862385321101,12.917796211663054,3.7900000000000005,35.24,2.02703,80.6,3.3617633124167483,0.12985091743119268,0.5538761467889908,12.922692182275261,3.5300000000000002,37.65,1.516,86.1,3.389799336709786,0.14082568807339452,0.5498853211009175,12.883090444160235,3.3200000000000003,33.74,1.74746,87.6,3.34603697048488,0.14182339449541284,0.5508830275229358,12.863592648446968,3.25,34.05,1.46561,88.1,3.2947251371516386
156,2002-12-01,0.12985091743119268,0.5518807339449542,2.48027,12.934224935288809,414250.0,3.42,28.21,86.7,3.3830334110344844,29.46,0.12785550458715594,0.5558715596330276,12.879527192744384,3.5700000000000003,28.18,2.25352,84.2,3.2714682749873716,0.13184633027522935,0.559862385321101,12.917796211663054,3.7900000000000005,35.24,2.02703,80.6,3.3617633124167483,0.12985091743119268,0.5538761467889908,12.922692182275261,3.5300000000000002,37.65,1.516,86.1,3.389799336709786,0.14082568807339452,0.5498853211009175,12.883090444160235,3.3200000000000003,33.74,1.74746,87.6,3.34603697048488
157,2003-01-01,0.12985091743119268,0.5518807339449542,2.75746,12.886641043883259,395000.0,3.3,27.42,82.4,3.4949912609485163,32.95,0.12985091743119268,0.5518807339449542,12.934224935288809,3.42,28.21,2.48027,86.7,3.3830334110344844,0.12785550458715594,0.5558715596330276,12.879527192744384,3.5700000000000003,28.18,2.25352,84.2,3.2714682749873716,0.13184633027522935,0.559862385321101,12.917796211663054,3.7900000000000005,35.24,2.02703,80.6,3.3617633124167483,0.12985091743119268,0.5538761467889908,12.922692182275261,3.5300000000000002,37.65,1.516,86.1,3.389799336709786
158,2003-02-01,0.1328440366972477,0.559862385321101,3.14607,12.926348493478372,411000.0,3.1599999999999997,32.22,79.9,3.5787855313168624,35.83,0.12985091743119268,0.5518807339449542,12.886641043883259,3.3,27.42,2.75746,82.4,3.4949912609485163,0.12985091743119268,0.5518807339449542,12.934224935288809,3.42,28.21,2.48027,86.7,3.3830334110344844,0.12785550458715594,0.5558715596330276,12.879527192744384,3.5700000000000003,28.18,2.25352,84.2,3.2714682749873716,0.13184633027522935,0.559862385321101,12.917796211663054,3.7900000000000005,35.24,2.02703,80.6,3.3617633124167483
159,2003-03-01,0.1328440366972477,0.5518807339449542,3.02521,12.965475621867185,427400.0,3.14,30.63,77.6,3.511843901749219,33.51,0.1328440366972477,0.559862385321101,12.926348493478372,3.1599999999999997,32.22,3.14607,79.9,3.5787855313168624,0.12985091743119268,0.5518807339449542,12.886641043883259,3.3,27.42,2.75746,82.4,3.4949912609485163,0.12985091743119268,0.5518807339449542,12.934224935288809,3.42,28.21,2.48027,86.7,3.3830334110344844,0.12785550458715594,0.5558715596330276,12.879527192744384,3.5700000000000003,28.18,2.25352,84.2,3.2714682749873716
160,2003-04-01,0.12885321100917432,0.5448967889908257,2.17513,12.985970752498774,436250.0,2.8899999999999997,23.99,86.0,3.338257581888281,28.17,0.1328440366972477,0.5518807339449542,12.965475621867185,3.14,30.63,3.02521,77.6,3.511843901749219,0.1328440366972477,0.559862385321101,12.926348493478372,3.1599999999999997,32.22,3.14607,79.9,3.5787855313168624,0.12985091743119268,0.5518807339449542,12.886641043883259,3.3,27.42,2.75746,82.4,3.4949912609485163,0.12985091743119268,0.5518807339449542,12.934224935288809,3.42,28.21,2.48027,86.7,3.3830334110344844
161,2003-05-01,0.13982798165137617,0.5658486238532111,1.89415,12.957488734214095,424000.0,2.81,20.24,92.1,3.3361253849184407,28.11,0.12885321100917432,0.5448967889908257,12.985970752498774,2.8899999999999997,23.99,2.17513,86.0,3.338257581888281,0.1328440366972477,0.5518807339449542,12.965475621867185,3.14,30.63,3.02521,77.6,3.511843901749219,0.1328440366972477,0.559862385321101,12.926348493478372,3.1599999999999997,32.22,3.14607,79.9,3.5787855313168624,0.12985091743119268,0.5518807339449542,12.886641043883259,3.3,27.42,2.75746,82.4,3.4949912609485163
162,2003-06-01,0.12586009174311927,0.539908256880734,1.94878,12.952168000408214,421750.0,2.8600000000000003,20.36,89.7,3.422958873443668,30.66,0.13982798165137617,0.5658486238532111,12.957488734214095,2.81,20.24,1.89415,92.1,3.3361253849184407,0.12885321100917432,0.5448967889908257,12.985970752498774,2.8899999999999997,23.99,2.17513,86.0,3.338257581888281,0.1328440366972477,0.5518807339449542,12.965475621867185,3.14,30.63,3.02521,77.6,3.511843901749219,0.1328440366972477,0.559862385321101,12.926348493478372,3.1599999999999997,32.22,3.14607,79.9,3.5787855313168624
163,2003-07-01,0.12586009174311927,0.5538761467889908,2.05556,12.927564299099261,411500.0,2.64,19.16,90.9,3.4258899942525267,30.75,0.12586009174311927,0.539908256880734,12.952168000408214,2.8600000000000003,20.36,1.94878,89.7,3.422958873443668,0.13982798165137617,0.5658486238532111,12.957488734214095,2.81,20.24,1.89415,92.1,3.3361253849184407,0.12885321100917432,0.5448967889908257,12.985970752498774,2.8899999999999997,23.99,2.17513,86.0,3.338257581888281,0.1328440366972477,0.5518807339449542,12.965475621867185,3.14,30.63,3.02521,77.6,3.511843901749219
164,2003-08-01,0.12486238532110092,0.559862385321101,2.21607,12.89971970113177,400200.0,2.5599999999999996,19.27,89.3,3.4522073025699003,31.57,0.12586009174311927,0.5538761467889908,12.927564299099261,2.64,19.16,2.05556,90.9,3.4258899942525267,0.12586009174311927,0.539908256880734,12.952168000408214,2.8600000000000003,20.36,1.94878,89.7,3.422958873443668,0.13982798165137617,0.5658486238532111,12.957488734214095,2.81,20.24,1.89415,92.1,3.3361253849184407,0.12885321100917432,0.5448967889908257,12.985970752498774,2.8899999999999997,23.99,2.17513,86.0,3.338257581888281
165,2003-09-01,0.12985091743119268,0.5568692660550459,2.37832,12.887906066189846,395500.0,2.5200000000000005,19.53,87.7,3.343215099123808,28.31,0.12486238532110092,0.559862385321101,12.89971970113177,2.5599999999999996,19.27,2.21607,89.3,3.4522073025699003,0.12586009174311927,0.5538761467889908,12.927564299099261,2.64,19.16,2.05556,90.9,3.4258899942525267,0.12586009174311927,0.539908256880734,12.952168000408214,2.8600000000000003,20.36,1.94878,89.7,3.422958873443668,0.13982798165137617,0.5658486238532111,12.957488734214095,2.81,20.24,1.89415,92.1,3.3361253849184407
166,2003-10-01,0.12685779816513762,0.5508830275229358,2.04194,12.853175887588712,382000.0,2.4400000000000004,18.02,89.6,3.4124669739203863,30.34,0.12985091743119268,0.5568692660550459,12.887906066189846,2.5200000000000005,19.53,2.37832,87.7,3.343215099123808,0.12486238532110092,0.559862385321101,12.89971970113177,2.5599999999999996,19.27,2.21607,89.3,3.4522073025699003,0.12586009174311927,0.5538761467889908,12.927564299099261,2.64,19.16,2.05556,90.9,3.4258899942525267,0.12586009174311927,0.539908256880734,12.952168000408214,2.8600000000000003,20.36,1.94878,89.7,3.422958873443668
167,2003-11-01,0.12586009174311927,0.5438990825688074,1.92837,12.802158113246987,363000.0,2.3600000000000003,17.4,93.7,3.4375293109095457,31.11,0.12685779816513762,0.5508830275229358,12.853175887588712,2.4400000000000004,18.02,2.04194,89.6,3.4124669739203863,0.12985091743119268,0.5568692660550459,12.887906066189846,2.5200000000000005,19.53,2.37832,87.7,3.343215099123808,0.12486238532110092,0.559862385321101,12.89971970113177,2.5599999999999996,19.27,2.21607,89.3,3.4522073025699003,0.12586009174311927,0.5538761467889908,12.927564299099261,2.64,19.16,2.05556,90.9,3.4258899942525267
168,2003-12-01,0.12685779816513762,0.5409059633027523,2.0352,12.788986345690418,358250.0,2.33,16.83,92.6,3.4697901731277674,32.13,0.12586009174311927,0.5438990825688074,12.802158113246987,2.3600000000000003,17.4,1.92837,93.7,3.4375293109095457,0.12685779816513762,0.5508830275229358,12.853175887588712,2.4400000000000004,18.02,2.04194,89.6,3.4124669739203863,0.12985091743119268,0.5568692660550459,12.887906066189846,2.5200000000000005,19.53,2.37832,87.7,3.343215099123808,0.12486238532110092,0.559862385321101,12.89971970113177,2.5599999999999996,19.27,2.21607,89.3,3.4522073025699003
169,2004-01-01,0.12286697247706423,0.519954128440367,2.02629,12.794414711723993,360200.0,2.29,16.1,103.8,3.5354368568703585,34.31,0.12685779816513762,0.5409059633027523,12.788986345690418,2.33,16.83,2.0352,92.6,3.4697901731277674,0.12586009174311927,0.5438990825688074,12.802158113246987,2.3600000000000003,17.4,1.92837,93.7,3.4375293109095457,0.12685779816513762,0.5508830275229358,12.853175887588712,2.4400000000000004,18.02,2.04194,89.6,3.4124669739203863,0.12985091743119268,0.5568692660550459,12.887906066189846,2.5200000000000005,19.53,2.37832,87.7,3.343215099123808
170,2004-02-01,0.12985091743119268,0.5239449541284403,1.68845,12.795940476636117,360750.0,2.1899999999999995,16.0,94.4,3.546163151912341,34.68,0.12286697247706423,0.519954128440367,12.794414711723993,2.29,16.1,2.02629,103.8,3.5354368568703585,0.12685779816513762,0.5409059633027523,12.788986345690418,2.33,16.83,2.0352,92.6,3.4697901731277674,0.12586009174311927,0.5438990825688074,12.802158113246987,2.3600000000000003,17.4,1.92837,93.7,3.4375293109095457,0.12685779816513762,0.5508830275229358,12.853175887588712,2.4400000000000004,18.02,2.04194,89.6,3.4124669739203863
171,2004-03-01,0.12087155963302751,0.5359174311926606,1.74008,12.742566016044742,342000.0,2.2800000000000002,17.69,95.8,3.6038660797869797,36.74,0.12985091743119268,0.5239449541284403,12.795940476636117,2.1899999999999995,16.0,1.68845,94.4,3.546163151912341,0.12286697247706423,0.519954128440367,12.794414711723993,2.29,16.1,2.02629,103.8,3.5354368568703585,0.12685779816513762,0.5409059633027523,12.788986345690418,2.33,16.83,2.0352,92.6,3.4697901731277674,0.12586009174311927,0.5438990825688074,12.802158113246987,2.3600000000000003,17.4,1.92837,93.7,3.4375293109095457
172,2004-04-01,0.12286697247706423,0.5319266055045871,2.29258,12.760675891642052,348250.0,2.1100000000000003,15.7,94.2,3.6041382256588457,36.75,0.12087155963302751,0.5359174311926606,12.742566016044742,2.2800000000000002,17.69,1.74008,95.8,3.6038660797869797,0.12985091743119268,0.5239449541284403,12.795940476636117,2.1899999999999995,16.0,1.68845,94.4,3.546163151912341,0.12286697247706423,0.519954128440367,12.794414711723993,2.29,16.1,2.02629,103.8,3.5354368568703585,0.12685779816513762,0.5409059633027523,12.788986345690418,2.33,16.83,2.0352,92.6,3.4697901731277674
173,2004-05-01,0.11688073394495412,0.5099770642201835,2.89776,12.725461499956653,336200.0,2.0300000000000002,17.71,90.2,3.6958550678503617,40.28,0.12286697247706423,0.5319266055045871,12.760675891642052,2.1100000000000003,15.7,2.29258,94.2,3.6041382256588457,0.12087155963302751,0.5359174311926606,12.742566016044742,2.2800000000000002,17.69,1.74008,95.8,3.6038660797869797,0.12985091743119268,0.5239449541284403,12.795940476636117,2.1899999999999995,16.0,1.68845,94.4,3.546163151912341,0.12286697247706423,0.519954128440367,12.794414711723993,2.29,16.1,2.02629,103.8,3.5354368568703585
174,2004-06-01,0.12186926605504586,0.49900229357798165,3.16767,12.762827201184564,349000.0,2.05,15.34,95.6,3.638375321940168,38.03,0.11688073394495412,0.5099770642201835,12.725461499956653,2.0300000000000002,17.71,2.89776,90.2,3.6958550678503617,0.12286697247706423,0.5319266055045871,12.760675891642052,2.1100000000000003,15.7,2.29258,94.2,3.6041382256588457,0.12087155963302751,0.5359174311926606,12.742566016044742,2.2800000000000002,17.69,1.74008,95.8,3.6038660797869797,0.12985091743119268,0.5239449541284403,12.795940476636117,2.1899999999999995,16.0,1.68845,94.4,3.546163151912341
175,2004-07-01,0.12985091743119268,0.5209518348623854,2.93958,12.745485726148077,343000.0,2.12,15.5,96.7,3.708191765146309,40.78,0.12186926605504586,0.49900229357798165,12.762827201184564,2.05,15.34,3.16767,95.6,3.638375321940168,0.11688073394495412,0.5099770642201835,12.725461499956653,2.0300000000000002,17.71,2.89776,90.2,3.6958550678503617,0.12286697247706423,0.5319266055045871,12.760675891642052,2.1100000000000003,15.7,2.29258,94.2,3.6041382256588457,0.12087155963302751,0.5359174311926606,12.742566016044742,2.2800000000000002,17.69,1.74008,95.8,3.6038660797869797
176,2004-08-01,0.12586009174311927,0.5009977064220184,2.54743,12.73890434955878,340750.0,2.1799999999999997,16.68,95.9,3.8044377947482086,44.9,0.12985091743119268,0.5209518348623854,12.745485726148077,2.12,15.5,2.93958,96.7,3.708191765146309,0.12186926605504586,0.49900229357798165,12.762827201184564,2.05,15.34,3.16767,95.6,3.638375321940168,0.11688073394495412,0.5099770642201835,12.725461499956653,2.0300000000000002,17.71,2.89776,90.2,3.6958550678503617,0.12286697247706423,0.5319266055045871,12.760675891642052,2.1100000000000003,15.7,2.29258,94.2,3.6041382256588457
177,2004-09-01,0.11987385321100917,0.5089793577981652,2.53917,12.728579774070003,337250.0,2.1399999999999997,14.08,94.2,3.8273361972609523,45.94,0.12586009174311927,0.5009977064220184,12.73890434955878,2.1799999999999997,16.68,2.54743,95.9,3.8044377947482086,0.12985091743119268,0.5209518348623854,12.745485726148077,2.12,15.5,2.93958,96.7,3.708191765146309,0.12186926605504586,0.49900229357798165,12.762827201184564,2.05,15.34,3.16767,95.6,3.638375321940168,0.11688073394495412,0.5099770642201835,12.725461499956653,2.0300000000000002,17.71,2.89776,90.2,3.6958550678503617
178,2004-10-01,0.11787844036697247,0.5069839449541285,3.19091,12.718896271958837,334000.0,2.1100000000000003,14.97,91.7,3.9755610262321337,53.28,0.11987385321100917,0.5089793577981652,12.728579774070003,2.1399999999999997,14.08,2.53917,94.2,3.8273361972609523,0.12586009174311927,0.5009977064220184,12.73890434955878,2.1799999999999997,16.68,2.54743,95.9,3.8044377947482086,0.12985091743119268,0.5209518348623854,12.745485726148077,2.12,15.5,2.93958,96.7,3.708191765146309,0.12186926605504586,0.49900229357798165,12.762827201184564,2.05,15.34,3.16767,95.6,3.638375321940168
179,2004-11-01,0.12087155963302751,0.5109747706422019,3.62162,12.703052862474111,328750.0,2.01,13.58,92.8,3.8809450498572846,48.47,0.11787844036697247,0.5069839449541285,12.718896271958837,2.1100000000000003,14.97,3.19091,91.7,3.9755610262321337,0.11987385321100917,0.5089793577981652,12.728579774070003,2.1399999999999997,14.08,2.53917,94.2,3.8273361972609523,0.12586009174311927,0.5009977064220184,12.73890434955878,2.1799999999999997,16.68,2.54743,95.9,3.8044377947482086,0.12985091743119268,0.5209518348623854,12.745485726148077,2.12,15.5,2.93958,96.7,3.708191765146309
180,2004-12-01,0.12087155963302751,0.5059862385321101,3.34232,12.692349396374752,325250.0,1.92,12.46,97.1,3.764682417529437,43.15,0.12087155963302751,0.5109747706422019,12.703052862474111,2.01,13.58,3.62162,92.8,3.8809450498572846,0.11787844036697247,0.5069839449541285,12.718896271958837,2.1100000000000003,14.97,3.19091,91.7,3.9755610262321337,0.11987385321100917,0.5089793577981652,12.728579774070003,2.1399999999999997,14.08,2.53917,94.2,3.8273361972609523,0.12586009174311927,0.5009977064220184,12.73890434955878,2.1799999999999997,16.68,2.54743,95.9,3.8044377947482086
181,2005-01-01,0.12486238532110092,0.516961009174312,2.84487,12.746651227445513,343400.0,1.7999999999999998,13.44,95.5,3.8467375387295166,46.84,0.12087155963302751,0.5059862385321101,12.692349396374752,1.92,12.46,3.34232,97.1,3.764682417529437,0.12087155963302751,0.5109747706422019,12.703052862474111,2.01,13.58,3.62162,92.8,3.8809450498572846,0.11787844036697247,0.5069839449541285,12.718896271958837,2.1100000000000003,14.97,3.19091,91.7,3.9755610262321337,0.11987385321100917,0.5089793577981652,12.728579774070003,2.1399999999999997,14.08,2.53917,94.2,3.8273361972609523
182,2005-02-01,0.12087155963302751,0.48702981651376154,3.05303,12.649956863542283,311750.0,1.6500000000000004,11.71,94.1,3.8743211382441345,48.15,0.12486238532110092,0.516961009174312,12.746651227445513,1.7999999999999998,13.44,2.84487,95.5,3.8467375387295166,0.12087155963302751,0.5059862385321101,12.692349396374752,1.92,12.46,3.34232,97.1,3.764682417529437,0.12087155963302751,0.5109747706422019,12.703052862474111,2.01,13.58,3.62162,92.8,3.8809450498572846,0.11787844036697247,0.5069839449541285,12.718896271958837,2.1100000000000003,14.97,3.19091,91.7,3.9755610262321337
183,2005-03-01,0.12286697247706423,0.48603211009174313,3.20684,12.712890247898626,332000.0,1.5599999999999996,13.13,92.6,3.9924963895780228,54.19,0.12087155963302751,0.48702981651376154,12.649956863542283,1.6500000000000004,11.71,3.05303,94.1,3.8743211382441345,0.12486238532110092,0.516961009174312,12.746651227445513,1.7999999999999998,13.44,2.84487,95.5,3.8467375387295166,0.12087155963302751,0.5059862385321101,12.692349396374752,1.92,12.46,3.34232,97.1,3.764682417529437,0.12087155963302751,0.5109747706422019,12.703052862474111,2.01,13.58,3.62162,92.8,3.8809450498572846
184,2005-04-01,0.10889908256880734,0.47306192660550456,3.36179,12.686026605629078,323200.0,1.71,14.46,87.7,3.9699144838439238,52.98,0.12286697247706423,0.48603211009174313,12.712890247898626,1.5599999999999996,13.13,3.20684,92.6,3.9924963895780228,0.12087155963302751,0.48702981651376154,12.649956863542283,1.6500000000000004,11.71,3.05303,94.1,3.8743211382441345,0.12486238532110092,0.516961009174312,12.746651227445513,1.7999999999999998,13.44,2.84487,95.5,3.8467375387295166,0.12087155963302751,0.5059862385321101,12.692349396374752,1.92,12.46,3.34232,97.1,3.764682417529437
185,2005-05-01,0.11588302752293579,0.47206422018348626,2.86929,12.697715449879391,327000.0,1.87,13.97,86.9,3.908617212293313,49.83,0.10889908256880734,0.47306192660550456,12.686026605629078,1.71,14.46,3.36179,87.7,3.9699144838439238,0.12286697247706423,0.48603211009174313,12.712890247898626,1.5599999999999996,13.13,3.20684,92.6,3.9924963895780228,0.12087155963302751,0.48702981651376154,12.649956863542283,1.6500000000000004,11.71,3.05303,94.1,3.8743211382441345,0.12486238532110092,0.516961009174312,12.746651227445513,1.7999999999999998,13.44,2.84487,95.5,3.8467375387295166
186,2005-06-01,0.12985091743119268,0.4850344036697248,2.54103,12.693885494987091,325750.0,1.8600000000000003,11.87,96.0,4.031582240485785,56.35,0.11588302752293579,0.47206422018348626,12.697715449879391,1.87,13.97,2.86929,86.9,3.908617212293313,0.10889908256880734,0.47306192660550456,12.686026605629078,1.71,14.46,3.36179,87.7,3.9699144838439238,0.12286697247706423,0.48603211009174313,12.712890247898626,1.5599999999999996,13.13,3.20684,92.6,3.9924963895780228,0.12087155963302751,0.48702981651376154,12.649956863542283,1.6500000000000004,11.71,3.05303,94.1,3.8743211382441345
187,2005-07-01,0.12685779816513762,0.4820412844036698,3.06716,12.689732601223396,324400.0,1.7700000000000005,11.05,96.5,4.07753744390572,59.0,0.12985091743119268,0.4850344036697248,12.693885494987091,1.8600000000000003,11.87,2.54103,96.0,4.031582240485785,0.11588302752293579,0.47206422018348626,12.697715449879391,1.87,13.97,2.86929,86.9,3.908617212293313,0.10889908256880734,0.47306192660550456,12.686026605629078,1.71,14.46,3.36179,87.7,3.9699144838439238,0.12286697247706423,0.48603211009174313,12.712890247898626,1.5599999999999996,13.13,3.20684,92.6,3.9924963895780228
188,2005-08-01,0.12386467889908258,0.47206422018348626,3.64693,12.662706040212738,315750.0,1.7000000000000002,12.95,89.1,4.174233411906258,64.99,0.12685779816513762,0.4820412844036698,12.689732601223396,1.7700000000000005,11.05,3.06716,96.5,4.07753744390572,0.12985091743119268,0.4850344036697248,12.693885494987091,1.8600000000000003,11.87,2.54103,96.0,4.031582240485785,0.11588302752293579,0.47206422018348626,12.697715449879391,1.87,13.97,2.86929,86.9,3.908617212293313,0.10889908256880734,0.47306192660550456,12.686026605629078,1.71,14.46,3.36179,87.7,3.9699144838439238
189,2005-09-01,0.1368348623853211,0.4940137614678899,4.74183,12.855137313519931,382750.0,1.83,12.63,76.9,4.183423245305645,65.59,0.12386467889908258,0.47206422018348626,12.662706040212738,1.7000000000000002,12.95,3.64693,89.1,4.174233411906258,0.12685779816513762,0.4820412844036698,12.689732601223396,1.7700000000000005,11.05,3.06716,96.5,4.07753744390572,0.12985091743119268,0.4850344036697248,12.693885494987091,1.8600000000000003,11.87,2.54103,96.0,4.031582240485785,0.11588302752293579,0.47206422018348626,12.697715449879391,1.87,13.97,2.86929,86.9,3.908617212293313
190,2005-10-01,0.12586009174311927,0.47805045871559626,4.3501,12.771954475044243,352200.0,1.8399999999999999,14.94,74.2,4.131319165013462,62.26,0.1368348623853211,0.4940137614678899,12.855137313519931,1.83,12.63,4.74183,76.9,4.183423245305645,0.12386467889908258,0.47206422018348626,12.662706040212738,1.7000000000000002,12.95,3.64693,89.1,4.174233411906258,0.12685779816513762,0.4820412844036698,12.689732601223396,1.7700000000000005,11.05,3.06716,96.5,4.07753744390572,0.12985091743119268,0.4850344036697248,12.693885494987091,1.8600000000000003,11.87,2.54103,96.0,4.031582240485785
191,2005-11-01,0.11987385321100917,0.4650802752293578,3.33855,12.667445385576634,317250.0,1.8499999999999996,12.15,81.6,4.065945087700403,58.32,0.12586009174311927,0.47805045871559626,12.771954475044243,1.8399999999999999,14.94,4.3501,74.2,4.131319165013462,0.1368348623853211,0.4940137614678899,12.855137313519931,1.83,12.63,4.74183,76.9,4.183423245305645,0.12386467889908258,0.47206422018348626,12.662706040212738,1.7000000000000002,12.95,3.64693,89.1,4.174233411906258,0.12685779816513762,0.4820412844036698,12.689732601223396,1.7700000000000005,11.05,3.06716,96.5,4.07753744390572
192,2005-12-01,0.12885321100917432,0.47805045871559626,3.33855,12.664762514875635,316400.0,1.8500000000000005,11.26,91.5,4.08446256236765,59.41,0.11987385321100917,0.4650802752293578,12.667445385576634,1.8499999999999996,12.15,3.33855,81.6,4.065945087700403,0.12586009174311927,0.47805045871559626,12.771954475044243,1.8399999999999999,14.94,4.3501,74.2,4.131319165013462,0.1368348623853211,0.4940137614678899,12.855137313519931,1.83,12.63,4.74183,76.9,4.183423245305645,0.12386467889908258,0.47206422018348626,12.662706040212738,1.7000000000000002,12.95,3.64693,89.1,4.174233411906258
193,2006-01-01,0.12386467889908258,0.47505733944954126,4.01879,12.597269781840634,295750.0,1.8200000000000003,12.04,91.2,4.181897459229962,65.49,0.12885321100917432,0.47805045871559626,12.664762514875635,1.8500000000000005,11.26,3.33855,91.5,4.08446256236765,0.11987385321100917,0.4650802752293578,12.667445385576634,1.8499999999999996,12.15,3.33855,81.6,4.065945087700403,0.12586009174311927,0.47805045871559626,12.771954475044243,1.8399999999999999,14.94,4.3501,74.2,4.131319165013462,0.1368348623853211,0.4940137614678899,12.855137313519931,1.83,12.63,4.74183,76.9,4.183423245305645
194,2006-02-01,0.12286697247706423,0.46308486238532104,3.63825,12.580219070380911,290750.0,1.6999999999999993,12.47,86.7,4.121148764974151,61.63,0.12386467889908258,0.47505733944954126,12.597269781840634,1.8200000000000003,12.04,4.01879,91.2,4.181897459229962,0.12885321100917432,0.47805045871559626,12.664762514875635,1.8500000000000005,11.26,3.33855,91.5,4.08446256236765,0.11987385321100917,0.4650802752293578,12.667445385576634,1.8499999999999996,12.15,3.33855,81.6,4.065945087700403,0.12586009174311927,0.47805045871559626,12.771954475044243,1.8399999999999999,14.94,4.3501,74.2,4.131319165013462
195,2006-03-01,0.13084862385321103,0.4830389908256881,3.41792,12.617354138959778,301750.0,1.6900000000000004,11.69,88.9,4.138201945285877,62.69,0.12286697247706423,0.46308486238532104,12.580219070380911,1.6999999999999993,12.47,3.63825,86.7,4.121148764974151,0.12386467889908258,0.47505733944954126,12.597269781840634,1.8200000000000003,12.04,4.01879,91.2,4.181897459229962,0.12885321100917432,0.47805045871559626,12.664762514875635,1.8500000000000005,11.26,3.33855,91.5,4.08446256236765,0.11987385321100917,0.4650802752293578,12.667445385576634,1.8499999999999996,12.15,3.33855,81.6,4.065945087700403
196,2006-04-01,0.12486238532110092,0.49201834862385324,3.61384,12.623466324503612,303600.0,1.6899999999999995,11.85,87.4,4.240463070352095,69.44,0.13084862385321103,0.4830389908256881,12.617354138959778,1.6900000000000004,11.69,3.41792,88.9,4.138201945285877,0.12286697247706423,0.46308486238532104,12.580219070380911,1.6999999999999993,12.47,3.63825,86.7,4.121148764974151,0.12386467889908258,0.47505733944954126,12.597269781840634,1.8200000000000003,12.04,4.01879,91.2,4.181897459229962,0.12885321100917432,0.47805045871559626,12.664762514875635,1.8500000000000005,11.26,3.33855,91.5,4.08446256236765
197,2006-05-01,0.13384174311926605,0.497006880733945,3.97727,12.715146736257358,332750.0,1.6399999999999997,14.45,79.1,4.260423812914633,70.84,0.12486238532110092,0.49201834862385324,12.623466324503612,1.6899999999999995,11.85,3.61384,87.4,4.240463070352095,0.13084862385321103,0.4830389908256881,12.617354138959778,1.6900000000000004,11.69,3.41792,88.9,4.138201945285877,0.12286697247706423,0.46308486238532104,12.580219070380911,1.6999999999999993,12.47,3.63825,86.7,4.121148764974151,0.12386467889908258,0.47505733944954126,12.597269781840634,1.8200000000000003,12.04,4.01879,91.2,4.181897459229962
198,2006-06-01,0.1448165137614679,0.4810435779816514,4.18172,12.629705057593787,305500.0,1.67,16.92,84.9,4.261975403606051,70.95,0.13384174311926605,0.497006880733945,12.715146736257358,1.6399999999999997,14.45,3.97727,79.1,4.260423812914633,0.12486238532110092,0.49201834862385324,12.623466324503612,1.6899999999999995,11.85,3.61384,87.4,4.240463070352095,0.13084862385321103,0.4830389908256881,12.617354138959778,1.6900000000000004,11.69,3.41792,88.9,4.138201945285877,0.12286697247706423,0.46308486238532104,12.580219070380911,1.6999999999999993,12.47,3.63825,86.7,4.121148764974151
199,2006-07-01,0.13184633027522935,0.46208715596330274,4.10467,12.672319225898198,318800.0,1.67,15.33,84.7,4.309590341409169,74.41,0.1448165137614679,0.4810435779816514,12.629705057593787,1.67,16.92,4.18172,84.9,4.261975403606051,0.13384174311926605,0.497006880733945,12.715146736257358,1.6399999999999997,14.45,3.97727,79.1,4.260423812914633,0.12486238532110092,0.49201834862385324,12.623466324503612,1.6899999999999995,11.85,3.61384,87.4,4.240463070352095,0.13084862385321103,0.4830389908256881,12.617354138959778,1.6900000000000004,11.69,3.41792,88.9,4.138201945285877
200,2006-08-01,0.12785550458715594,0.4650802752293578,3.92657,12.657944126452493,314250.0,1.71,13.35,82.0,4.291007236286713,73.04,0.13184633027522935,0.46208715596330274,12.672319225898198,1.67,15.33,4.10467,84.7,4.309590341409169,0.1448165137614679,0.4810435779816514,12.629705057593787,1.67,16.92,4.18172,84.9,4.261975403606051,0.13384174311926605,0.497006880733945,12.715146736257358,1.6399999999999997,14.45,3.97727,79.1,4.260423812914633,0.12486238532110092,0.49201834862385324,12.623466324503612,1.6899999999999995,11.85,3.61384,87.4,4.240463070352095
201,2006-09-01,0.12785550458715594,0.4670756880733945,2.01207,12.664130203757509,316200.0,1.71,12.18,85.4,4.155753190350744,63.8,0.12785550458715594,0.4650802752293578,12.657944126452493,1.71,13.35,3.92657,82.0,4.291007236286713,0.13184633027522935,0.46208715596330274,12.672319225898198,1.67,15.33,4.10467,84.7,4.309590341409169,0.1448165137614679,0.4810435779816514,12.629705057593787,1.67,16.92,4.18172,84.9,4.261975403606051,0.13384174311926605,0.497006880733945,12.715146736257358,1.6399999999999997,14.45,3.97727,79.1,4.260423812914633
202,2006-10-01,0.14182339449541284,0.4640825688073394,1.40633,12.661913960963405,315500.0,1.6899999999999995,11.31,93.6,4.07567129695648,58.89,0.12785550458715594,0.4670756880733945,12.664130203757509,1.71,12.18,2.01207,85.4,4.155753190350744,0.12785550458715594,0.4650802752293578,12.657944126452493,1.71,13.35,3.92657,82.0,4.291007236286713,0.13184633027522935,0.46208715596330274,12.672319225898198,1.67,15.33,4.10467,84.7,4.309590341409169,0.1448165137614679,0.4810435779816514,12.629705057593787,1.67,16.92,4.18172,84.9,4.261975403606051
203,2006-11-01,0.14381880733944954,0.47505733944954126,1.9687,12.69541923761904,326250.0,1.6000000000000005,10.82,92.1,4.078892457663179,59.08,0.14182339449541284,0.4640825688073394,12.661913960963405,1.6899999999999995,11.31,1.40633,93.6,4.07567129695648,0.12785550458715594,0.4670756880733945,12.664130203757509,1.71,12.18,2.01207,85.4,4.155753190350744,0.12785550458715594,0.4650802752293578,12.657944126452493,1.71,13.35,3.92657,82.0,4.291007236286713,0.13184633027522935,0.46208715596330274,12.672319225898198,1.67,15.33,4.10467,84.7,4.309590341409169
204,2006-12-01,0.14381880733944954,0.4790481651376146,2.52398,12.688498794774466,324000.0,1.6600000000000001,10.96,91.7,4.1264890155486675,61.96,0.14381880733944954,0.47505733944954126,12.69541923761904,1.6000000000000005,10.82,1.9687,92.1,4.078892457663179,0.14182339449541284,0.4640825688073394,12.661913960963405,1.6899999999999995,11.31,1.40633,93.6,4.07567129695648,0.12785550458715594,0.4670756880733945,12.664130203757509,1.71,12.18,2.01207,85.4,4.155753190350744,0.12785550458715594,0.4650802752293578,12.657944126452493,1.71,13.35,3.92657,82.0,4.291007236286713
205,2007-01-01,0.14681192660550457,0.48603211009174313,2.07577,12.667445385576634,317250.0,1.58,11.04,96.9,3.9983841710761894,54.51,0.14381880733944954,0.4790481651376146,12.688498794774466,1.6600000000000001,10.96,2.52398,91.7,4.1264890155486675,0.14381880733944954,0.47505733944954126,12.69541923761904,1.6000000000000005,10.82,1.9687,92.1,4.078892457663179,0.14182339449541284,0.4640825688073394,12.661913960963405,1.6899999999999995,11.31,1.40633,93.6,4.07567129695648,0.12785550458715594,0.4670756880733945,12.664130203757509,1.71,12.18,2.01207,85.4,4.155753190350744
206,2007-02-01,0.15080275229357798,0.4910206422018349,2.42026,12.68463330870889,322750.0,1.5600000000000005,11.16,91.3,4.082271980987832,59.28,0.14681192660550457,0.48603211009174313,12.667445385576634,1.58,11.04,2.07577,96.9,3.9983841710761894,0.14381880733944954,0.4790481651376146,12.688498794774466,1.6600000000000001,10.96,2.52398,91.7,4.1264890155486675,0.14381880733944954,0.47505733944954126,12.69541923761904,1.6000000000000005,10.82,1.9687,92.1,4.078892457663179,0.14182339449541284,0.4640825688073394,12.661913960963405,1.6899999999999995,11.31,1.40633,93.6,4.07567129695648
207,2007-03-01,0.12785550458715594,0.47206422018348626,2.7982,12.642390217121102,309400.0,1.71,15.16,88.4,4.101651137404539,60.44,0.15080275229357798,0.4910206422018349,12.68463330870889,1.5600000000000005,11.16,2.42026,91.3,4.082271980987832,0.14681192660550457,0.48603211009174313,12.667445385576634,1.58,11.04,2.07577,96.9,3.9983841710761894,0.14381880733944954,0.4790481651376146,12.688498794774466,1.6600000000000001,10.96,2.52398,91.7,4.1264890155486675,0.14381880733944954,0.47505733944954126,12.69541923761904,1.6000000000000005,10.82,1.9687,92.1,4.078892457663179
208,2007-04-01,0.14581422018348622,0.48802752293577983,2.59292,12.67685721975898,320250.0,1.6999999999999993,12.93,87.1,4.158570534521372,63.98,0.12785550458715594,0.47206422018348626,12.642390217121102,1.71,15.16,2.7982,88.4,4.101651137404539,0.15080275229357798,0.4910206422018349,12.68463330870889,1.5600000000000005,11.16,2.42026,91.3,4.082271980987832,0.14681192660550457,0.48603211009174313,12.667445385576634,1.58,11.04,2.07577,96.9,3.9983841710761894,0.14381880733944954,0.4790481651376146,12.688498794774466,1.6600000000000001,10.96,2.52398,91.7,4.1264890155486675
209,2007-05-01,0.1428211009174312,0.49501146788990824,2.70989,12.625605010849773,304250.0,1.6399999999999997,13.3,88.3,4.150252194160397,63.45,0.14581422018348622,0.48802752293577983,12.67685721975898,1.6999999999999993,12.93,2.59292,87.1,4.158570534521372,0.12785550458715594,0.47206422018348626,12.642390217121102,1.71,15.16,2.7982,88.4,4.101651137404539,0.15080275229357798,0.4910206422018349,12.68463330870889,1.5600000000000005,11.16,2.42026,91.3,4.082271980987832,0.14681192660550457,0.48603211009174313,12.667445385576634,1.58,11.04,2.07577,96.9,3.9983841710761894
210,2007-06-01,0.12785550458715594,0.48603211009174313,2.69277,12.660962636965861,315200.0,1.6000000000000005,14.95,85.3,4.211979438755315,67.49,0.1428211009174312,0.49501146788990824,12.625605010849773,1.6399999999999997,13.3,2.70989,88.3,4.150252194160397,0.14581422018348622,0.48802752293577983,12.67685721975898,1.6999999999999993,12.93,2.59292,87.1,4.158570534521372,0.12785550458715594,0.47206422018348626,12.642390217121102,1.71,15.16,2.7982,88.4,4.101651137404539,0.15080275229357798,0.4910206422018349,12.68463330870889,1.5600000000000005,11.16,2.42026,91.3,4.082271980987832
211,2007-07-01,0.1428211009174312,0.5129701834862386,2.31789,12.654756872758314,313250.0,1.6500000000000004,17.27,90.4,4.3056854014171595,74.12,0.12785550458715594,0.48603211009174313,12.660962636965861,1.6000000000000005,14.95,2.69277,85.3,4.211979438755315,0.1428211009174312,0.49501146788990824,12.625605010849773,1.6399999999999997,13.3,2.70989,88.3,4.150252194160397,0.14581422018348622,0.48802752293577983,12.67685721975898,1.6999999999999993,12.93,2.59292,87.1,4.158570534521372,0.12785550458715594,0.47206422018348626,12.642390217121102,1.71,15.16,2.7982,88.4,4.101651137404539
212,2007-08-01,0.13783256880733943,0.5139678899082569,1.89745,12.676076274775909,320000.0,1.9800000000000004,25.03,83.4,4.281653660527095,72.36,0.1428211009174312,0.5129701834862386,12.654756872758314,1.6500000000000004,17.27,2.31789,90.4,4.3056854014171595,0.12785550458715594,0.48603211009174313,12.660962636965861,1.6000000000000005,14.95,2.69277,85.3,4.211979438755315,0.1428211009174312,0.49501146788990824,12.625605010849773,1.6399999999999997,13.3,2.70989,88.3,4.150252194160397,0.14581422018348622,0.48802752293577983,12.67685721975898,1.6999999999999993,12.93,2.59292,87.1,4.158570534521372
213,2007-09-01,0.12785550458715594,0.49501146788990824,2.83383,12.655235608904057,313400.0,2.0700000000000003,22.2,83.4,4.380901001386372,79.91,0.13783256880733943,0.5139678899082569,12.676076274775909,1.9800000000000004,25.03,1.89745,83.4,4.281653660527095,0.1428211009174312,0.5129701834862386,12.654756872758314,1.6500000000000004,17.27,2.31789,90.4,4.3056854014171595,0.12785550458715594,0.48603211009174313,12.660962636965861,1.6000000000000005,14.95,2.69277,85.3,4.211979438755315,0.1428211009174312,0.49501146788990824,12.625605010849773,1.6399999999999997,13.3,2.70989,88.3,4.150252194160397
214,2007-10-01,0.1448165137614679,0.5099770642201835,3.6107,12.701530792165043,328250.0,1.9500000000000002,19.12,80.9,4.4520190064939165,85.8,0.12785550458715594,0.49501146788990824,12.655235608904057,2.0700000000000003,22.2,2.83383,83.4,4.380901001386372,0.13783256880733943,0.5139678899082569,12.676076274775909,1.9800000000000004,25.03,1.89745,83.4,4.281653660527095,0.1428211009174312,0.5129701834862386,12.654756872758314,1.6500000000000004,17.27,2.31789,90.4,4.3056854014171595,0.12785550458715594,0.48603211009174313,12.660962636965861,1.6000000000000005,14.95,2.69277,85.3,4.211979438755315
215,2007-11-01,0.1368348623853211,0.5049885321100918,4.37327,12.724866438945341,336000.0,2.25,25.58,76.1,4.551452903482104,94.77,0.1448165137614679,0.5099770642201835,12.701530792165043,1.9500000000000002,19.12,3.6107,80.9,4.4520190064939165,0.12785550458715594,0.49501146788990824,12.655235608904057,2.0700000000000003,22.2,2.83383,83.4,4.380901001386372,0.13783256880733943,0.5139678899082569,12.676076274775909,1.9800000000000004,25.03,1.89745,83.4,4.281653660527095,0.1428211009174312,0.5129701834862386,12.654756872758314,1.6500000000000004,17.27,2.31789,90.4,4.3056854014171595
216,2007-12-01,0.12685779816513762,0.5049885321100918,4.10881,12.760532306316225,348200.0,2.5500000000000007,21.65,75.5,4.518413322061809,91.69,0.1368348623853211,0.5049885321100918,12.724866438945341,2.25,25.58,4.37327,76.1,4.551452903482104,0.1448165137614679,0.5099770642201835,12.701530792165043,1.9500000000000002,19.12,3.6107,80.9,4.4520190064939165,0.12785550458715594,0.49501146788990824,12.655235608904057,2.0700000000000003,22.2,2.83383,83.4,4.380901001386372,0.13783256880733943,0.5139678899082569,12.676076274775909,1.9800000000000004,25.03,1.89745,83.4,4.281653660527095
217,2008-01-01,0.14182339449541284,0.5099770642201835,4.2947,12.733017651176048,338750.0,2.8,25.82,78.4,4.532276860467767,92.97,0.12685779816513762,0.5049885321100918,12.760532306316225,2.5500000000000007,21.65,4.10881,75.5,4.518413322061809,0.1368348623853211,0.5049885321100918,12.724866438945341,2.25,25.58,4.37327,76.1,4.551452903482104,0.1448165137614679,0.5099770642201835,12.701530792165043,1.9500000000000002,19.12,3.6107,80.9,4.4520190064939165,0.12785550458715594,0.49501146788990824,12.655235608904057,2.0700000000000003,22.2,2.83383,83.4,4.380901001386372
218,2008-02-01,0.13384174311926605,0.5209518348623854,4.14296,12.756359338177077,346750.0,3.08,25.46,70.8,4.557973751157117,95.39,0.14182339449541284,0.5099770642201835,12.733017651176048,2.8,25.82,4.2947,78.4,4.532276860467767,0.12685779816513762,0.5049885321100918,12.760532306316225,2.5500000000000007,21.65,4.10881,75.5,4.518413322061809,0.1368348623853211,0.5049885321100918,12.724866438945341,2.25,25.58,4.37327,76.1,4.551452903482104,0.1448165137614679,0.5099770642201835,12.701530792165043,1.9500000000000002,19.12,3.6107,80.9,4.4520190064939165
219,2008-03-01,0.13982798165137617,0.5319266055045871,3.9749,12.803259434944207,363400.0,3.38,27.1,69.5,4.658236906924784,105.45,0.13384174311926605,0.5209518348623854,12.756359338177077,3.08,25.46,4.14296,70.8,4.557973751157117,0.14182339449541284,0.5099770642201835,12.733017651176048,2.8,25.82,4.2947,78.4,4.532276860467767,0.12685779816513762,0.5049885321100918,12.760532306316225,2.5500000000000007,21.65,4.10881,75.5,4.518413322061809,0.1368348623853211,0.5049885321100918,12.724866438945341,2.25,25.58,4.37327,76.1,4.551452903482104
220,2008-04-01,0.14581422018348622,0.5309288990825688,3.90376,12.79246945614324,359500.0,3.2899999999999996,21.56,62.6,4.7236640800358805,112.58,0.13982798165137617,0.5319266055045871,12.803259434944207,3.38,27.1,3.9749,69.5,4.658236906924784,0.13384174311926605,0.5209518348623854,12.756359338177077,3.08,25.46,4.14296,70.8,4.557973751157117,0.14182339449541284,0.5099770642201835,12.733017651176048,2.8,25.82,4.2947,78.4,4.532276860467767,0.12685779816513762,0.5049885321100918,12.760532306316225,2.5500000000000007,21.65,4.10881,75.5,4.518413322061809
221,2008-05-01,0.12785550458715594,0.5059862385321101,4.08841,12.812572019364447,366800.0,3.05,18.3,59.8,4.83150862819882,125.4,0.14581422018348622,0.5309288990825688,12.79246945614324,3.2899999999999996,21.56,3.90376,62.6,4.7236640800358805,0.13982798165137617,0.5319266055045871,12.803259434944207,3.38,27.1,3.9749,69.5,4.658236906924784,0.13384174311926605,0.5209518348623854,12.756359338177077,3.08,25.46,4.14296,70.8,4.557973751157117,0.14182339449541284,0.5099770642201835,12.733017651176048,2.8,25.82,4.2947,78.4,4.532276860467767
222,2008-06-01,0.12785550458715594,0.5119724770642202,4.93597,12.856442796734061,383250.0,2.9700000000000006,22.11,56.4,4.8969438763431254,133.88,0.12785550458715594,0.5059862385321101,12.812572019364447,3.05,18.3,4.08841,59.8,4.83150862819882,0.14581422018348622,0.5309288990825688,12.79246945614324,3.2899999999999996,21.56,3.90376,62.6,4.7236640800358805,0.13982798165137617,0.5319266055045871,12.803259434944207,3.38,27.1,3.9749,69.5,4.658236906924784,0.13384174311926605,0.5209518348623854,12.756359338177077,3.08,25.46,4.14296,70.8,4.557973751157117
223,2008-07-01,0.12087155963302751,0.5089793577981652,5.49751,12.894207284266574,398000.0,3.1500000000000004,24.32,61.2,4.8931272206343035,133.37,0.12785550458715594,0.5119724770642202,12.856442796734061,2.9700000000000006,22.11,4.93597,56.4,4.8969438763431254,0.12785550458715594,0.5059862385321101,12.812572019364447,3.05,18.3,4.08841,59.8,4.83150862819882,0.14581422018348622,0.5309288990825688,12.79246945614324,3.2899999999999996,21.56,3.90376,62.6,4.7236640800358805,0.13982798165137617,0.5319266055045871,12.803259434944207,3.38,27.1,3.9749,69.5,4.658236906924784
224,2008-08-01,0.1328440366972477,0.5239449541284403,5.30802,12.978493006984626,433000.0,3.2600000000000002,20.7,63.0,4.759349436835766,116.67,0.12087155963302751,0.5089793577981652,12.894207284266574,3.1500000000000004,24.32,5.49751,61.2,4.8931272206343035,0.12785550458715594,0.5119724770642202,12.856442796734061,2.9700000000000006,22.11,4.93597,56.4,4.8969438763431254,0.12785550458715594,0.5059862385321101,12.812572019364447,3.05,18.3,4.08841,59.8,4.83150862819882,0.14581422018348622,0.5309288990825688,12.79246945614324,3.2899999999999996,21.56,3.90376,62.6,4.7236640800358805
225,2008-09-01,0.13982798165137617,0.5438990825688074,4.95332,13.047639831208393,464000.0,3.6199999999999997,30.24,70.3,4.645448032486661,104.11,0.1328440366972477,0.5239449541284403,12.978493006984626,3.2600000000000002,20.7,5.30802,63.0,4.759349436835766,0.12087155963302751,0.5089793577981652,12.894207284266574,3.1500000000000004,24.32,5.49751,61.2,4.8931272206343035,0.12785550458715594,0.5119724770642202,12.856442796734061,2.9700000000000006,22.11,4.93597,56.4,4.8969438763431254,0.12785550458715594,0.5059862385321101,12.812572019364447,3.05,18.3,4.08841,59.8,4.83150862819882
226,2008-10-01,0.13184633027522935,0.5658486238532111,3.73106,13.071596260350676,475250.0,5.07,61.18,57.6,4.33872761652873,76.61,0.13982798165137617,0.5438990825688074,13.047639831208393,3.6199999999999997,30.24,4.95332,70.3,4.645448032486661,0.1328440366972477,0.5239449541284403,12.978493006984626,3.2600000000000002,20.7,5.30802,63.0,4.759349436835766,0.12087155963302751,0.5089793577981652,12.894207284266574,3.1500000000000004,24.32,5.49751,61.2,4.8931272206343035,0.12785550458715594,0.5119724770642202,12.856442796734061,2.9700000000000006,22.11,4.93597,56.4,4.8969438763431254
227,2008-11-01,0.1348394495412844,0.5868004587155964,1.09992,13.161199401189528,519800.0,5.6800000000000015,62.67,55.3,4.048475128563646,57.31,0.13184633027522935,0.5658486238532111,13.071596260350676,5.07,61.18,3.73106,57.6,4.33872761652873,0.13982798165137617,0.5438990825688074,13.047639831208393,3.6199999999999997,30.24,4.95332,70.3,4.645448032486661,0.1328440366972477,0.5239449541284403,12.978493006984626,3.2600000000000002,20.7,5.30802,63.0,4.759349436835766,0.12087155963302751,0.5089793577981652,12.894207284266574,3.1500000000000004,24.32,5.49751,61.2,4.8931272206343035
228,2008-12-01,0.1348394495412844,0.5897935779816513,-0.02223,13.242809530480196,564000.0,6.01,52.41,60.1,3.7164946211469094,41.12,0.1348394495412844,0.5868004587155964,13.161199401189528,5.6800000000000015,62.67,1.09992,55.3,4.048475128563646,0.13184633027522935,0.5658486238532111,13.071596260350676,5.07,61.18,3.73106,57.6,4.33872761652873,0.13982798165137617,0.5438990825688074,13.047639831208393,3.6199999999999997,30.24,4.95332,70.3,4.645448032486661,0.1328440366972477,0.5239449541284403,12.978493006984626,3.2600000000000002,20.7,5.30802,63.0,4.759349436835766
229,2009-01-01,0.12586009174311927,0.6237155963302752,-0.11359,13.256894270361935,572000.0,5.620000000000001,44.68,61.2,3.730740908208854,41.71,0.1348394495412844,0.5897935779816513,13.242809530480196,6.01,52.41,-0.02223,60.1,3.7164946211469094,0.1348394495412844,0.5868004587155964,13.161199401189528,5.6800000000000015,62.67,1.09992,55.3,4.048475128563646,0.13184633027522935,0.5658486238532111,13.071596260350676,5.07,61.18,3.73106,57.6,4.33872761652873,0.13982798165137617,0.5438990825688074,13.047639831208393,3.6199999999999997,30.24,4.95332,70.3,4.645448032486661
230,2009-02-01,0.11887614678899083,0.6287041284403669,0.00846,13.37545400508649,644000.0,5.21,45.57,56.3,3.6658666798048634,39.09,0.12586009174311927,0.6237155963302752,13.256894270361935,5.620000000000001,44.68,-0.11359,61.2,3.730740908208854,0.1348394495412844,0.5897935779816513,13.242809530480196,6.01,52.41,-0.02223,60.1,3.7164946211469094,0.1348394495412844,0.5868004587155964,13.161199401189528,5.6800000000000015,62.67,1.09992,55.3,4.048475128563646,0.13184633027522935,0.5658486238532111,13.071596260350676,5.07,61.18,3.73106,57.6,4.33872761652873
231,2009-03-01,0.12186926605504586,0.6406766055045872,-0.44648,13.398858104215533,659250.0,5.6,44.8,57.3,3.869950229006238,47.94,0.11887614678899083,0.6287041284403669,13.37545400508649,5.21,45.57,0.00846,56.3,3.6658666798048634,0.12586009174311927,0.6237155963302752,13.256894270361935,5.620000000000001,44.68,-0.11359,61.2,3.730740908208854,0.1348394495412844,0.5897935779816513,13.242809530480196,6.01,52.41,-0.02223,60.1,3.7164946211469094,0.1348394495412844,0.5868004587155964,13.161199401189528,5.6800000000000015,62.67,1.09992,55.3,4.048475128563646
232,2009-04-01,0.12286697247706423,0.6476605504587156,-0.57632,13.349897277019831,627750.0,5.460000000000001,38.06,65.1,3.9049983904911816,49.65,0.12186926605504586,0.6406766055045872,13.398858104215533,5.6,44.8,-0.44648,57.3,3.869950229006238,0.11887614678899083,0.6287041284403669,13.37545400508649,5.21,45.57,0.00846,56.3,3.6658666798048634,0.12586009174311927,0.6237155963302752,13.256894270361935,5.620000000000001,44.68,-0.11359,61.2,3.730740908208854,0.1348394495412844,0.5897935779816513,13.242809530480196,6.01,52.41,-0.02223,60.1,3.7164946211469094
233,2009-05-01,0.12486238532110092,0.6496559633027523,-1.01576,13.324487561494463,612000.0,4.7700000000000005,31.98,68.7,4.078045789252598,59.03,0.12286697247706423,0.6476605504587156,13.349897277019831,5.460000000000001,38.06,-0.57632,65.1,3.9049983904911816,0.12186926605504586,0.6406766055045872,13.398858104215533,5.6,44.8,-0.44648,57.3,3.869950229006238,0.11887614678899083,0.6287041284403669,13.37545400508649,5.21,45.57,0.00846,56.3,3.6658666798048634,0.12586009174311927,0.6237155963302752,13.256894270361935,5.620000000000001,44.68,-0.11359,61.2,3.730740908208854
234,2009-06-01,0.11787844036697247,0.648658256880734,-1.22917,13.30176400577062,598250.0,3.78,29.14,70.8,4.243339114899988,69.64,0.12486238532110092,0.6496559633027523,13.324487561494463,4.7700000000000005,31.98,-1.01576,68.7,4.078045789252598,0.12286697247706423,0.6476605504587156,13.349897277019831,5.460000000000001,38.06,-0.57632,65.1,3.9049983904911816,0.12186926605504586,0.6406766055045872,13.398858104215533,5.6,44.8,-0.44648,57.3,3.869950229006238,0.11887614678899083,0.6287041284403669,13.37545400508649,5.21,45.57,0.00846,56.3,3.6658666798048634
235,2009-07-01,0.11787844036697247,0.6466628440366973,-1.95876,13.247232359450198,566500.0,3.53,26.16,66.0,4.161224091061645,64.15,0.11787844036697247,0.648658256880734,13.30176400577062,3.78,29.14,-1.22917,70.8,4.243339114899988,0.12486238532110092,0.6496559633027523,13.324487561494463,4.7700000000000005,31.98,-1.01576,68.7,4.078045789252598,0.12286697247706423,0.6476605504587156,13.349897277019831,5.460000000000001,38.06,-0.57632,65.1,3.9049983904911816,0.12186926605504586,0.6406766055045872,13.398858104215533,5.6,44.8,-0.44648,57.3,3.869950229006238
236,2009-08-01,0.1118922018348624,0.648658256880734,-1.48384,13.234262469901738,559200.0,2.99,25.34,65.7,4.2632430986839145,71.04,0.11787844036697247,0.6466628440366973,13.247232359450198,3.53,26.16,-1.95876,66.0,4.161224091061645,0.11787844036697247,0.648658256880734,13.30176400577062,3.78,29.14,-1.22917,70.8,4.243339114899988,0.12486238532110092,0.6496559633027523,13.324487561494463,4.7700000000000005,31.98,-1.01576,68.7,4.078045789252598,0.12286697247706423,0.6476605504587156,13.349897277019831,5.460000000000001,38.06,-0.57632,65.1,3.9049983904911816
237,2009-09-01,0.12486238532110092,0.6526490825688074,-1.37794,13.213117740672793,547500.0,2.9099999999999997,24.93,73.5,4.2400309493514925,69.41,0.1118922018348624,0.648658256880734,13.234262469901738,2.99,25.34,-1.48384,65.7,4.2632430986839145,0.11787844036697247,0.6466628440366973,13.247232359450198,3.53,26.16,-1.95876,66.0,4.161224091061645,0.11787844036697247,0.648658256880734,13.30176400577062,3.78,29.14,-1.22917,70.8,4.243339114899988,0.12486238532110092,0.6496559633027523,13.324487561494463,4.7700000000000005,31.98,-1.01576,68.7,4.078045789252598
238,2009-10-01,0.10989678899082568,0.6466628440366973,-0.22397,13.171915156233576,525400.0,2.9,24.25,70.6,4.327042326341122,75.72,0.12486238532110092,0.6526490825688074,13.213117740672793,2.9099999999999997,24.93,-1.37794,73.5,4.2400309493514925,0.1118922018348624,0.648658256880734,13.234262469901738,2.99,25.34,-1.48384,65.7,4.2632430986839145,0.11787844036697247,0.6466628440366973,13.247232359450198,3.53,26.16,-1.95876,66.0,4.161224091061645,0.11787844036697247,0.648658256880734,13.30176400577062,3.78,29.14,-1.22917,70.8,4.243339114899988
239,2009-11-01,0.10091743119266056,0.6386811926605506,1.91459,13.110290796170059,494000.0,2.9200000000000004,23.79,67.4,4.356580613342406,77.99,0.10989678899082568,0.6466628440366973,13.171915156233576,2.9,24.25,-0.22397,70.6,4.327042326341122,0.12486238532110092,0.6526490825688074,13.213117740672793,2.9099999999999997,24.93,-1.37794,73.5,4.2400309493514925,0.1118922018348624,0.648658256880734,13.234262469901738,2.99,25.34,-1.48384,65.7,4.2632430986839145,0.11787844036697247,0.6466628440366973,13.247232359450198,3.53,26.16,-1.95876,66.0,4.161224091061645
240,2009-12-01,0.09991972477064222,0.6336926605504588,2.81412,13.092934566713517,485500.0,2.7800000000000002,21.24,72.5,4.310396359722554,74.47,0.10091743119266056,0.6386811926605506,13.110290796170059,2.9200000000000004,23.79,1.91459,67.4,4.356580613342406,0.10989678899082568,0.6466628440366973,13.171915156233576,2.9,24.25,-0.22397,70.6,4.327042326341122,0.12486238532110092,0.6526490825688074,13.213117740672793,2.9099999999999997,24.93,-1.37794,73.5,4.2400309493514925,0.1118922018348624,0.648658256880734,13.234262469901738,2.99,25.34,-1.48384,65.7,4.2632430986839145
241,2010-01-01,0.09792431192660549,0.6187270642201834,2.62111,13.081124629387732,479800.0,2.52,20.64,74.4,4.360930671379148,78.33,0.09991972477064222,0.6336926605504588,13.092934566713517,2.7800000000000002,21.24,2.81412,72.5,4.310396359722554,0.10091743119266056,0.6386811926605506,13.110290796170059,2.9200000000000004,23.79,1.91459,67.4,4.356580613342406,0.10989678899082568,0.6466628440366973,13.171915156233576,2.9,24.25,-0.22397,70.6,4.327042326341122,0.12486238532110092,0.6526490825688074,13.213117740672793,2.9099999999999997,24.93,-1.37794,73.5,4.2400309493514925
242,2010-02-01,0.10490825688073395,0.6336926605504588,2.15134,13.093449367239687,485750.0,2.65,22.54,73.6,4.335851797553269,76.39,0.09792431192660549,0.6187270642201834,13.081124629387732,2.52,20.64,2.62111,74.4,4.360930671379148,0.09991972477064222,0.6336926605504588,13.092934566713517,2.7800000000000002,21.24,2.81412,72.5,4.310396359722554,0.10091743119266056,0.6386811926605506,13.110290796170059,2.9200000000000004,23.79,1.91459,67.4,4.356580613342406,0.10989678899082568,0.6466628440366973,13.171915156233576,2.9,24.25,-0.22397,70.6,4.327042326341122
243,2010-03-01,0.11089449541284405,0.6297018348623854,2.28617,13.061019747163277,470250.0,2.5399999999999996,17.77,73.6,4.396915247167632,81.2,0.10490825688073395,0.6336926605504588,13.093449367239687,2.65,22.54,2.15134,73.6,4.335851797553269,0.09792431192660549,0.6187270642201834,13.081124629387732,2.52,20.64,2.62111,74.4,4.360930671379148,0.09991972477064222,0.6336926605504588,13.092934566713517,2.7800000000000002,21.24,2.81412,72.5,4.310396359722554,0.10091743119266056,0.6386811926605506,13.110290796170059,2.9200000000000004,23.79,1.91459,67.4,4.356580613342406
244,2010-04-01,0.09193807339449542,0.61473623853211,2.20677,13.058358047428417,469000.0,2.4,17.42,72.2,4.434263234009391,84.29,0.11089449541284405,0.6297018348623854,13.061019747163277,2.5399999999999996,17.77,2.28617,73.6,4.396915247167632,0.10490825688073395,0.6336926605504588,13.093449367239687,2.65,22.54,2.15134,73.6,4.335851797553269,0.09792431192660549,0.6187270642201834,13.081124629387732,2.52,20.64,2.62111,74.4,4.360930671379148,0.09991972477064222,0.6336926605504588,13.092934566713517,2.7800000000000002,21.24,2.81412,72.5,4.310396359722554
245,2010-05-01,0.09991972477064222,0.6237155963302752,2.00355,13.037676569237135,459400.0,2.63,31.93,73.6,4.300545392805998,73.74,0.09193807339449542,0.61473623853211,13.058358047428417,2.4,17.42,2.20677,72.2,4.434263234009391,0.11089449541284405,0.6297018348623854,13.061019747163277,2.5399999999999996,17.77,2.28617,73.6,4.396915247167632,0.10490825688073395,0.6336926605504588,13.093449367239687,2.65,22.54,2.15134,73.6,4.335851797553269,0.09792431192660549,0.6187270642201834,13.081124629387732,2.52,20.64,2.62111,74.4,4.360930671379148
246,2010-06-01,0.09493119266055046,0.6277064220183486,1.12156,13.0400681346775,460500.0,3.0300000000000002,29.92,76.0,4.322011202263895,75.34,0.09991972477064222,0.6237155963302752,13.037676569237135,2.63,31.93,2.00355,73.6,4.300545392805998,0.09193807339449542,0.61473623853211,13.058358047428417,2.4,17.42,2.20677,72.2,4.434263234009391,0.11089449541284405,0.6297018348623854,13.061019747163277,2.5399999999999996,17.77,2.28617,73.6,4.396915247167632,0.10490825688073395,0.6336926605504588,13.093449367239687,2.65,22.54,2.15134,73.6,4.335851797553269
247,2010-07-01,0.08295871559633027,0.6207224770642201,1.34078,13.037241123987494,459200.0,3.0,25.57,67.8,4.334935027140031,76.32,0.09493119266055046,0.6277064220183486,13.0400681346775,3.0300000000000002,29.92,1.12156,76.0,4.322011202263895,0.09991972477064222,0.6237155963302752,13.037676569237135,2.63,31.93,2.00355,73.6,4.300545392805998,0.09193807339449542,0.61473623853211,13.058358047428417,2.4,17.42,2.20677,72.2,4.434263234009391,0.11089449541284405,0.6297018348623854,13.061019747163277,2.5399999999999996,17.77,2.28617,73.6,4.396915247167632
248,2010-08-01,0.09991972477064222,0.6227178899082568,1.15018,13.071070083016778,475000.0,2.96,24.75,68.9,4.338597076746545,76.6,0.08295871559633027,0.6207224770642201,13.037241123987494,3.0,25.57,1.34078,67.8,4.334935027140031,0.09493119266055046,0.6277064220183486,13.0400681346775,3.0300000000000002,29.92,1.12156,76.0,4.322011202263895,0.09991972477064222,0.6237155963302752,13.037676569237135,2.63,31.93,2.00355,73.6,4.300545392805998,0.09193807339449542,0.61473623853211,13.058358047428417,2.4,17.42,2.20677,72.2,4.434263234009391
249,2010-09-01,0.09293577981651376,0.6277064220183486,1.11831,13.024750548537328,453500.0,3.0100000000000002,22.52,68.2,4.32068300443283,75.24,0.09991972477064222,0.6227178899082568,13.071070083016778,2.96,24.75,1.15018,68.9,4.338597076746545,0.08295871559633027,0.6207224770642201,13.037241123987494,3.0,25.57,1.34078,67.8,4.334935027140031,0.09493119266055046,0.6277064220183486,13.0400681346775,3.0300000000000002,29.92,1.12156,76.0,4.322011202263895,0.09991972477064222,0.6237155963302752,13.037676569237135,2.63,31.93,2.00355,73.6,4.300545392805998
250,2010-10-01,0.08894495412844038,0.6127408256880733,1.1667,13.009866346177184,446800.0,3.1799999999999997,20.37,67.7,4.405376883282097,81.89,0.09293577981651376,0.6277064220183486,13.024750548537328,3.0100000000000002,22.52,1.11831,68.2,4.32068300443283,0.09991972477064222,0.6227178899082568,13.071070083016778,2.96,24.75,1.15018,68.9,4.338597076746545,0.08295871559633027,0.6207224770642201,13.037241123987494,3.0,25.57,1.34078,67.8,4.334935027140031,0.09493119266055046,0.6277064220183486,13.0400681346775,3.0300000000000002,29.92,1.12156,76.0,4.322011202263895
251,2010-11-01,0.09692660550458715,0.6297018348623854,1.08454,12.962781307579863,426250.0,3.16,20.1,71.6,4.433788569232471,84.25,0.08894495412844038,0.6127408256880733,13.009866346177184,3.1799999999999997,20.37,1.1667,67.7,4.405376883282097,0.09293577981651376,0.6277064220183486,13.024750548537328,3.0100000000000002,22.52,1.11831,68.2,4.32068300443283,0.09991972477064222,0.6227178899082568,13.071070083016778,2.96,24.75,1.15018,68.9,4.338597076746545,0.08295871559633027,0.6207224770642201,13.037241123987494,3.0,25.57,1.34078,67.8,4.334935027140031
252,2010-12-01,0.09592889908256881,0.611743119266055,1.43779,12.948605051270862,420250.0,2.8099999999999996,17.57,74.5,4.49032034430915,89.15,0.09692660550458715,0.6297018348623854,12.962781307579863,3.16,20.1,1.08454,71.6,4.433788569232471,0.08894495412844038,0.6127408256880733,13.009866346177184,3.1799999999999997,20.37,1.1667,67.7,4.405376883282097,0.09293577981651376,0.6277064220183486,13.024750548537328,3.0100000000000002,22.52,1.11831,68.2,4.32068300443283,0.09991972477064222,0.6227178899082568,13.071070083016778,2.96,24.75,1.15018,68.9,4.338597076746545
253,2011-01-01,0.08794724770642201,0.6007683486238532,1.70078,12.964070798409736,426800.0,2.6999999999999997,17.32,74.2,4.490544660146788,89.17,0.09592889908256881,0.611743119266055,12.948605051270862,2.8099999999999996,17.57,1.43779,74.5,4.49032034430915,0.09692660550458715,0.6297018348623854,12.962781307579863,3.16,20.1,1.08454,71.6,4.433788569232471,0.08894495412844038,0.6127408256880733,13.009866346177184,3.1799999999999997,20.37,1.1667,67.7,4.405376883282097,0.09293577981651376,0.6277064220183486,13.024750548537328,3.0100000000000002,22.52,1.11831,68.2,4.32068300443283
254,2011-02-01,0.09493119266055046,0.6017660550458716,2.1249,12.902962812368953,401500.0,2.5700000000000003,17.43,77.5,4.483906098495052,88.58,0.08794724770642201,0.6007683486238532,12.964070798409736,2.6999999999999997,17.32,1.70078,74.2,4.490544660146788,0.09592889908256881,0.611743119266055,12.948605051270862,2.8099999999999996,17.57,1.43779,74.5,4.49032034430915,0.09692660550458715,0.6297018348623854,12.962781307579863,3.16,20.1,1.08454,71.6,4.433788569232471,0.08894495412844038,0.6127408256880733,13.009866346177184,3.1799999999999997,20.37,1.1667,67.7,4.405376883282097
255,2011-03-01,0.09094036697247707,0.6027637614678899,2.61924,12.91410843858387,406000.0,2.62,20.72,67.5,4.63336884034677,102.86,0.09493119266055046,0.6017660550458716,12.902962812368953,2.5700000000000003,17.43,2.1249,77.5,4.483906098495052,0.08794724770642201,0.6007683486238532,12.964070798409736,2.6999999999999997,17.32,1.70078,74.2,4.490544660146788,0.09592889908256881,0.611743119266055,12.948605051270862,2.8099999999999996,17.57,1.43779,74.5,4.49032034430915,0.09692660550458715,0.6297018348623854,12.962781307579863,3.16,20.1,1.08454,71.6,4.433788569232471
256,2011-04-01,0.09293577981651376,0.5937844036697247,3.07723,12.949437542250736,420600.0,2.5599999999999996,16.24,69.8,4.696198484335655,109.53,0.09094036697247707,0.6027637614678899,12.91410843858387,2.62,20.72,2.61924,67.5,4.63336884034677,0.09493119266055046,0.6017660550458716,12.902962812368953,2.5700000000000003,17.43,2.1249,77.5,4.483906098495052,0.08794724770642201,0.6007683486238532,12.964070798409736,2.6999999999999997,17.32,1.70078,74.2,4.490544660146788,0.09592889908256881,0.611743119266055,12.948605051270862,2.8099999999999996,17.57,1.43779,74.5,4.49032034430915
257,2011-05-01,0.09094036697247707,0.5997706422018348,3.45897,12.953944725779365,422500.0,2.6100000000000003,16.91,74.3,4.6141299273595635,100.9,0.09293577981651376,0.5937844036697247,12.949437542250736,2.5599999999999996,16.24,3.07723,69.8,4.696198484335655,0.09094036697247707,0.6027637614678899,12.91410843858387,2.62,20.72,2.61924,67.5,4.63336884034677,0.09493119266055046,0.6017660550458716,12.902962812368953,2.5700000000000003,17.43,2.1249,77.5,4.483906098495052,0.08794724770642201,0.6007683486238532,12.964070798409736,2.6999999999999997,17.32,1.70078,74.2,4.490544660146788
258,2011-06-01,0.08595183486238532,0.5877981651376146,3.50232,12.94383461884907,418250.0,2.75,19.15,71.5,4.567052863874963,96.26,0.09094036697247707,0.5997706422018348,12.953944725779365,2.6100000000000003,16.91,3.45897,74.3,4.6141299273595635,0.09293577981651376,0.5937844036697247,12.949437542250736,2.5599999999999996,16.24,3.07723,69.8,4.696198484335655,0.09094036697247707,0.6027637614678899,12.91410843858387,2.62,20.72,2.61924,67.5,4.63336884034677,0.09493119266055046,0.6017660550458716,12.902962812368953,2.5700000000000003,17.43,2.1249,77.5,4.483906098495052
259,2011-07-01,0.08694954128440366,0.5917889908256881,3.57988,12.930233879619289,412600.0,2.76,19.23,63.7,4.577798989191959,97.3,0.08595183486238532,0.5877981651376146,12.94383461884907,2.75,19.15,3.50232,71.5,4.567052863874963,0.09094036697247707,0.5997706422018348,12.953944725779365,2.6100000000000003,16.91,3.45897,74.3,4.6141299273595635,0.09293577981651376,0.5937844036697247,12.949437542250736,2.5599999999999996,16.24,3.07723,69.8,4.696198484335655,0.09094036697247707,0.6027637614678899,12.91410843858387,2.62,20.72,2.61924,67.5,4.63336884034677
260,2011-08-01,0.08694954128440366,0.5818119266055047,3.755,12.922692182275261,409500.0,3.0600000000000005,35.03,55.8,4.4581771622474315,86.33,0.08694954128440366,0.5917889908256881,12.930233879619289,2.76,19.23,3.57988,63.7,4.577798989191959,0.08595183486238532,0.5877981651376146,12.94383461884907,2.75,19.15,3.50232,71.5,4.567052863874963,0.09094036697247707,0.5997706422018348,12.953944725779365,2.6100000000000003,16.91,3.45897,74.3,4.6141299273595635,0.09293577981651376,0.5937844036697247,12.949437542250736,2.5599999999999996,16.24,3.07723,69.8,4.696198484335655
261,2011-09-01,0.08794724770642201,0.5798165137614678,3.81262,12.94263844645764,417750.0,3.2899999999999996,36.53,59.5,4.4487502667167895,85.52,0.08694954128440366,0.5818119266055047,12.922692182275261,3.0600000000000005,35.03,3.755,55.8,4.4581771622474315,0.08694954128440366,0.5917889908256881,12.930233879619289,2.76,19.23,3.57988,63.7,4.577798989191959,0.08595183486238532,0.5877981651376146,12.94383461884907,2.75,19.15,3.50232,71.5,4.567052863874963,0.09094036697247707,0.5997706422018348,12.953944725779365,2.6100000000000003,16.91,3.45897,74.3,4.6141299273595635
262,2011-10-01,0.09193807339449542,0.5788188073394495,3.52227,12.905201897767666,402400.0,3.22,32.83,60.8,4.458061320949879,86.32,0.08794724770642201,0.5798165137614678,12.94263844645764,3.2899999999999996,36.53,3.81262,59.5,4.4487502667167895,0.08694954128440366,0.5818119266055047,12.922692182275261,3.0600000000000005,35.03,3.755,55.8,4.4581771622474315,0.08694954128440366,0.5917889908256881,12.930233879619289,2.76,19.23,3.57988,63.7,4.577798989191959,0.08595183486238532,0.5877981651376146,12.94383461884907,2.75,19.15,3.50232,71.5,4.567052863874963
263,2011-11-01,0.08994266055045873,0.574827981651376,3.45143,12.871977089696244,389250.0,3.13,31.94,63.7,4.576359104133972,97.16,0.09193807339449542,0.5788188073394495,12.905201897767666,3.22,32.83,3.52227,60.8,4.458061320949879,0.08794724770642201,0.5798165137614678,12.94263844645764,3.2899999999999996,36.53,3.81262,59.5,4.4487502667167895,0.08694954128440366,0.5818119266055047,12.922692182275261,3.0600000000000005,35.03,3.755,55.8,4.4581771622474315,0.08694954128440366,0.5917889908256881,12.930233879619289,2.76,19.23,3.57988,63.7,4.577798989191959
264,2011-12-01,0.09493119266055046,0.574827981651376,3.06207,12.840000466430148,377000.0,3.27,25.05,69.9,4.59066549978521,98.56,0.08994266055045873,0.574827981651376,12.871977089696244,3.13,31.94,3.45143,63.7,4.576359104133972,0.09193807339449542,0.5788188073394495,12.905201897767666,3.22,32.83,3.52227,60.8,4.458061320949879,0.08794724770642201,0.5798165137614678,12.94263844645764,3.2899999999999996,36.53,3.81262,59.5,4.4487502667167895,0.08694954128440366,0.5818119266055047,12.922692182275261,3.0600000000000005,35.03,3.755,55.8,4.4581771622474315
265,2012-01-01,0.10091743119266056,0.5708371559633028,3.00877,12.841987880134987,377750.0,3.2600000000000007,20.23,75.0,4.607866547535834,100.27,0.09493119266055046,0.574827981651376,12.840000466430148,3.27,25.05,3.06207,69.9,4.59066549978521,0.08994266055045873,0.574827981651376,12.871977089696244,3.13,31.94,3.45143,63.7,4.576359104133972,0.09193807339449542,0.5788188073394495,12.905201897767666,3.22,32.83,3.52227,60.8,4.458061320949879,0.08794724770642201,0.5798165137614678,12.94263844645764,3.2899999999999996,36.53,3.81262,59.5,4.4487502667167895
266,2012-02-01,0.09094036697247707,0.5538761467889908,2.89818,12.80284658143253,363250.0,3.17,18.42,75.3,4.626931677769604,102.2,0.10091743119266056,0.5708371559633028,12.841987880134987,3.2600000000000007,20.23,3.00877,75.0,4.607866547535834,0.09493119266055046,0.574827981651376,12.840000466430148,3.27,25.05,3.06207,69.9,4.59066549978521,0.08994266055045873,0.574827981651376,12.871977089696244,3.13,31.94,3.45143,63.7,4.576359104133972,0.09193807339449542,0.5788188073394495,12.905201897767666,3.22,32.83,3.52227,60.8,4.458061320949879
267,2012-03-01,0.09094036697247707,0.5498853211009175,2.58288,12.812026614387742,366600.0,3.0600000000000005,16.17,76.2,4.664947390023952,106.16,0.09094036697247707,0.5538761467889908,12.80284658143253,3.17,18.42,2.89818,75.3,4.626931677769604,0.10091743119266056,0.5708371559633028,12.841987880134987,3.2600000000000007,20.23,3.00877,75.0,4.607866547535834,0.09493119266055046,0.574827981651376,12.840000466430148,3.27,25.05,3.06207,69.9,4.59066549978521,0.08994266055045873,0.574827981651376,12.871977089696244,3.13,31.94,3.45143,63.7,4.576359104133972
268,2012-04-01,0.08894495412844038,0.5419036697247707,2.27316,12.85252122308088,381750.0,3.1400000000000006,17.82,76.4,4.6378309682276395,103.32,0.09094036697247707,0.5498853211009175,12.812026614387742,3.0600000000000005,16.17,2.58288,76.2,4.664947390023952,0.09094036697247707,0.5538761467889908,12.80284658143253,3.17,18.42,2.89818,75.3,4.626931677769604,0.10091743119266056,0.5708371559633028,12.841987880134987,3.2600000000000007,20.23,3.00877,75.0,4.607866547535834,0.09493119266055046,0.574827981651376,12.840000466430148,3.27,25.05,3.06207,69.9,4.59066549978521
269,2012-05-01,0.09193807339449542,0.5528784403669724,1.73794,12.83067328355501,373500.0,3.2700000000000005,21.0,79.3,4.550185877655332,94.65,0.08894495412844038,0.5419036697247707,12.85252122308088,3.1400000000000006,17.82,2.27316,76.4,4.6378309682276395,0.09094036697247707,0.5498853211009175,12.812026614387742,3.0600000000000005,16.17,2.58288,76.2,4.664947390023952,0.09094036697247707,0.5538761467889908,12.80284658143253,3.17,18.42,2.89818,75.3,4.626931677769604,0.10091743119266056,0.5708371559633028,12.841987880134987,3.2600000000000007,20.23,3.00877,75.0,4.607866547535834
270,2012-06-01,0.09892201834862385,0.5618577981651377,1.65387,12.845819049363003,379200.0,3.3999999999999995,21.13,73.2,4.410371107683024,82.3,0.09193807339449542,0.5528784403669724,12.83067328355501,3.2700000000000005,21.0,1.73794,79.3,4.550185877655332,0.08894495412844038,0.5419036697247707,12.85252122308088,3.1400000000000006,17.82,2.27316,76.4,4.6378309682276395,0.09094036697247707,0.5498853211009175,12.812026614387742,3.0600000000000005,16.17,2.58288,76.2,4.664947390023952,0.09094036697247707,0.5538761467889908,12.80284658143253,3.17,18.42,2.89818,75.3,4.626931677769604
271,2012-07-01,0.10790137614678899,0.5618577981651377,1.41751,12.827992316801751,372500.0,3.34,17.57,72.3,4.476199804691132,87.9,0.09892201834862385,0.5618577981651377,12.845819049363003,3.3999999999999995,21.13,1.65387,73.2,4.410371107683024,0.09193807339449542,0.5528784403669724,12.83067328355501,3.2700000000000005,21.0,1.73794,79.3,4.550185877655332,0.08894495412844038,0.5419036697247707,12.85252122308088,3.1400000000000006,17.82,2.27316,76.4,4.6378309682276395,0.09094036697247707,0.5498853211009175,12.812026614387742,3.0600000000000005,16.17,2.58288,76.2,4.664947390023952
272,2012-08-01,0.09493119266055046,0.5518807339449542,1.68593,12.830003715401437,373250.0,3.2300000000000004,15.69,74.3,4.544676805559129,94.13,0.10790137614678899,0.5618577981651377,12.827992316801751,3.34,17.57,1.41751,72.3,4.476199804691132,0.09892201834862385,0.5618577981651377,12.845819049363003,3.3999999999999995,21.13,1.65387,73.2,4.410371107683024,0.09193807339449542,0.5528784403669724,12.83067328355501,3.2700000000000005,21.0,1.73794,79.3,4.550185877655332,0.08894495412844038,0.5419036697247707,12.85252122308088,3.1400000000000006,17.82,2.27316,76.4,4.6378309682276395
273,2012-09-01,0.09892201834862385,0.5429013761467889,1.94972,12.852652190273785,381800.0,3.12,15.28,78.3,4.548705649006965,94.51,0.09493119266055046,0.5518807339449542,12.830003715401437,3.2300000000000004,15.69,1.68593,74.3,4.544676805559129,0.10790137614678899,0.5618577981651377,12.827992316801751,3.34,17.57,1.41751,72.3,4.476199804691132,0.09892201834862385,0.5618577981651377,12.845819049363003,3.3999999999999995,21.13,1.65387,73.2,4.410371107683024,0.09193807339449542,0.5528784403669724,12.83067328355501,3.2700000000000005,21.0,1.73794,79.3,4.550185877655332
274,2012-10-01,0.08994266055045873,0.5379128440366971,2.15568,12.817195990611529,368500.0,2.83,16.28,82.6,4.494126887194767,89.49,0.09892201834862385,0.5429013761467889,12.852652190273785,3.12,15.28,1.94972,78.3,4.548705649006965,0.09493119266055046,0.5518807339449542,12.830003715401437,3.2300000000000004,15.69,1.68593,74.3,4.544676805559129,0.10790137614678899,0.5618577981651377,12.827992316801751,3.34,17.57,1.41751,72.3,4.476199804691132,0.09892201834862385,0.5618577981651377,12.845819049363003,3.3999999999999995,21.13,1.65387,73.2,4.410371107683024
275,2012-11-01,0.09094036697247707,0.536915137614679,1.79602,12.902339953426363,401250.0,2.86,16.7,82.7,4.460491174618648,86.53,0.08994266055045873,0.5379128440366971,12.817195990611529,2.83,16.28,2.15568,82.6,4.494126887194767,0.09892201834862385,0.5429013761467889,12.852652190273785,3.12,15.28,1.94972,78.3,4.548705649006965,0.09493119266055046,0.5518807339449542,12.830003715401437,3.2300000000000004,15.69,1.68593,74.3,4.544676805559129,0.10790137614678899,0.5618577981651377,12.827992316801751,3.34,17.57,1.41751,72.3,4.476199804691132
276,2012-12-01,0.09193807339449542,0.525940366972477,1.7595,12.791077667470416,359000.0,2.91,17.31,72.9,4.475744638547633,87.86,0.09094036697247707,0.536915137614679,12.902339953426363,2.86,16.7,1.79602,82.7,4.460491174618648,0.08994266055045873,0.5379128440366971,12.817195990611529,2.83,16.28,2.15568,82.6,4.494126887194767,0.09892201834862385,0.5429013761467889,12.852652190273785,3.12,15.28,1.94972,78.3,4.548705649006965,0.09493119266055046,0.5518807339449542,12.830003715401437,3.2300000000000004,15.69,1.68593,74.3,4.544676805559129
277,2013-01-01,0.09792431192660549,0.5379128440366971,1.68406,12.774223335915433,353000.0,2.8200000000000003,13.51,73.8,4.5513473792905845,94.76,0.09193807339449542,0.525940366972477,12.791077667470416,2.91,17.31,1.7595,72.9,4.475744638547633,0.09094036697247707,0.536915137614679,12.902339953426363,2.86,16.7,1.79602,82.7,4.460491174618648,0.08994266055045873,0.5379128440366971,12.817195990611529,2.83,16.28,2.15568,82.6,4.494126887194767,0.09892201834862385,0.5429013761467889,12.852652190273785,3.12,15.28,1.94972,78.3,4.548705649006965
278,2013-02-01,0.09193807339449542,0.539908256880734,2.01814,12.774223335915433,353000.0,2.8699999999999997,14.07,77.6,4.557134736949535,95.31,0.09792431192660549,0.5379128440366971,12.774223335915433,2.8200000000000003,13.51,1.68406,73.8,4.5513473792905845,0.09193807339449542,0.525940366972477,12.791077667470416,2.91,17.31,1.7595,72.9,4.475744638547633,0.09094036697247707,0.536915137614679,12.902339953426363,2.86,16.7,1.79602,82.7,4.460491174618648,0.08994266055045873,0.5379128440366971,12.817195990611529,2.83,16.28,2.15568,82.6,4.494126887194767
279,2013-03-01,0.09592889908256881,0.5339220183486239,1.51875,12.770818111285594,351800.0,2.8899999999999997,13.03,78.6,4.531954123656832,92.94,0.09193807339449542,0.539908256880734,12.774223335915433,2.8699999999999997,14.07,2.01814,77.6,4.557134736949535,0.09792431192660549,0.5379128440366971,12.774223335915433,2.8200000000000003,13.51,1.68406,73.8,4.5513473792905845,0.09193807339449542,0.525940366972477,12.791077667470416,2.91,17.31,1.7595,72.9,4.475744638547633,0.09094036697247707,0.536915137614679,12.902339953426363,2.86,16.7,1.79602,82.7,4.460491174618648
280,2013-04-01,0.10391055045871561,0.5409059633027523,1.13881,12.757800260616591,347250.0,2.83,13.97,76.4,4.522005944727322,92.02,0.09592889908256881,0.5339220183486239,12.770818111285594,2.8899999999999997,13.03,1.51875,78.6,4.531954123656832,0.09193807339449542,0.539908256880734,12.774223335915433,2.8699999999999997,14.07,2.01814,77.6,4.557134736949535,0.09792431192660549,0.5379128440366971,12.774223335915433,2.8200000000000003,13.51,1.68406,73.8,4.5513473792905845,0.09193807339449542,0.525940366972477,12.791077667470416,2.91,17.31,1.7595,72.9,4.475744638547633
281,2013-05-01,0.08694954128440366,0.5239449541284403,1.39039,12.759239109785689,347750.0,2.8000000000000007,13.49,84.5,4.548705649006965,94.51,0.10391055045871561,0.5409059633027523,12.757800260616591,2.83,13.97,1.13881,76.4,4.522005944727322,0.09592889908256881,0.5339220183486239,12.770818111285594,2.8899999999999997,13.03,1.51875,78.6,4.531954123656832,0.09193807339449542,0.539908256880734,12.774223335915433,2.8699999999999997,14.07,2.01814,77.6,4.557134736949535,0.09792431192660549,0.5379128440366971,12.774223335915433,2.8200000000000003,13.51,1.68406,73.8,4.5513473792905845
282,2013-06-01,0.09892201834862385,0.519954128440367,1.71579,12.750139603075967,344600.0,2.8900000000000006,17.27,84.1,4.561949483533528,95.77,0.08694954128440366,0.5239449541284403,12.759239109785689,2.8000000000000007,13.49,1.39039,84.5,4.548705649006965,0.10391055045871561,0.5409059633027523,12.757800260616591,2.83,13.97,1.13881,76.4,4.522005944727322,0.09592889908256881,0.5339220183486239,12.770818111285594,2.8899999999999997,13.03,1.51875,78.6,4.531954123656832,0.09193807339449542,0.539908256880734,12.774223335915433,2.8699999999999997,14.07,2.01814,77.6,4.557134736949535
283,2013-07-01,0.10391055045871561,0.516961009174312,1.88547,12.75419405403986,346000.0,2.74,13.97,85.1,4.650812543866793,104.67,0.09892201834862385,0.519954128440367,12.750139603075967,2.8900000000000006,17.27,1.71579,84.1,4.561949483533528,0.08694954128440366,0.5239449541284403,12.759239109785689,2.8000000000000007,13.49,1.39039,84.5,4.548705649006965,0.10391055045871561,0.5409059633027523,12.757800260616591,2.83,13.97,1.13881,76.4,4.522005944727322,0.09592889908256881,0.5339220183486239,12.770818111285594,2.8899999999999997,13.03,1.51875,78.6,4.531954123656832
284,2013-08-01,0.09193807339449542,0.525940366972477,1.53881,12.71709824929883,333400.0,2.6799999999999997,14.21,82.1,4.668802046232865,106.57,0.10391055045871561,0.516961009174312,12.75419405403986,2.74,13.97,1.88547,85.1,4.650812543866793,0.09892201834862385,0.519954128440367,12.750139603075967,2.8900000000000006,17.27,1.71579,84.1,4.561949483533528,0.08694954128440366,0.5239449541284403,12.759239109785689,2.8000000000000007,13.49,1.39039,84.5,4.548705649006965,0.10391055045871561,0.5409059633027523,12.757800260616591,2.83,13.97,1.13881,76.4,4.522005944727322
285,2013-09-01,0.09991972477064222,0.522947247706422,1.09473,12.65714826489039,314000.0,2.6599999999999997,14.69,77.5,4.66617120754549,106.29,0.09193807339449542,0.525940366972477,12.71709824929883,2.6799999999999997,14.21,1.53881,82.1,4.668802046232865,0.10391055045871561,0.516961009174312,12.75419405403986,2.74,13.97,1.88547,85.1,4.650812543866793,0.09892201834862385,0.519954128440367,12.750139603075967,2.8900000000000006,17.27,1.71579,84.1,4.561949483533528,0.08694954128440366,0.5239449541284403,12.759239109785689,2.8000000000000007,13.49,1.39039,84.5,4.548705649006965
286,2013-10-01,0.13982798165137617,0.548887614678899,0.8768,12.789683939021812,358500.0,2.6899999999999995,15.41,73.2,4.610555658264429,100.54,0.09991972477064222,0.522947247706422,12.65714826489039,2.6599999999999997,14.69,1.09473,77.5,4.66617120754549,0.09193807339449542,0.525940366972477,12.71709824929883,2.6799999999999997,14.21,1.53881,82.1,4.668802046232865,0.10391055045871561,0.516961009174312,12.75419405403986,2.74,13.97,1.88547,85.1,4.650812543866793,0.09892201834862385,0.519954128440367,12.750139603075967,2.8900000000000006,17.27,1.71579,84.1,4.561949483533528
287,2013-11-01,0.1019151376146789,0.5309288990825688,1.23287,12.701378457638128,328200.0,2.6599999999999997,12.92,75.1,4.541804310366271,93.86,0.13982798165137617,0.548887614678899,12.789683939021812,2.6899999999999995,15.41,0.8768,73.2,4.610555658264429,0.09991972477064222,0.522947247706422,12.65714826489039,2.6599999999999997,14.69,1.09473,77.5,4.66617120754549,0.09193807339449542,0.525940366972477,12.71709824929883,2.6799999999999997,14.21,1.53881,82.1,4.668802046232865,0.10391055045871561,0.516961009174312,12.75419405403986,2.74,13.97,1.88547,85.1,4.650812543866793
288,2013-12-01,0.09692660550458715,0.5179587155963303,1.51284,12.75419405403986,346000.0,2.48,14.19,82.5,4.58118482323758,97.63,0.1019151376146789,0.5309288990825688,12.701378457638128,2.6599999999999997,12.92,1.23287,75.1,4.541804310366271,0.13982798165137617,0.548887614678899,12.789683939021812,2.6899999999999995,15.41,0.8768,73.2,4.610555658264429,0.09991972477064222,0.522947247706422,12.65714826489039,2.6599999999999997,14.69,1.09473,77.5,4.66617120754549,0.09193807339449542,0.525940366972477,12.71709824929883,2.6799999999999997,14.21,1.53881,82.1,4.668802046232865
289,2014-01-01,0.10091743119266056,0.5289334862385321,1.55776,12.696950631486468,326750.0,2.3300000000000005,14.24,81.2,4.549868870203002,94.62,0.09692660550458715,0.5179587155963303,12.75419405403986,2.48,14.19,1.51284,82.5,4.58118482323758,0.1019151376146789,0.5309288990825688,12.701378457638128,2.6599999999999997,12.92,1.23287,75.1,4.541804310366271,0.13982798165137617,0.548887614678899,12.789683939021812,2.6899999999999995,15.41,0.8768,73.2,4.610555658264429,0.09991972477064222,0.522947247706422,12.65714826489039,2.6599999999999997,14.69,1.09473,77.5,4.66617120754549
290,2014-02-01,0.09892201834862385,0.5209518348623854,1.12047,12.722631801143924,335250.0,2.3899999999999997,15.47,81.6,4.6133367486544845,100.82,0.10091743119266056,0.5289334862385321,12.696950631486468,2.3300000000000005,14.24,1.55776,81.2,4.549868870203002,0.09692660550458715,0.5179587155963303,12.75419405403986,2.48,14.19,1.51284,82.5,4.58118482323758,0.1019151376146789,0.5309288990825688,12.701378457638128,2.6599999999999997,12.92,1.23287,75.1,4.541804310366271,0.13982798165137617,0.548887614678899,12.789683939021812,2.6899999999999995,15.41,0.8768,73.2,4.610555658264429
291,2014-03-01,0.1019151376146789,0.5179587155963303,1.61269,12.679196402112153,321000.0,2.3399999999999994,14.84,80.0,4.613138355637268,100.8,0.09892201834862385,0.5209518348623854,12.722631801143924,2.3899999999999997,15.47,1.12047,81.6,4.6133367486544845,0.10091743119266056,0.5289334862385321,12.696950631486468,2.3300000000000005,14.24,1.55776,81.2,4.549868870203002,0.09692660550458715,0.5179587155963303,12.75419405403986,2.48,14.19,1.51284,82.5,4.58118482323758,0.1019151376146789,0.5309288990825688,12.701378457638128,2.6599999999999997,12.92,1.23287,75.1,4.541804310366271
292,2014-04-01,0.10989678899082568,0.5339220183486239,2.01513,12.68463330870889,322750.0,2.1900000000000004,14.2,84.1,4.625658852415407,102.07,0.1019151376146789,0.5179587155963303,12.679196402112153,2.3399999999999994,14.84,1.61269,80.0,4.613138355637268,0.09892201834862385,0.5209518348623854,12.722631801143924,2.3899999999999997,15.47,1.12047,81.6,4.6133367486544845,0.10091743119266056,0.5289334862385321,12.696950631486468,2.3300000000000005,14.24,1.55776,81.2,4.549868870203002,0.09692660550458715,0.5179587155963303,12.75419405403986,2.48,14.19,1.51284,82.5,4.58118482323758
293,2014-05-01,0.10889908256880734,0.5109747706422019,2.16695,12.656511119281069,313800.0,2.1999999999999997,12.48,81.9,4.626735963902652,102.18,0.10989678899082568,0.5339220183486239,12.68463330870889,2.1900000000000004,14.2,2.01513,84.1,4.625658852415407,0.1019151376146789,0.5179587155963303,12.679196402112153,2.3399999999999994,14.84,1.61269,80.0,4.613138355637268,0.09892201834862385,0.5209518348623854,12.722631801143924,2.3899999999999997,15.47,1.12047,81.6,4.6133367486544845,0.10091743119266056,0.5289334862385321,12.696950631486468,2.3300000000000005,14.24,1.55776,81.2,4.549868870203002
294,2014-06-01,0.10490825688073395,0.5069839449541285,2.05898,12.655554639055113,313500.0,2.1999999999999997,11.54,82.5,4.661455996998683,105.79,0.10889908256880734,0.5109747706422019,12.656511119281069,2.1999999999999997,12.48,2.16695,81.9,4.626735963902652,0.10989678899082568,0.5339220183486239,12.68463330870889,2.1900000000000004,14.2,2.01513,84.1,4.625658852415407,0.1019151376146789,0.5179587155963303,12.679196402112153,2.3399999999999994,14.84,1.61269,80.0,4.613138355637268,0.09892201834862385,0.5209518348623854,12.722631801143924,2.3899999999999997,15.47,1.12047,81.6,4.6133367486544845
295,2014-07-01,0.1019151376146789,0.4960091743119266,1.97424,12.617354138959778,301750.0,2.1900000000000004,12.3,81.8,4.640440800070011,103.59,0.10490825688073395,0.5069839449541285,12.655554639055113,2.1999999999999997,11.54,2.05898,82.5,4.661455996998683,0.10889908256880734,0.5109747706422019,12.656511119281069,2.1999999999999997,12.48,2.16695,81.9,4.626735963902652,0.10989678899082568,0.5339220183486239,12.68463330870889,2.1900000000000004,14.2,2.01513,84.1,4.625658852415407,0.1019151376146789,0.5179587155963303,12.679196402112153,2.3399999999999994,14.84,1.61269,80.0,4.613138355637268
296,2014-08-01,0.11488532110091744,0.4980045871559633,1.7151,12.618182296357007,302000.0,2.2700000000000005,13.49,82.5,4.569957430232347,96.54,0.1019151376146789,0.4960091743119266,12.617354138959778,2.1900000000000004,12.3,1.97424,81.8,4.640440800070011,0.10490825688073395,0.5069839449541285,12.655554639055113,2.1999999999999997,11.54,2.05898,82.5,4.661455996998683,0.10889908256880734,0.5109747706422019,12.656511119281069,2.1999999999999997,12.48,2.16695,81.9,4.626735963902652,0.10989678899082568,0.5339220183486239,12.68463330870889,2.1900000000000004,14.2,2.01513,84.1,4.625658852415407
297,2014-09-01,0.10291284403669725,0.49002293577981654,1.68405,12.594730635321957,295000.0,2.27,13.47,84.6,4.5348550120730655,93.21,0.11488532110091744,0.4980045871559633,12.618182296357007,2.2700000000000005,13.49,1.7151,82.5,4.569957430232347,0.1019151376146789,0.4960091743119266,12.617354138959778,2.1900000000000004,12.3,1.97424,81.8,4.640440800070011,0.10490825688073395,0.5069839449541285,12.655554639055113,2.1999999999999997,11.54,2.05898,82.5,4.661455996998683,0.10889908256880734,0.5109747706422019,12.656511119281069,2.1999999999999997,12.48,2.16695,81.9,4.626735963902652
298,2014-10-01,0.09892201834862385,0.4820412844036698,1.60954,12.57331654081814,288750.0,2.3900000000000006,18.06,86.9,4.4355674016019115,84.4,0.10291284403669725,0.49002293577981654,12.594730635321957,2.27,13.47,1.68405,84.6,4.5348550120730655,0.11488532110091744,0.4980045871559633,12.618182296357007,2.2700000000000005,13.49,1.7151,82.5,4.569957430232347,0.1019151376146789,0.4960091743119266,12.617354138959778,2.1900000000000004,12.3,1.97424,81.8,4.640440800070011,0.10490825688073395,0.5069839449541285,12.655554639055113,2.1999999999999997,11.54,2.05898,82.5,4.661455996998683
299,2014-11-01,0.11388761467889909,0.49201834862385324,1.23152,12.58313827911664,291600.0,2.46,13.41,88.8,4.327966357823938,75.79,0.09892201834862385,0.4820412844036698,12.57331654081814,2.3900000000000006,18.06,1.60954,86.9,4.4355674016019115,0.10291284403669725,0.49002293577981654,12.594730635321957,2.27,13.47,1.68405,84.6,4.5348550120730655,0.11488532110091744,0.4980045871559633,12.618182296357007,2.2700000000000005,13.49,1.7151,82.5,4.569957430232347,0.1019151376146789,0.4960091743119266,12.617354138959778,2.1900000000000004,12.3,1.97424,81.8,4.640440800070011
300,2014-12-01,0.10889908256880734,0.49501146788990824,0.65312,12.558488532548523,284500.0,2.5300000000000002,16.29,93.6,4.0824406577192764,59.29,0.11388761467889909,0.49201834862385324,12.58313827911664,2.46,13.41,1.23152,88.8,4.327966357823938,0.09892201834862385,0.4820412844036698,12.57331654081814,2.3900000000000006,18.06,1.60954,86.9,4.4355674016019115,0.10291284403669725,0.49002293577981654,12.594730635321957,2.27,13.47,1.68405,84.6,4.5348550120730655,0.11488532110091744,0.4980045871559633,12.618182296357007,2.2700000000000005,13.49,1.7151,82.5,4.569957430232347
301,2015-01-01,0.10391055045871561,0.477052752293578,-0.22993,12.569325904829029,287600.0,2.5700000000000003,19.12,98.1,3.8548175316573667,47.22,0.10889908256880734,0.49501146788990824,12.558488532548523,2.5300000000000002,16.29,0.65312,93.6,4.0824406577192764,0.11388761467889909,0.49201834862385324,12.58313827911664,2.46,13.41,1.23152,88.8,4.327966357823938,0.09892201834862385,0.4820412844036698,12.57331654081814,2.3900000000000006,18.06,1.60954,86.9,4.4355674016019115,0.10291284403669725,0.49002293577981654,12.594730635321957,2.27,13.47,1.68405,84.6,4.5348550120730655
302,2015-02-01,0.11887614678899083,0.4830389908256881,-0.08703,12.615695763787002,301250.0,2.53,15.9,95.4,3.923556241241819,50.58,0.10391055045871561,0.477052752293578,12.569325904829029,2.5700000000000003,19.12,-0.22993,98.1,3.8548175316573667,0.10889908256880734,0.49501146788990824,12.558488532548523,2.5300000000000002,16.29,0.65312,93.6,4.0824406577192764,0.11388761467889909,0.49201834862385324,12.58313827911664,2.46,13.41,1.23152,88.8,4.327966357823938,0.09892201834862385,0.4820412844036698,12.57331654081814,2.3900000000000006,18.06,1.60954,86.9,4.4355674016019115
303,2015-03-01,0.12087155963302751,0.49002293577981654,-0.02203,12.556729517143344,284000.0,2.5,14.81,93.0,3.867443962030179,47.82,0.11887614678899083,0.4830389908256881,12.615695763787002,2.53,15.9,-0.08703,95.4,3.923556241241819,0.10391055045871561,0.477052752293578,12.569325904829029,2.5700000000000003,19.12,-0.22993,98.1,3.8548175316573667,0.10889908256880734,0.49501146788990824,12.558488532548523,2.5300000000000002,16.29,0.65312,93.6,4.0824406577192764,0.11388761467889909,0.49201834862385324,12.58313827911664,2.46,13.41,1.23152,88.8,4.327966357823938
304,2015-04-01,0.11887614678899083,0.48603211009174313,-0.10403,12.56374708980199,286000.0,2.5400000000000005,13.49,95.9,3.9972828493789696,54.45,0.12087155963302751,0.49002293577981654,12.556729517143344,2.5,14.81,-0.02203,93.0,3.867443962030179,0.11887614678899083,0.4830389908256881,12.615695763787002,2.53,15.9,-0.08703,95.4,3.923556241241819,0.10391055045871561,0.477052752293578,12.569325904829029,2.5700000000000003,19.12,-0.22993,98.1,3.8548175316573667,0.10889908256880734,0.49501146788990824,12.558488532548523,2.5300000000000002,16.29,0.65312,93.6,4.0824406577192764
305,2015-05-01,0.12885321100917432,0.5,0.03503,12.520883385370206,274000.0,2.6899999999999995,13.34,90.7,4.082103275799747,59.27,0.11887614678899083,0.48603211009174313,12.56374708980199,2.5400000000000005,13.49,-0.10403,95.9,3.9972828493789696,0.12087155963302751,0.49002293577981654,12.556729517143344,2.5,14.81,-0.02203,93.0,3.867443962030179,0.11887614678899083,0.4830389908256881,12.615695763787002,2.53,15.9,-0.08703,95.4,3.923556241241819,0.10391055045871561,0.477052752293578,12.569325904829029,2.5700000000000003,19.12,-0.22993,98.1,3.8548175316573667
306,2015-06-01,0.12386467889908258,0.4910206422018349,0.17957,12.519970560112847,273750.0,2.77,14.34,96.1,4.091340053201802,59.82,0.12885321100917432,0.5,12.520883385370206,2.6899999999999995,13.34,0.03503,90.7,4.082103275799747,0.11887614678899083,0.48603211009174313,12.56374708980199,2.5400000000000005,13.49,-0.10403,95.9,3.9972828493789696,0.12087155963302751,0.49002293577981654,12.556729517143344,2.5,14.81,-0.02203,93.0,3.867443962030179,0.11887614678899083,0.4830389908256881,12.615695763787002,2.53,15.9,-0.08703,95.4,3.923556241241819
307,2015-07-01,0.11688073394495412,0.4960091743119266,0.22569,12.534476707501877,277750.0,2.8800000000000003,14.35,93.1,3.929862923556477,50.9,0.12386467889908258,0.4910206422018349,12.519970560112847,2.77,14.34,0.17957,96.1,4.091340053201802,0.12885321100917432,0.5,12.520883385370206,2.6899999999999995,13.34,0.03503,90.7,4.082103275799747,0.11887614678899083,0.48603211009174313,12.56374708980199,2.5400000000000005,13.49,-0.10403,95.9,3.9972828493789696,0.12087155963302751,0.49002293577981654,12.556729517143344,2.5,14.81,-0.02203,93.0,3.867443962030179
308,2015-08-01,0.11987385321100917,0.49900229357798165,0.2413,12.525253385041326,275200.0,3.0200000000000005,19.43,91.9,3.7581722806098856,42.87,0.11688073394495412,0.4960091743119266,12.534476707501877,2.8800000000000003,14.35,0.22569,93.1,3.929862923556477,0.12386467889908258,0.4910206422018349,12.519970560112847,2.77,14.34,0.17957,96.1,4.091340053201802,0.12885321100917432,0.5,12.520883385370206,2.6899999999999995,13.34,0.03503,90.7,4.082103275799747,0.11887614678899083,0.48603211009174313,12.56374708980199,2.5400000000000005,13.49,-0.10403,95.9,3.9972828493789696
309,2015-09-01,0.11688073394495412,0.4890252293577982,0.00884,12.504323669331189,269500.0,3.17,24.38,87.2,3.8172726688823353,45.48,0.11987385321100917,0.49900229357798165,12.525253385041326,3.0200000000000005,19.43,0.2413,91.9,3.7581722806098856,0.11688073394495412,0.4960091743119266,12.534476707501877,2.8800000000000003,14.35,0.22569,93.1,3.929862923556477,0.12386467889908258,0.4910206422018349,12.519970560112847,2.77,14.34,0.17957,96.1,4.091340053201802,0.12885321100917432,0.5,12.520883385370206,2.6899999999999995,13.34,0.03503,90.7,4.082103275799747
310,2015-10-01,0.12486238532110092,0.4980045871559633,0.12762,12.495003937382387,267000.0,3.27,16.79,90.0,3.8334126048462345,46.22,0.11688073394495412,0.4890252293577982,12.504323669331189,3.17,24.38,0.00884,87.2,3.8172726688823353,0.11987385321100917,0.49900229357798165,12.525253385041326,3.0200000000000005,19.43,0.2413,91.9,3.7581722806098856,0.11688073394495412,0.4960091743119266,12.534476707501877,2.8800000000000003,14.35,0.22569,93.1,3.929862923556477,0.12386467889908258,0.4910206422018349,12.519970560112847,2.77,14.34,0.17957,96.1,4.091340053201802
311,2015-11-01,0.11288990825688071,0.48802752293577983,0.43632,12.500606192931057,268500.0,3.2,16.21,91.3,3.7480913137457823,42.44,0.12486238532110092,0.4980045871559633,12.495003937382387,3.27,16.79,0.12762,90.0,3.8334126048462345,0.11688073394495412,0.4890252293577982,12.504323669331189,3.17,24.38,0.00884,87.2,3.8172726688823353,0.11987385321100917,0.49900229357798165,12.525253385041326,3.0200000000000005,19.43,0.2413,91.9,3.7581722806098856,0.11688073394495412,0.4960091743119266,12.534476707501877,2.8800000000000003,14.35,0.22569,93.1,3.929862923556477
312,2015-12-01,0.11688073394495412,0.47805045871559626,0.63872,12.509874099861838,271000.0,3.2199999999999998,18.03,92.6,3.6160399079369787,37.19,0.11288990825688071,0.48802752293577983,12.500606192931057,3.2,16.21,0.43632,91.3,3.7480913137457823,0.12486238532110092,0.4980045871559633,12.495003937382387,3.27,16.79,0.12762,90.0,3.8334126048462345,0.11688073394495412,0.4890252293577982,12.504323669331189,3.17,24.38,0.00884,87.2,3.8172726688823353,0.11987385321100917,0.49900229357798165,12.525253385041326,3.0200000000000005,19.43,0.2413,91.9,3.7581722806098856
313,2016-01-01,0.11089449541284405,0.4650802752293578,1.2375,12.541115289341793,279600.0,3.3600000000000003,23.72,92.0,3.455685566946225,31.68,0.11688073394495412,0.47805045871559626,12.509874099861838,3.2199999999999998,18.03,0.63872,92.6,3.6160399079369787,0.11288990825688071,0.48802752293577983,12.500606192931057,3.2,16.21,0.43632,91.3,3.7480913137457823,0.12486238532110092,0.4980045871559633,12.495003937382387,3.27,16.79,0.12762,90.0,3.8334126048462345,0.11688073394495412,0.4890252293577982,12.504323669331189,3.17,24.38,0.00884,87.2,3.8172726688823353
314,2016-02-01,0.12386467889908258,0.4790481651376146,0.84728,12.494067169164,266750.0,3.5599999999999996,22.52,91.7,3.411807560774171,30.32,0.11089449541284405,0.4650802752293578,12.541115289341793,3.3600000000000003,23.72,1.2375,92.0,3.455685566946225,0.11688073394495412,0.47805045871559626,12.509874099861838,3.2199999999999998,18.03,0.63872,92.6,3.6160399079369787,0.11288990825688071,0.48802752293577983,12.500606192931057,3.2,16.21,0.43632,91.3,3.7480913137457823,0.12486238532110092,0.4980045871559633,12.495003937382387,3.27,16.79,0.12762,90.0,3.8334126048462345
315,2016-03-01,0.11688073394495412,0.4850344036697248,0.89162,12.480859429996222,263250.0,3.24,15.85,91.0,3.6256733782101436,37.55,0.12386467889908258,0.4790481651376146,12.494067169164,3.5599999999999996,22.52,0.84728,91.7,3.411807560774171,0.11089449541284405,0.4650802752293578,12.541115289341793,3.3600000000000003,23.72,1.2375,92.0,3.455685566946225,0.11688073394495412,0.47805045871559626,12.509874099861838,3.2199999999999998,18.03,0.63872,92.6,3.6160399079369787,0.11288990825688071,0.48802752293577983,12.500606192931057,3.2,16.21,0.43632,91.3,3.7480913137457823
316,2016-04-01,0.1118922018348624,0.49501146788990824,1.17263,12.491251587763836,266000.0,2.98,14.3,89.0,3.707701208354524,40.76,0.11688073394495412,0.4850344036697248,12.480859429996222,3.24,15.85,0.89162,91.0,3.6256733782101436,0.12386467889908258,0.4790481651376146,12.494067169164,3.5599999999999996,22.52,0.84728,91.7,3.411807560774171,0.11089449541284405,0.4650802752293578,12.541115289341793,3.3600000000000003,23.72,1.2375,92.0,3.455685566946225,0.11688073394495412,0.47805045871559626,12.509874099861838,3.2199999999999998,18.03,0.63872,92.6,3.6160399079369787
317,2016-05-01,0.12087155963302751,0.4890252293577982,1.07848,12.522706539931722,274500.0,2.8699999999999997,14.85,94.7,3.8439582745140166,46.71,0.1118922018348624,0.49501146788990824,12.491251587763836,2.98,14.3,1.17263,89.0,3.707701208354524,0.11688073394495412,0.4850344036697248,12.480859429996222,3.24,15.85,0.89162,91.0,3.6256733782101436,0.12386467889908258,0.4790481651376146,12.494067169164,3.5599999999999996,22.52,0.84728,91.7,3.411807560774171,0.11089449541284405,0.4650802752293578,12.541115289341793,3.3600000000000003,23.72,1.2375,92.0,3.455685566946225
318,2016-06-01,0.14581422018348622,0.48702981651376154,1.07929,12.488428056476229,265250.0,2.8900000000000006,17.77,93.5,3.8869103046130706,48.76,0.12087155963302751,0.4890252293577982,12.522706539931722,2.8699999999999997,14.85,1.07848,94.7,3.8439582745140166,0.1118922018348624,0.49501146788990824,12.491251587763836,2.98,14.3,1.17263,89.0,3.707701208354524,0.11688073394495412,0.4850344036697248,12.480859429996222,3.24,15.85,0.89162,91.0,3.6256733782101436,0.12386467889908258,0.4790481651376146,12.494067169164,3.5599999999999996,22.52,0.84728,91.7,3.411807560774171
319,2016-07-01,0.12885321100917432,0.4890252293577982,0.86836,12.46612655086448,259400.0,2.7199999999999998,13.16,90.0,3.798854307322508,44.65,0.14581422018348622,0.48702981651376154,12.488428056476229,2.8900000000000006,17.77,1.07929,93.5,3.8869103046130706,0.12087155963302751,0.4890252293577982,12.522706539931722,2.8699999999999997,14.85,1.07848,94.7,3.8439582745140166,0.1118922018348624,0.49501146788990824,12.491251587763836,2.98,14.3,1.17263,89.0,3.707701208354524,0.11688073394495412,0.4850344036697248,12.480859429996222,3.24,15.85,0.89162,91.0,3.6256733782101436
320,2016-08-01,0.12785550458715594,0.4810435779816514,1.05532,12.481808646963554,263500.0,2.68,12.4,89.8,3.8004208288468435,44.72,0.12885321100917432,0.4890252293577982,12.46612655086448,2.7199999999999998,13.16,0.86836,90.0,3.798854307322508,0.14581422018348622,0.48702981651376154,12.488428056476229,2.8900000000000006,17.77,1.07929,93.5,3.8869103046130706,0.12087155963302751,0.4890252293577982,12.522706539931722,2.8699999999999997,14.85,1.07848,94.7,3.8439582745140166,0.1118922018348624,0.49501146788990824,12.491251587763836,2.98,14.3,1.17263,89.0,3.707701208354524
321,2016-09-01,0.13384174311926605,0.4890252293577982,1.54864,12.435198268521932,251500.0,2.6799999999999997,14.22,91.2,3.810654511039857,45.18,0.12785550458715594,0.4810435779816514,12.481808646963554,2.68,12.4,1.05532,89.8,3.8004208288468435,0.12885321100917432,0.4890252293577982,12.46612655086448,2.7199999999999998,13.16,0.86836,90.0,3.798854307322508,0.14581422018348622,0.48702981651376154,12.488428056476229,2.8900000000000006,17.77,1.07929,93.5,3.8869103046130706,0.12087155963302751,0.4890252293577982,12.522706539931722,2.8699999999999997,14.85,1.07848,94.7,3.8439582745140166
322,2016-10-01,0.13184633027522935,0.4760550458715596,1.68592,12.45215116812688,255800.0,2.62,14.59,87.2,3.907613296939446,49.78,0.13384174311926605,0.4890252293577982,12.435198268521932,2.6799999999999997,14.22,1.54864,91.2,3.810654511039857,0.12785550458715594,0.4810435779816514,12.481808646963554,2.68,12.4,1.05532,89.8,3.8004208288468435,0.12885321100917432,0.4890252293577982,12.46612655086448,2.7199999999999998,13.16,0.86836,90.0,3.798854307322508,0.14581422018348622,0.48702981651376154,12.488428056476229,2.8900000000000006,17.77,1.07929,93.5,3.8869103046130706
323,2016-11-01,0.11588302752293579,0.4700688073394495,1.68433,12.412070038009412,245750.0,2.57,15.24,93.8,3.821222641101649,45.66,0.13184633027522935,0.4760550458715596,12.45215116812688,2.62,14.59,1.68592,87.2,3.907613296939446,0.13384174311926605,0.4890252293577982,12.435198268521932,2.6799999999999997,14.22,1.54864,91.2,3.810654511039857,0.12785550458715594,0.4810435779816514,12.481808646963554,2.68,12.4,1.05532,89.8,3.8004208288468435,0.12885321100917432,0.4890252293577982,12.46612655086448,2.7199999999999998,13.16,0.86836,90.0,3.798854307322508
324,2016-12-01,0.13783256880733943,0.48004587155963296,2.0508,12.437977702512956,252200.0,2.34,12.47,98.2,3.9506666290203505,51.97,0.11588302752293579,0.4700688073394495,12.412070038009412,2.57,15.24,1.68433,93.8,3.821222641101649,0.13184633027522935,0.4760550458715596,12.45215116812688,2.62,14.59,1.68592,87.2,3.907613296939446,0.13384174311926605,0.4890252293577982,12.435198268521932,2.6799999999999997,14.22,1.54864,91.2,3.810654511039857,0.12785550458715594,0.4810435779816514,12.481808646963554,2.68,12.4,1.05532,89.8,3.8004208288468435
325,2017-01-01,0.1388302752293578,0.49002293577981654,2.51039,12.404923504275338,244000.0,2.23,11.61,98.5,3.960813169597578,52.5,0.13783256880733943,0.48004587155963296,12.437977702512956,2.34,12.47,2.0508,98.2,3.9506666290203505,0.11588302752293579,0.4700688073394495,12.412070038009412,2.57,15.24,1.68433,93.8,3.821222641101649,0.13184633027522935,0.4760550458715596,12.45215116812688,2.62,14.59,1.68592,87.2,3.907613296939446,0.13384174311926605,0.4890252293577982,12.435198268521932,2.6799999999999997,14.22,1.54864,91.2,3.810654511039857
326,2017-02-01,0.13583715596330276,0.49501146788990824,2.81036,12.346920954117554,230250.0,2.2199999999999998,11.53,96.3,3.97912074896064,53.47,0.1388302752293578,0.49002293577981654,12.404923504275338,2.23,11.61,2.51039,98.5,3.960813169597578,0.13783256880733943,0.48004587155963296,12.437977702512956,2.34,12.47,2.0508,98.2,3.9506666290203505,0.11588302752293579,0.4700688073394495,12.412070038009412,2.57,15.24,1.68433,93.8,3.821222641101649,0.13184633027522935,0.4760550458715596,12.45215116812688,2.62,14.59,1.68592,87.2,3.907613296939446
327,2017-03-01,0.1348394495412844,0.49900229357798165,2.4412,12.362007447150933,233750.0,2.1999999999999997,11.9,96.9,3.8985324152456466,49.33,0.13583715596330276,0.49501146788990824,12.346920954117554,2.2199999999999998,11.53,2.81036,96.3,3.97912074896064,0.1388302752293578,0.49002293577981654,12.404923504275338,2.23,11.61,2.51039,98.5,3.960813169597578,0.13783256880733943,0.48004587155963296,12.437977702512956,2.34,12.47,2.0508,98.2,3.9506666290203505,0.11588302752293579,0.4700688073394495,12.412070038009412,2.57,15.24,1.68433,93.8,3.821222641101649
328,2017-04-01,0.1328440366972477,0.5019954128440367,2.17622,12.336223329995219,227800.0,2.2700000000000005,13.14,97.0,3.9330014118133376,51.06,0.1348394495412844,0.49900229357798165,12.362007447150933,2.1999999999999997,11.9,2.4412,96.9,3.8985324152456466,0.13583715596330276,0.49501146788990824,12.346920954117554,2.2199999999999998,11.53,2.81036,96.3,3.97912074896064,0.1388302752293578,0.49002293577981654,12.404923504275338,2.23,11.61,2.51039,98.5,3.960813169597578,0.13783256880733943,0.48004587155963296,12.437977702512956,2.34,12.47,2.0508,98.2,3.9506666290203505
329,2017-05-01,0.12186926605504586,0.4890252293577982,1.85634,12.384218830913648,239000.0,2.25,10.86,97.1,3.881151341761059,48.48,0.1328440366972477,0.5019954128440367,12.336223329995219,2.2700000000000005,13.14,2.17622,97.0,3.9330014118133376,0.1348394495412844,0.49900229357798165,12.362007447150933,2.1999999999999997,11.9,2.4412,96.9,3.8985324152456466,0.13583715596330276,0.49501146788990824,12.346920954117554,2.2199999999999998,11.53,2.81036,96.3,3.97912074896064,0.1388302752293578,0.49002293577981654,12.404923504275338,2.23,11.61,2.51039,98.5,3.960813169597578
330,2017-06-01,0.1348394495412844,0.4960091743119266,1.64057,12.421184025147118,248000.0,2.18,10.51,95.0,3.810654511039857,45.18,0.12186926605504586,0.4890252293577982,12.384218830913648,2.25,10.86,1.85634,97.1,3.881151341761059,0.1328440366972477,0.5019954128440367,12.336223329995219,2.2700000000000005,13.14,2.17622,97.0,3.9330014118133376,0.1348394495412844,0.49900229357798165,12.362007447150933,2.1999999999999997,11.9,2.4412,96.9,3.8985324152456466,0.13583715596330276,0.49501146788990824,12.346920954117554,2.2199999999999998,11.53,2.81036,96.3,3.97912074896064
331,2017-07-01,0.14780963302752292,0.4890252293577982,1.72511,12.432411087740903,250800.0,2.07,10.26,93.4,3.8422441108202294,46.63,0.1348394495412844,0.4960091743119266,12.421184025147118,2.18,10.51,1.64057,95.0,3.810654511039857,0.12186926605504586,0.4890252293577982,12.384218830913648,2.25,10.86,1.85634,97.1,3.881151341761059,0.1328440366972477,0.5019954128440367,12.336223329995219,2.2700000000000005,13.14,2.17622,97.0,3.9330014118133376,0.1348394495412844,0.49900229357798165,12.362007447150933,2.1999999999999997,11.9,2.4412,96.9,3.8985324152456466
332,2017-08-01,0.1448165137614679,0.49301605504587154,1.92812,12.420175452192234,247750.0,2.0999999999999996,11.98,96.8,3.872033997211783,48.04,0.14780963302752292,0.4890252293577982,12.432411087740903,2.07,10.26,1.72511,93.4,3.8422441108202294,0.1348394495412844,0.4960091743119266,12.421184025147118,2.18,10.51,1.64057,95.0,3.810654511039857,0.12186926605504586,0.4890252293577982,12.384218830913648,2.25,10.86,1.85634,97.1,3.881151341761059,0.1328440366972477,0.5019954128440367,12.336223329995219,2.2700000000000005,13.14,2.17622,97.0,3.9330014118133376
333,2017-09-01,0.1328440366972477,0.48702981651376154,2.18057,12.515026853257494,272400.0,2.0999999999999996,10.44,95.1,3.9084165098340344,49.82,0.1448165137614679,0.49301605504587154,12.420175452192234,2.0999999999999996,11.98,1.92812,96.8,3.872033997211783,0.14780963302752292,0.4890252293577982,12.432411087740903,2.07,10.26,1.72511,93.4,3.8422441108202294,0.1348394495412844,0.4960091743119266,12.421184025147118,2.18,10.51,1.64057,95.0,3.810654511039857,0.12186926605504586,0.4890252293577982,12.384218830913648,2.25,10.86,1.85634,97.1,3.881151341761059
334,2017-10-01,0.13783256880733943,0.4890252293577982,2.02076,12.397725529753012,242250.0,1.9600000000000004,10.13,100.7,3.9431340004531985,51.58,0.1328440366972477,0.48702981651376154,12.515026853257494,2.0999999999999996,10.44,2.18057,95.1,3.9084165098340344,0.1448165137614679,0.49301605504587154,12.420175452192234,2.0999999999999996,11.98,1.92812,96.8,3.872033997211783,0.14780963302752292,0.4890252293577982,12.432411087740903,2.07,10.26,1.72511,93.4,3.8422441108202294,0.1348394495412844,0.4960091743119266,12.421184025147118,2.18,10.51,1.64057,95.0,3.810654511039857
335,2017-11-01,0.14681192660550457,0.47505733944954126,2.17249,12.420175452192234,247750.0,1.9199999999999995,10.54,98.5,4.036715449385464,56.64,0.13783256880733943,0.4890252293577982,12.397725529753012,1.9600000000000004,10.13,2.02076,100.7,3.9431340004531985,0.1328440366972477,0.48702981651376154,12.515026853257494,2.0999999999999996,10.44,2.18057,95.1,3.9084165098340344,0.1448165137614679,0.49301605504587154,12.420175452192234,2.0999999999999996,11.98,1.92812,96.8,3.872033997211783,0.14780963302752292,0.4890252293577982,12.432411087740903,2.07,10.26,1.72511,93.4,3.8422441108202294
336,2017-12-01,0.14381880733944954,0.4940137614678899,2.12993,12.399169275492087,242600.0,1.8199999999999998,10.26,95.9,4.058371901763283,57.88,0.14681192660550457,0.47505733944954126,12.420175452192234,1.9199999999999995,10.54,2.17249,98.5,4.036715449385464,0.13783256880733943,0.4890252293577982,12.397725529753012,1.9600000000000004,10.13,2.02076,100.7,3.9431340004531985,0.1328440366972477,0.48702981651376154,12.515026853257494,2.0999999999999996,10.44,2.18057,95.1,3.9084165098340344,0.1448165137614679,0.49301605504587154,12.420175452192234,2.0999999999999996,11.98,1.92812,96.8,3.872033997211783
337,2018-01-01,0.12885321100917432,0.48802752293577983,2.15132,12.368404057447625,235250.0,1.6799999999999997,11.06,95.7,4.154184562578117,63.7,0.14381880733944954,0.4940137614678899,12.399169275492087,1.8199999999999998,10.26,2.12993,95.9,4.058371901763283,0.14681192660550457,0.47505733944954126,12.420175452192234,1.9199999999999995,10.54,2.17249,98.5,4.036715449385464,0.13783256880733943,0.4890252293577982,12.397725529753012,1.9600000000000004,10.13,2.02076,100.7,3.9431340004531985,0.1328440366972477,0.48702981651376154,12.515026853257494,2.0999999999999996,10.44,2.18057,95.1,3.9084165098340344
338,2018-02-01,0.13184633027522935,0.4850344036697248,2.26347,12.30591798049989,221000.0,1.65,22.46,99.7,4.130837198581126,62.23,0.12885321100917432,0.48802752293577983,12.368404057447625,1.6799999999999997,11.06,2.15132,95.7,4.154184562578117,0.14381880733944954,0.4940137614678899,12.399169275492087,1.8199999999999998,10.26,2.12993,95.9,4.058371901763283,0.14681192660550457,0.47505733944954126,12.420175452192234,1.9199999999999995,10.54,2.17249,98.5,4.036715449385464,0.13783256880733943,0.4890252293577982,12.397725529753012,1.9600000000000004,10.13,2.02076,100.7,3.9431340004531985
339,2018-03-01,0.13184633027522935,0.47805045871559626,2.33095,12.327404930697698,225800.0,1.7999999999999998,19.02,101.4,4.138680376042152,62.72,0.13184633027522935,0.4850344036697248,12.30591798049989,1.65,22.46,2.26347,99.7,4.130837198581126,0.12885321100917432,0.48802752293577983,12.368404057447625,1.6799999999999997,11.06,2.15132,95.7,4.154184562578117,0.14381880733944954,0.4940137614678899,12.399169275492087,1.8199999999999998,10.26,2.12993,95.9,4.058371901763283,0.14681192660550457,0.47505733944954126,12.420175452192234,1.9199999999999995,10.54,2.17249,98.5,4.036715449385464
340,2018-04-01,0.1328440366972477,0.4680733944954128,2.471,12.308177868467327,221500.0,1.7999999999999998,18.27,98.8,4.193435464866331,66.25,0.13184633027522935,0.47805045871559626,12.327404930697698,1.7999999999999998,19.02,2.33095,101.4,4.138680376042152,0.13184633027522935,0.4850344036697248,12.30591798049989,1.65,22.46,2.26347,99.7,4.130837198581126,0.12885321100917432,0.48802752293577983,12.368404057447625,1.6799999999999997,11.06,2.15132,95.7,4.154184562578117,0.14381880733944954,0.4940137614678899,12.399169275492087,1.8199999999999998,10.26,2.12993,95.9,4.058371901763283
341,2018-05-01,0.13084862385321103,0.46607798165137615,2.78192,12.307048562870175,221250.0,1.85,14.12,98.0,4.248209486939542,69.98,0.1328440366972477,0.4680733944954128,12.308177868467327,1.7999999999999998,18.27,2.471,98.8,4.193435464866331,0.13184633027522935,0.47805045871559626,12.327404930697698,1.7999999999999998,19.02,2.33095,101.4,4.138680376042152,0.13184633027522935,0.4850344036697248,12.30591798049989,1.65,22.46,2.26347,99.7,4.130837198581126,0.12885321100917432,0.48802752293577983,12.368404057447625,1.6799999999999997,11.06,2.15132,95.7,4.154184562578117
342,2018-06-01,0.14780963302752292,0.4790481651376146,2.80755,12.313131717823582,222600.0,1.92,13.68,98.2,4.217594110715667,67.87,0.13084862385321103,0.46607798165137615,12.307048562870175,1.85,14.12,2.78192,98.0,4.248209486939542,0.1328440366972477,0.4680733944954128,12.308177868467327,1.7999999999999998,18.27,2.471,98.8,4.193435464866331,0.13184633027522935,0.47805045871559626,12.327404930697698,1.7999999999999998,19.02,2.33095,101.4,4.138680376042152,0.13184633027522935,0.4850344036697248,12.30591798049989,1.65,22.46,2.26347,99.7,4.130837198581126
343,2018-07-01,0.13982798165137617,0.4820412844036698,2.85412,12.25247901834433,209500.0,1.9,13.15,97.9,4.2623981472183505,70.98,0.14780963302752292,0.4790481651376146,12.313131717823582,1.92,13.68,2.80755,98.2,4.217594110715667,0.13084862385321103,0.46607798165137615,12.307048562870175,1.85,14.12,2.78192,98.0,4.248209486939542,0.1328440366972477,0.4680733944954128,12.308177868467327,1.7999999999999998,18.27,2.471,98.8,4.193435464866331,0.13184633027522935,0.47805045871559626,12.327404930697698,1.7999999999999998,19.02,2.33095,101.4,4.138680376042152
344,2018-08-01,0.13982798165137617,0.4600917431192661,2.64292,12.247694320220994,208500.0,1.8799999999999994,12.55,96.2,4.22038966907276,68.06,0.13982798165137617,0.4820412844036698,12.25247901834433,1.9,13.15,2.85412,97.9,4.2623981472183505,0.14780963302752292,0.4790481651376146,12.313131717823582,1.92,13.68,2.80755,98.2,4.217594110715667,0.13084862385321103,0.46607798165137615,12.307048562870175,1.85,14.12,2.78192,98.0,4.248209486939542,0.1328440366972477,0.4680733944954128,12.308177868467327,1.7999999999999998,18.27,2.471,98.8,4.193435464866331
345,2018-09-01,0.13982798165137617,0.4670756880733945,2.33206,12.231740392278752,205200.0,1.88,12.91,100.1,4.251775570170929,70.23,0.13982798165137617,0.4600917431192661,12.247694320220994,1.8799999999999994,12.55,2.64292,96.2,4.22038966907276,0.13982798165137617,0.4820412844036698,12.25247901834433,1.9,13.15,2.85412,97.9,4.2623981472183505,0.14780963302752292,0.4790481651376146,12.313131717823582,1.92,13.68,2.80755,98.2,4.217594110715667,0.13084862385321103,0.46607798165137615,12.307048562870175,1.85,14.12,2.78192,98.0,4.248209486939542
346,2018-10-01,0.1388302752293578,0.4700688073394495,2.49203,12.269047444691562,213000.0,1.9200000000000004,19.35,98.6,4.259152536523347,70.75,0.13982798165137617,0.4670756880733945,12.231740392278752,1.88,12.91,2.33206,100.1,4.251775570170929,0.13982798165137617,0.4600917431192661,12.247694320220994,1.8799999999999994,12.55,2.64292,96.2,4.22038966907276,0.13982798165137617,0.4820412844036698,12.25247901834433,1.9,13.15,2.85412,97.9,4.2623981472183505,0.14780963302752292,0.4790481651376146,12.313131717823582,1.92,13.68,2.80755,98.2,4.217594110715667
347,2018-11-01,0.1448165137614679,0.4740596330275229,2.14733,12.324966175470584,225250.0,2.0999999999999996,19.39,97.5,4.04234926710372,56.96,0.1388302752293578,0.4700688073394495,12.269047444691562,1.9200000000000004,19.35,2.49203,98.6,4.259152536523347,0.13982798165137617,0.4670756880733945,12.231740392278752,1.88,12.91,2.33206,100.1,4.251775570170929,0.13982798165137617,0.4600917431192661,12.247694320220994,1.8799999999999994,12.55,2.64292,96.2,4.22038966907276,0.13982798165137617,0.4820412844036698,12.25247901834433,1.9,13.15,2.85412,97.9,4.2623981472183505
348,2018-12-01,0.12286697247706423,0.4610894495412844,2.00238,12.32207632128648,224600.0,2.3,24.95,98.3,3.9023766283763406,49.52,0.1448165137614679,0.4740596330275229,12.324966175470584,2.0999999999999996,19.39,2.14733,97.5,4.04234926710372,0.1388302752293578,0.4700688073394495,12.269047444691562,1.9200000000000004,19.35,2.49203,98.6,4.259152536523347,0.13982798165137617,0.4670756880733945,12.231740392278752,1.88,12.91,2.33206,100.1,4.251775570170929,0.13982798165137617,0.4600917431192661,12.247694320220994,1.8799999999999994,12.55,2.64292,96.2,4.22038966907276
349,2019-01-01,0.1488073394495413,0.48004587155963296,1.48759,12.313805345333055,222750.0,2.41,19.57,91.2,3.9392489916817377,51.38,0.12286697247706423,0.4610894495412844,12.32207632128648,2.3,24.95,2.00238,98.3,3.9023766283763406,0.1448165137614679,0.4740596330275229,12.324966175470584,2.0999999999999996,19.39,2.14733,97.5,4.04234926710372,0.1388302752293578,0.4700688073394495,12.269047444691562,1.9200000000000004,19.35,2.49203,98.6,4.259152536523347,0.13982798165137617,0.4670756880733945,12.231740392278752,1.88,12.91,2.33206,100.1,4.251775570170929
350,2019-02-01,0.12785550458715594,0.45709862385321104,1.51886,12.312682380588432,222500.0,2.27,15.23,93.8,4.006423680849631,54.95,0.1488073394495413,0.48004587155963296,12.313805345333055,2.41,19.57,1.48759,91.2,3.9392489916817377,0.12286697247706423,0.4610894495412844,12.32207632128648,2.3,24.95,2.00238,98.3,3.9023766283763406,0.1448165137614679,0.4740596330275229,12.324966175470584,2.0999999999999996,19.39,2.14733,97.5,4.04234926710372,0.1388302752293578,0.4700688073394495,12.269047444691562,1.9200000000000004,19.35,2.49203,98.6,4.259152536523347
351,2019-03-01,0.1368348623853211,0.4531077981651376,1.88319,12.263397712149443,211800.0,2.27,14.49,98.4,4.063025878964673,58.15,0.12785550458715594,0.45709862385321104,12.312682380588432,2.27,15.23,1.51886,93.8,4.006423680849631,0.1488073394495413,0.48004587155963296,12.313805345333055,2.41,19.57,1.48759,91.2,3.9392489916817377,0.12286697247706423,0.4610894495412844,12.32207632128648,2.3,24.95,2.00238,98.3,3.9023766283763406,0.1448165137614679,0.4740596330275229,12.324966175470584,2.0999999999999996,19.39,2.14733,97.5,4.04234926710372
352,2019-04-01,0.12785550458715594,0.4600917431192661,2.00058,12.253671624329453,209750.0,2.1700000000000004,12.95,97.2,4.156693187286636,63.86,0.1368348623853211,0.4531077981651376,12.263397712149443,2.27,14.49,1.88319,98.4,4.063025878964673,0.12785550458715594,0.45709862385321104,12.312682380588432,2.27,15.23,1.51886,93.8,4.006423680849631,0.1488073394495413,0.48004587155963296,12.313805345333055,2.41,19.57,1.48759,91.2,3.9392489916817377,0.12286697247706423,0.4610894495412844,12.32207632128648,2.3,24.95,2.00238,98.3,3.9023766283763406
353,2019-05-01,0.14681192660550457,0.4501146788990826,1.79591,12.294541293517781,218500.0,2.23,16.72,100.0,4.108083088332614,60.83,0.12785550458715594,0.4600917431192661,12.253671624329453,2.1700000000000004,12.95,2.00058,97.2,4.156693187286636,0.1368348623853211,0.4531077981651376,12.263397712149443,2.27,14.49,1.88319,98.4,4.063025878964673,0.12785550458715594,0.45709862385321104,12.312682380588432,2.27,15.23,1.51886,93.8,4.006423680849631,0.1488073394495413,0.48004587155963296,12.313805345333055,2.41,19.57,1.48759,91.2,3.9392489916817377
354,2019-06-01,0.1328440366972477,0.45510321100917434,1.67119,12.324744175247673,225200.0,2.39,15.84,98.2,4.001132180499922,54.66,0.14681192660550457,0.4501146788990826,12.294541293517781,2.23,16.72,1.79591,100.0,4.108083088332614,0.12785550458715594,0.4600917431192661,12.253671624329453,2.1700000000000004,12.95,2.00058,97.2,4.156693187286636,0.1368348623853211,0.4531077981651376,12.263397712149443,2.27,14.49,1.88319,98.4,4.063025878964673,0.12785550458715594,0.45709862385321104,12.312682380588432,2.27,15.23,1.51886,93.8,4.006423680849631
355,2019-07-01,0.1448165137614679,0.47206422018348626,1.82633,12.247694320220994,208500.0,2.22,13.31,98.4,4.0493471962913645,57.36,0.1328440366972477,0.45510321100917434,12.324744175247673,2.39,15.84,1.67119,98.2,4.001132180499922,0.14681192660550457,0.4501146788990826,12.294541293517781,2.23,16.72,1.79591,100.0,4.108083088332614,0.12785550458715594,0.4600917431192661,12.253671624329453,2.1700000000000004,12.95,2.00058,97.2,4.156693187286636,0.1368348623853211,0.4531077981651376,12.263397712149443,2.27,14.49,1.88319,98.4,4.063025878964673
356,2019-08-01,0.13783256880733943,0.4740596330275229,1.73764,12.259613412458204,211000.0,2.24,18.98,89.8,4.003872659058025,54.81,0.1448165137614679,0.47206422018348626,12.247694320220994,2.22,13.31,1.82633,98.4,4.0493471962913645,0.1328440366972477,0.45510321100917434,12.324744175247673,2.39,15.84,1.67119,98.2,4.001132180499922,0.14681192660550457,0.4501146788990826,12.294541293517781,2.23,16.72,1.79591,100.0,4.108083088332614,0.12785550458715594,0.4600917431192661,12.253671624329453,2.1700000000000004,12.95,2.00058,97.2,4.156693187286636
357,2019-09-01,0.1348394495412844,0.45111238532110093,1.6845,12.25247901834433,209500.0,2.21,15.56,93.2,4.0421736898931915,56.95,0.13783256880733943,0.4740596330275229,12.259613412458204,2.24,18.98,1.73764,89.8,4.003872659058025,0.1448165137614679,0.47206422018348626,12.247694320220994,2.22,13.31,1.82633,98.4,4.0493471962913645,0.1328440366972477,0.45510321100917434,12.324744175247673,2.39,15.84,1.67119,98.2,4.001132180499922,0.14681192660550457,0.4501146788990826,12.294541293517781,2.23,16.72,1.79591,100.0,4.108083088332614
358,2019-10-01,0.14082568807339452,0.46607798165137615,1.73397,12.265520104173595,212250.0,2.21,15.47,95.5,3.988243031339555,53.96,0.1348394495412844,0.45111238532110093,12.25247901834433,2.21,15.56,1.6845,93.2,4.0421736898931915,0.13783256880733943,0.4740596330275229,12.259613412458204,2.24,18.98,1.73764,89.8,4.003872659058025,0.1448165137614679,0.47206422018348626,12.247694320220994,2.22,13.31,1.82633,98.4,4.0493471962913645,0.1328440366972477,0.45510321100917434,12.324744175247673,2.39,15.84,1.67119,98.2,4.001132180499922
359,2019-11-01,0.13783256880733943,0.4810435779816514,2.09229,12.321185452630678,224400.0,2.13,12.52,96.8,4.0439280763080845,57.05,0.14082568807339452,0.46607798165137615,12.265520104173595,2.21,15.47,1.73397,95.5,3.988243031339555,0.1348394495412844,0.45111238532110093,12.25247901834433,2.21,15.56,1.6845,93.2,4.0421736898931915,0.13783256880733943,0.4740596330275229,12.259613412458204,2.24,18.98,1.73764,89.8,4.003872659058025,0.1448165137614679,0.47206422018348626,12.247694320220994,2.22,13.31,1.82633,98.4,4.0493471962913645
360,2019-12-01,0.1388302752293578,0.4710665137614679,2.31953,12.371587084007746,236000.0,2.0199999999999996,13.76,99.3,4.091340053201802,59.82,0.13783256880733943,0.4810435779816514,12.321185452630678,2.13,12.52,2.09229,96.8,4.0439280763080845,0.14082568807339452,0.46607798165137615,12.265520104173595,2.21,15.47,1.73397,95.5,3.988243031339555,0.1348394495412844,0.45111238532110093,12.25247901834433,2.21,15.56,1.6845,93.2,4.0421736898931915,0.13783256880733943,0.4740596330275229,12.259613412458204,2.24,18.98,1.73764,89.8,4.003872659058025
361,2020-01-01,0.10889908256880734,0.4431307339449541,2.59977,12.28071618852594,215500.0,2.01,13.94,99.8,4.052132713412791,57.52,0.1388302752293578,0.4710665137614679,12.371587084007746,2.0199999999999996,13.76,2.31953,99.3,4.091340053201802,0.13783256880733943,0.4810435779816514,12.321185452630678,2.13,12.52,2.09229,96.8,4.0439280763080845,0.14082568807339452,0.46607798165137615,12.265520104173595,2.21,15.47,1.73397,95.5,3.988243031339555,0.1348394495412844,0.45111238532110093,12.25247901834433,2.21,15.56,1.6845,93.2,4.0421736898931915
362,2020-02-01,0.13384174311926605,0.4640825688073394,2.34132,12.255814737424988,210200.0,2.11,19.63,101.0,3.922765101960048,50.54,0.10889908256880734,0.4431307339449541,12.28071618852594,2.01,13.94,2.59977,99.8,4.052132713412791,0.1388302752293578,0.4710665137614679,12.371587084007746,2.0199999999999996,13.76,2.31953,99.3,4.091340053201802,0.13783256880733943,0.4810435779816514,12.321185452630678,2.13,12.52,2.09229,96.8,4.0439280763080845,0.14082568807339452,0.46607798165137615,12.265520104173595,2.21,15.47,1.73397,95.5,3.988243031339555
363,2020-03-01,0.2834977064220184,0.5788188073394495,1.49404,14.663629509735095,2.33525e6,3.42,57.74,89.1,3.3745111163996495,29.21,0.13384174311926605,0.4640825688073394,12.255814737424988,2.11,19.63,2.34132,101.0,3.922765101960048,0.10889908256880734,0.4431307339449541,12.28071618852594,2.01,13.94,2.59977,99.8,4.052132713412791,0.1388302752293578,0.4710665137614679,12.371587084007746,2.0199999999999996,13.76,2.31953,99.3,4.091340053201802,0.13783256880733943,0.4810435779816514,12.321185452630678,2.13,12.52,2.09229,96.8,4.0439280763080845
364,2020-04-01,0.7823509174311926,0.8940940366972476,0.31305,15.355223187906809,4.66325e6,3.4699999999999998,41.45,71.8,2.806386101823072,16.55,0.2834977064220184,0.5788188073394495,14.663629509735095,3.42,57.74,1.49404,89.1,3.3745111163996495,0.13384174311926605,0.4640825688073394,12.255814737424988,2.11,19.63,2.34132,101.0,3.922765101960048,0.10889908256880734,0.4431307339449541,12.28071618852594,2.01,13.94,2.59977,99.8,4.052132713412791,0.1388302752293578,0.4710665137614679,12.371587084007746,2.0199999999999996,13.76,2.31953,99.3,4.091340053201802
365,2020-05-01,0.7304701834862386,0.869151376146789,0.1982,14.591803319610888,2.1734e6,3.2800000000000002,30.9,72.3,3.3520071374713836,28.56,0.7823509174311926,0.8940940366972476,15.355223187906809,3.4699999999999998,41.45,0.31305,71.8,2.806386101823072,0.2834977064220184,0.5788188073394495,14.663629509735095,3.42,57.74,1.49404,89.1,3.3745111163996495,0.13384174311926605,0.4640825688073394,12.255814737424988,2.11,19.63,2.34132,101.0,3.922765101960048,0.10889908256880734,0.4431307339449541,12.28071618852594,2.01,13.94,2.59977,99.8,4.052132713412791
366,2020-06-01,0.5987729357798165,0.8043004587155964,0.71666,14.214454449082172,1.49025e6,2.91,31.12,78.1,3.6457109587125576,38.31,0.7304701834862386,0.869151376146789,14.591803319610888,3.2800000000000002,30.9,0.1982,72.3,3.3520071374713836,0.7823509174311926,0.8940940366972476,15.355223187906809,3.4699999999999998,41.45,0.31305,71.8,2.806386101823072,0.2834977064220184,0.5788188073394495,14.663629509735095,3.42,57.74,1.49404,89.1,3.3745111163996495,0.13384174311926605,0.4640825688073394,12.255814737424988,2.11,19.63,2.34132,101.0,3.922765101960048
367,2020-07-01,0.5658486238532111,0.7903325688073394,0.99686,14.140127078209117,1.3835e6,2.69,26.84,72.5,3.7064737625148876,40.71,0.5987729357798165,0.8043004587155964,14.214454449082172,2.91,31.12,0.71666,78.1,3.6457109587125576,0.7304701834862386,0.869151376146789,14.591803319610888,3.2800000000000002,30.9,0.1982,72.3,3.3520071374713836,0.7823509174311926,0.8940940366972476,15.355223187906809,3.4699999999999998,41.45,0.31305,71.8,2.806386101823072,0.2834977064220184,0.5788188073394495,14.663629509735095,3.42,57.74,1.49404,89.1,3.3745111163996495
368,2020-08-01,0.45809633027522934,0.7613990825688074,1.28107,13.734734247936986,922400.0,2.62,22.89,74.1,3.745732265706719,42.34,0.5658486238532111,0.7903325688073394,14.140127078209117,2.69,26.84,0.99686,72.5,3.7064737625148876,0.5987729357798165,0.8043004587155964,14.214454449082172,2.91,31.12,0.71666,78.1,3.6457109587125576,0.7304701834862386,0.869151376146789,14.591803319610888,3.2800000000000002,30.9,0.1982,72.3,3.3520071374713836,0.7823509174311926,0.8940940366972476,15.355223187906809,3.4699999999999998,41.45,0.31305,71.8,2.806386101823072
369,2020-09-01,0.3693004587155963,0.7254816513761468,1.39102,13.655048335523214,851750.0,2.6799999999999997,27.65,80.4,3.679586407202344,39.63,0.45809633027522934,0.7613990825688074,13.734734247936986,2.62,22.89,1.28107,74.1,3.745732265706719,0.5658486238532111,0.7903325688073394,14.140127078209117,2.69,26.84,0.99686,72.5,3.7064737625148876,0.5987729357798165,0.8043004587155964,14.214454449082172,2.91,31.12,0.71666,78.1,3.6457109587125576,0.7304701834862386,0.869151376146789,14.591803319610888,3.2800000000000002,30.9,0.1982,72.3,3.3520071374713836
370,2020-10-01,0.2924770642201835,0.700538990825688,1.23039,13.586600411755727,795400.0,2.65,29.44,81.8,3.673765816303888,39.4,0.3693004587155963,0.7254816513761468,13.655048335523214,2.6799999999999997,27.65,1.39102,80.4,3.679586407202344,0.45809633027522934,0.7613990825688074,13.734734247936986,2.62,22.89,1.28107,74.1,3.745732265706719,0.5658486238532111,0.7903325688073394,14.140127078209117,2.69,26.84,0.99686,72.5,3.7064737625148876,0.5987729357798165,0.8043004587155964,14.214454449082172,2.91,31.12,0.71666,78.1,3.6457109587125576
371,2020-11-01,0.26254587155963305,0.6985435779816515,1.17575,13.529493764831555,751250.0,2.4299999999999997,25.0,76.9,3.7121075802331434,40.94,0.2924770642201835,0.700538990825688,13.586600411755727,2.65,29.44,1.23039,81.8,3.673765816303888,0.3693004587155963,0.7254816513761468,13.655048335523214,2.6799999999999997,27.65,1.39102,80.4,3.679586407202344,0.45809633027522934,0.7613990825688074,13.734734247936986,2.62,22.89,1.28107,74.1,3.745732265706719,0.5658486238532111,0.7903325688073394,14.140127078209117,2.69,26.84,0.99686,72.5,3.7064737625148876
372,2020-12-01,0.2834977064220184,0.6736009174311927,1.32042,13.637280619073573,836750.0,2.23,22.37,80.7,3.8507856959569566,47.03,0.26254587155963305,0.6985435779816515,13.529493764831555,2.4299999999999997,25.0,1.17575,76.9,3.7121075802331434,0.2924770642201835,0.700538990825688,13.586600411755727,2.65,29.44,1.23039,81.8,3.673765816303888,0.3693004587155963,0.7254816513761468,13.655048335523214,2.6799999999999997,27.65,1.39102,80.4,3.679586407202344,0.45809633027522934,0.7613990825688074,13.734734247936986,2.62,22.89,1.28107,74.1,3.745732265706719
373,2021-01-01,0.2675344036697248,0.6835779816513762,1.37384,13.626526858296769,827800.0,2.16,24.91,79.0,3.9514360077849813,52.01,0.2834977064220184,0.6736009174311927,13.637280619073573,2.23,22.37,1.32042,80.7,3.8507856959569566,0.26254587155963305,0.6985435779816515,13.529493764831555,2.4299999999999997,25.0,1.17575,76.9,3.7121075802331434,0.2924770642201835,0.700538990825688,13.586600411755727,2.65,29.44,1.23039,81.8,3.673765816303888,0.3693004587155963,0.7254816513761468,13.655048335523214,2.6799999999999997,27.65,1.39102,80.4,3.679586407202344
374,2021-02-01,0.22463302752293574,0.6556422018348623,1.66982,13.534473028231162,755000.0,2.16,23.14,76.8,4.078384542643371,59.05,0.2675344036697248,0.6835779816513762,13.626526858296769,2.16,24.91,1.37384,79.0,3.9514360077849813,0.2834977064220184,0.6736009174311927,13.637280619073573,2.23,22.37,1.32042,80.7,3.8507856959569566,0.26254587155963305,0.6985435779816515,13.529493764831555,2.4299999999999997,25.0,1.17575,76.9,3.7121075802331434,0.2924770642201835,0.700538990825688,13.586600411755727,2.65,29.44,1.23039,81.8,3.673765816303888
375,2021-03-01,0.20866972477064222,0.6336926605504588,2.66782,13.413912961382598,669250.0,2.13,21.84,84.9,4.132442850820759,62.33,0.22463302752293574,0.6556422018348623,13.534473028231162,2.16,23.14,1.66982,76.8,4.078384542643371,0.2675344036697248,0.6835779816513762,13.626526858296769,2.16,24.91,1.37384,79.0,3.9514360077849813,0.2834977064220184,0.6736009174311927,13.637280619073573,2.23,22.37,1.32042,80.7,3.8507856959569566,0.26254587155963305,0.6985435779816515,13.529493764831555,2.4299999999999997,25.0,1.17575,76.9,3.7121075802331434
376,2021-04-01,0.21565366972477062,0.6436697247706422,4.13308,13.286181462633724,589000.0,1.9600000000000002,17.42,88.3,4.12260802749496,61.72,0.20866972477064222,0.6336926605504588,13.413912961382598,2.13,21.84,2.66782,84.9,4.132442850820759,0.22463302752293574,0.6556422018348623,13.534473028231162,2.16,23.14,1.66982,76.8,4.078384542643371,0.2675344036697248,0.6835779816513762,13.626526858296769,2.16,24.91,1.37384,79.0,3.9514360077849813,0.2834977064220184,0.6736009174311927,13.637280619073573,2.23,22.37,1.32042,80.7,3.8507856959569566
377,2021-05-01,0.19869266055045873,0.6227178899082568,4.91826,13.058784395761457,469200.0,2.0,19.76,82.9,4.176999240344289,65.17,0.21565366972477062,0.6436697247706422,13.286181462633724,1.9600000000000002,17.42,4.13308,88.3,4.12260802749496,0.20866972477064222,0.6336926605504588,13.413912961382598,2.13,21.84,2.66782,84.9,4.132442850820759,0.22463302752293574,0.6556422018348623,13.534473028231162,2.16,23.14,1.66982,76.8,4.078384542643371,0.2675344036697248,0.6835779816513762,13.626526858296769,2.16,24.91,1.37384,79.0,3.9514360077849813
378,2021-06-01,0.18472477064220183,0.6027637614678899,5.29563,12.922692182275261,409500.0,1.92,16.96,85.5,4.268017718062014,71.38,0.19869266055045873,0.6227178899082568,13.058784395761457,2.0,19.76,4.91826,82.9,4.176999240344289,0.21565366972477062,0.6436697247706422,13.286181462633724,1.9600000000000002,17.42,4.13308,88.3,4.12260802749496,0.20866972477064222,0.6336926605504588,13.413912961382598,2.13,21.84,2.66782,84.9,4.132442850820759,0.22463302752293574,0.6556422018348623,13.534473028231162,2.16,23.14,1.66982,76.8,4.078384542643371
379,2021-07-01,0.14780963302752292,0.5738302752293577,5.24517,12.821258284620408,370000.0,1.9200000000000002,17.6,81.2,4.283448621312786,72.49,0.18472477064220183,0.6027637614678899,12.922692182275261,1.92,16.96,5.29563,85.5,4.268017718062014,0.19869266055045873,0.6227178899082568,13.058784395761457,2.0,19.76,4.91826,82.9,4.176999240344289,0.21565366972477062,0.6436697247706422,13.286181462633724,1.9600000000000002,17.42,4.13308,88.3,4.12260802749496,0.20866972477064222,0.6336926605504588,13.413912961382598,2.13,21.84,2.66782,84.9,4.132442850820759
380,2021-08-01,0.15180045871559633,0.5419036697247707,5.15202,12.793164624749615,359750.0,1.9600000000000002,17.47,70.3,4.215529213226812,67.73,0.14780963302752292,0.5738302752293577,12.821258284620408,1.9200000000000002,17.6,5.24517,81.2,4.283448621312786,0.18472477064220183,0.6027637614678899,12.922692182275261,1.92,16.96,5.29563,85.5,4.268017718062014,0.19869266055045873,0.6227178899082568,13.058784395761457,2.0,19.76,4.91826,82.9,4.176999240344289,0.21565366972477062,0.6436697247706422,13.286181462633724,1.9600000000000002,17.42,4.13308,88.3,4.12260802749496
381,2021-09-01,0.14980504587155963,0.536915137614679,5.35122,12.77916859502229,354750.0,1.8599999999999999,19.82,72.8,4.271793154274181,71.65,0.15180045871559633,0.5419036697247707,12.793164624749615,1.9600000000000002,17.47,5.15202,70.3,4.215529213226812,0.14780963302752292,0.5738302752293577,12.821258284620408,1.9200000000000002,17.6,5.24517,81.2,4.283448621312786,0.18472477064220183,0.6027637614678899,12.922692182275261,1.92,16.96,5.29563,85.5,4.268017718062014,0.19869266055045873,0.6227178899082568,13.058784395761457,2.0,19.76,4.91826,82.9,4.176999240344289
382,2021-10-01,0.14082568807339452,0.5089793577981652,6.23504,12.558136976911223,284400.0,1.77,17.87,71.7,4.400357591358605,81.48,0.14980504587155963,0.536915137614679,12.77916859502229,1.8599999999999999,19.82,5.35122,72.8,4.271793154274181,0.15180045871559633,0.5419036697247707,12.793164624749615,1.9600000000000002,17.47,5.15202,70.3,4.215529213226812,0.14780963302752292,0.5738302752293577,12.821258284620408,1.9200000000000002,17.6,5.24517,81.2,4.283448621312786,0.18472477064220183,0.6027637614678899,12.922692182275261,1.92,16.96,5.29563,85.5,4.268017718062014
383,2021-11-01,0.12785550458715594,0.4960091743119266,6.90197,12.373703486914124,236500.0,1.7199999999999998,18.5,67.4,4.371344786327021,79.15,0.14082568807339452,0.5089793577981652,12.558136976911223,1.77,17.87,6.23504,71.7,4.400357591358605,0.14980504587155963,0.536915137614679,12.77916859502229,1.8599999999999999,19.82,5.35122,72.8,4.271793154274181,0.15180045871559633,0.5419036697247707,12.793164624749615,1.9600000000000002,17.47,5.15202,70.3,4.215529213226812,0.14780963302752292,0.5738302752293577,12.821258284620408,1.9200000000000002,17.6,5.24517,81.2,4.283448621312786
384,2021-12-01,0.12286697247706423,0.4830389908256881,7.17434,12.284190424794126,216250.0,1.8299999999999998,21.35,70.6,4.272630207894483,71.71,0.12785550458715594,0.4960091743119266,12.373703486914124,1.7199999999999998,18.5,6.90197,67.4,4.371344786327021,0.14082568807339452,0.5089793577981652,12.558136976911223,1.77,17.87,6.23504,71.7,4.400357591358605,0.14980504587155963,0.536915137614679,12.77916859502229,1.8599999999999999,19.82,5.35122,72.8,4.271793154274181,0.15180045871559633,0.5419036697247707,12.793164624749615,1.9600000000000002,17.47,5.15202,70.3,4.215529213226812
385,2022-01-01,0.1488073394495413,0.4940137614678899,7.55881,12.385055301058614,239200.0,1.82,23.18,67.2,4.421487703554795,83.22,0.12286697247706423,0.4830389908256881,12.284190424794126,1.8299999999999998,21.35,7.17434,70.6,4.272630207894483,0.12785550458715594,0.4960091743119266,12.373703486914124,1.7199999999999998,18.5,6.90197,67.4,4.371344786327021,0.14082568807339452,0.5089793577981652,12.558136976911223,1.77,17.87,6.23504,71.7,4.400357591358605,0.14980504587155963,0.536915137614679,12.77916859502229,1.8599999999999999,19.82,5.35122,72.8,4.271793154274181
386,2022-02-01,0.13783256880733943,0.4740596330275229,7.93728,12.296827008798639,219000.0,2.04,25.75,62.8,4.517867857585295,91.64,0.1488073394495413,0.4940137614678899,12.385055301058614,1.82,23.18,7.55881,67.2,4.421487703554795,0.12286697247706423,0.4830389908256881,12.284190424794126,1.8299999999999998,21.35,7.17434,70.6,4.272630207894483,0.12785550458715594,0.4960091743119266,12.373703486914124,1.7199999999999998,18.5,6.90197,67.4,4.371344786327021,0.14082568807339452,0.5089793577981652,12.558136976911223,1.77,17.87,6.23504,71.7,4.400357591358605
387,2022-03-01,0.12186926605504586,0.4561009174311927,8.5722,12.2783933071098,215000.0,2.16,26.97,59.4,4.686750172980514,108.5,0.13783256880733943,0.4740596330275229,12.296827008798639,2.04,25.75,7.93728,62.8,4.517867857585295,0.1488073394495413,0.4940137614678899,12.385055301058614,1.82,23.18,7.55881,67.2,4.421487703554795,0.12286697247706423,0.4830389908256881,12.284190424794126,1.8299999999999998,21.35,7.17434,70.6,4.272630207894483,0.12785550458715594,0.4960091743119266,12.373703486914124,1.7199999999999998,18.5,6.90197,67.4,4.371344786327021
388,2022-04-01,0.14980504587155963,0.47805045871559626,8.23175,12.269047444691562,213000.0,1.9100000000000001,24.37,65.2,4.622813621160686,101.78,0.12186926605504586,0.4561009174311927,12.2783933071098,2.16,26.97,8.5722,59.4,4.686750172980514,0.13783256880733943,0.4740596330275229,12.296827008798639,2.04,25.75,7.93728,62.8,4.517867857585295,0.1488073394495413,0.4940137614678899,12.385055301058614,1.82,23.18,7.55881,67.2,4.421487703554795,0.12286697247706423,0.4830389908256881,12.284190424794126,1.8299999999999998,21.35,7.17434,70.6,4.272630207894483
389,2022-05-01,0.1388302752293578,0.4531077981651376,8.53817,12.253671624329453,209750.0,2.22,29.31,58.4,4.696381066041475,109.55,0.14980504587155963,0.47805045871559626,12.269047444691562,1.9100000000000001,24.37,8.23175,65.2,4.622813621160686,0.12186926605504586,0.4561009174311927,12.2783933071098,2.16,26.97,8.5722,59.4,4.686750172980514,0.13783256880733943,0.4740596330275229,12.296827008798639,2.04,25.75,7.93728,62.8,4.517867857585295,0.1488073394495413,0.4940137614678899,12.385055301058614,1.82,23.18,7.55881,67.2,4.421487703554795
390,2022-06-01,0.12885321100917432,0.4381422018348623,8.97936,12.266697267346608,212500.0,2.1299999999999994,28.23,50.0,4.743539855252863,114.84,0.1388302752293578,0.4531077981651376,12.253671624329453,2.22,29.31,8.53817,58.4,4.696381066041475,0.14980504587155963,0.47805045871559626,12.269047444691562,1.9100000000000001,24.37,8.23175,65.2,4.622813621160686,0.12186926605504586,0.4561009174311927,12.2783933071098,2.16,26.97,8.5722,59.4,4.686750172980514,0.13783256880733943,0.4740596330275229,12.296827008798639,2.04,25.75,7.93728,62.8,4.517867857585295
391,2022-07-01,0.14980504587155963,0.45709862385321104,8.46258,12.293167352381108,218200.0,2.31,25.0,51.5,4.621240366165586,101.62,0.12885321100917432,0.4381422018348623,12.266697267346608,2.1299999999999994,28.23,8.97936,50.0,4.743539855252863,0.1388302752293578,0.4531077981651376,12.253671624329453,2.22,29.31,8.53817,58.4,4.696381066041475,0.14980504587155963,0.47805045871559626,12.269047444691562,1.9100000000000001,24.37,8.23175,65.2,4.622813621160686,0.12186926605504586,0.4561009174311927,12.2783933071098,2.16,26.97,8.5722,59.4,4.686750172980514
392,2022-08-01,0.1388302752293578,0.4680733944954128,8.22258,12.285345826424681,216500.0,2.2500000000000004,22.17,58.2,4.539777967221039,93.67,0.14980504587155963,0.45709862385321104,12.293167352381108,2.31,25.0,8.46258,51.5,4.621240366165586,0.12885321100917432,0.4381422018348623,12.266697267346608,2.1299999999999994,28.23,8.97936,50.0,4.743539855252863,0.1388302752293578,0.4531077981651376,12.253671624329453,2.22,29.31,8.53817,58.4,4.696381066041475,0.14980504587155963,0.47805045871559626,12.269047444691562,1.9100000000000001,24.37,8.23175,65.2,4.622813621160686
393,2022-09-01,0.1428211009174312,0.4441284403669725,8.19211,12.193493863323313,197500.0,2.1700000000000004,27.34,58.6,4.433907256550871,84.26,0.1388302752293578,0.4680733944954128,12.285345826424681,2.2500000000000004,22.17,8.22258,58.2,4.539777967221039,0.14980504587155963,0.45709862385321104,12.293167352381108,2.31,25.0,8.46258,51.5,4.621240366165586,0.12885321100917432,0.4381422018348623,12.266697267346608,2.1299999999999994,28.23,8.97936,50.0,4.743539855252863,0.1388302752293578,0.4531077981651376,12.253671624329453,2.22,29.31,8.53817,58.4,4.696381066041475
394,2022-10-01,0.1428211009174312,0.45510321100917434,7.75881,12.21898887079672,202600.0,2.28,30.01,59.9,4.472210058731861,87.55,0.1428211009174312,0.4441284403669725,12.193493863323313,2.1700000000000004,27.34,8.19211,58.6,4.433907256550871,0.1388302752293578,0.4680733944954128,12.285345826424681,2.2500000000000004,22.17,8.22258,58.2,4.539777967221039,0.14980504587155963,0.45709862385321104,12.293167352381108,2.31,25.0,8.46258,51.5,4.621240366165586,0.12885321100917432,0.4381422018348623,12.266697267346608,2.1299999999999994,28.23,8.97936,50.0,4.743539855252863
395,2022-11-01,0.13384174311926605,0.46308486238532104,7.12286,12.258427875864102,210750.0,2.18,23.3,56.7,4.435211888177536,84.37,0.1428211009174312,0.45510321100917434,12.21898887079672,2.28,30.01,7.75881,59.9,4.472210058731861,0.1428211009174312,0.4441284403669725,12.193493863323313,2.1700000000000004,27.34,8.19211,58.6,4.433907256550871,0.1388302752293578,0.4680733944954128,12.285345826424681,2.2500000000000004,22.17,8.22258,58.2,4.539777967221039,0.14980504587155963,0.45709862385321104,12.293167352381108,2.31,25.0,8.46258,51.5,4.621240366165586
396,2022-12-01,0.1368348623853211,0.45510321100917434,6.4046,12.246254435163005,208200.0,1.9699999999999998,21.78,59.8,4.336506119372072,76.44,0.13384174311926605,0.46308486238532104,12.258427875864102,2.18,23.3,7.12286,56.7,4.435211888177536,0.1428211009174312,0.45510321100917434,12.21898887079672,2.28,30.01,7.75881,59.9,4.472210058731861,0.1428211009174312,0.4441284403669725,12.193493863323313,2.1700000000000004,27.34,8.19211,58.6,4.433907256550871,0.1388302752293578,0.4680733944954128,12.285345826424681,2.2500000000000004,22.17,8.22258,58.2,4.539777967221039
397,2023-01-01,0.13084862385321103,0.4441284403669725,6.32718,12.228323254464993,204500.0,1.9700000000000002,20.17,64.9,4.358246106008478,78.12,0.1368348623853211,0.45510321100917434,12.246254435163005,1.9699999999999998,21.78,6.4046,59.8,4.336506119372072,0.13384174311926605,0.46308486238532104,12.258427875864102,2.18,23.3,7.12286,56.7,4.435211888177536,0.1428211009174312,0.45510321100917434,12.21898887079672,2.28,30.01,7.75881,59.9,4.472210058731861,0.1428211009174312,0.4441284403669725,12.193493863323313,2.1700000000000004,27.34,8.19211,58.6,4.433907256550871
398,2023-02-01,0.1368348623853211,0.46208715596330274,5.95782,12.277229839846502,214750.0,1.8399999999999999,20.12,66.9,4.341595188879544,76.83,0.13084862385321103,0.4441284403669725,12.228323254464993,1.9700000000000002,20.17,6.32718,64.9,4.358246106008478,0.1368348623853211,0.45510321100917434,12.246254435163005,1.9699999999999998,21.78,6.4046,59.8,4.336506119372072,0.13384174311926605,0.46308486238532104,12.258427875864102,2.18,23.3,7.12286,56.7,4.435211888177536,0.1428211009174312,0.45510321100917434,12.21898887079672,2.28,30.01,7.75881,59.9,4.472210058731861
399,2023-03-01,0.13783256880733943,0.49301605504587154,4.91772,12.341477282536376,229000.0,2.05,21.64,62.0,4.294287720365875,73.28,0.1368348623853211,0.46208715596330274,12.277229839846502,1.8399999999999999,20.12,5.95782,66.9,4.341595188879544,0.13084862385321103,0.4441284403669725,12.228323254464993,1.9700000000000002,20.17,6.32718,64.9,4.358246106008478,0.1368348623853211,0.45510321100917434,12.246254435163005,1.9699999999999998,21.78,6.4046,59.8,4.336506119372072,0.13384174311926605,0.46308486238532104,12.258427875864102,2.18,23.3,7.12286,56.7,4.435211888177536
400,2023-04-01,0.12885321100917432,0.45809633027522934,4.95008,12.284883825954463,216400.0,2.0700000000000003,17.82,63.7,4.375127892982725,79.45,0.13783256880733943,0.49301605504587154,12.341477282536376,2.05,21.64,4.91772,62.0,4.294287720365875,0.1368348623853211,0.46208715596330274,12.277229839846502,1.8399999999999999,20.12,5.95782,66.9,4.341595188879544,0.13084862385321103,0.4441284403669725,12.228323254464993,1.9700000000000002,20.17,6.32718,64.9,4.358246106008478,0.1368348623853211,0.45510321100917434,12.246254435163005,1.9699999999999998,21.78,6.4046,59.8,4.336506119372072
401,2023-05-01,0.12885321100917432,0.48802752293577983,4.13185,12.328290278254423,226000.0,2.1999999999999997,17.64,59.0,4.2708157053378795,71.58,0.12885321100917432,0.45809633027522934,12.284883825954463,2.0700000000000003,17.82,4.95008,63.7,4.375127892982725,0.13783256880733943,0.49301605504587154,12.341477282536376,2.05,21.64,4.91772,62.0,4.294287720365875,0.1368348623853211,0.46208715596330274,12.277229839846502,1.8399999999999999,20.12,5.95782,66.9,4.341595188879544,0.13084862385321103,0.4441284403669725,12.228323254464993,1.9700000000000002,20.17,6.32718,64.9,4.358246106008478
402,2023-06-01,0.1348394495412844,0.47306192660550456,3.07062,12.432211705824182,250750.0,2.0,14.0,64.2,4.2520603082138555,70.25,0.12885321100917432,0.48802752293577983,12.328290278254423,2.1999999999999997,17.64,4.13185,59.0,4.2708157053378795,0.12885321100917432,0.45809633027522934,12.284883825954463,2.0700000000000003,17.82,4.95008,63.7,4.375127892982725,0.13783256880733943,0.49301605504587154,12.341477282536376,2.05,21.64,4.91772,62.0,4.294287720365875,0.1368348623853211,0.46208715596330274,12.277229839846502,1.8399999999999999,20.12,5.95782,66.9,4.341595188879544
403,2023-07-01,0.11887614678899083,0.4531077981651376,3.28775,12.36819149500661,235200.0,1.8400000000000003,13.93,71.5,4.33165396900921,76.07,0.1348394495412844,0.47306192660550456,12.432211705824182,2.0,14.0,3.07062,64.2,4.2520603082138555,0.12885321100917432,0.48802752293577983,12.328290278254423,2.1999999999999997,17.64,4.13185,59.0,4.2708157053378795,0.12885321100917432,0.45809633027522934,12.284883825954463,2.0700000000000003,17.82,4.95008,63.7,4.375127892982725,0.13783256880733943,0.49301605504587154,12.341477282536376,2.05,21.64,4.91772,62.0,4.294287720365875
404,2023-08-01,0.13184633027522935,0.4710665137614679,3.7225,12.409013489526863,245000.0,1.8499999999999996,15.85,69.4,4.3992524153389505,81.39,0.11887614678899083,0.4531077981651376,12.36819149500661,1.8400000000000003,13.93,3.28775,71.5,4.33165396900921,0.1348394495412844,0.47306192660550456,12.432211705824182,2.0,14.0,3.07062,64.2,4.2520603082138555,0.12885321100917432,0.48802752293577983,12.328290278254423,2.1999999999999997,17.64,4.13185,59.0,4.2708157053378795,0.12885321100917432,0.45809633027522934,12.284883825954463,2.0700000000000003,17.82,4.95008,63.7,4.375127892982725
405,2023-09-01,0.13184633027522935,0.45809633027522934,3.68721,12.294998854724575,218600.0,1.7800000000000002,15.17,67.8,4.49345619635809,89.43,0.13184633027522935,0.4710665137614679,12.409013489526863,1.8499999999999996,15.85,3.7225,69.4,4.3992524153389505,0.11887614678899083,0.4531077981651376,12.36819149500661,1.8400000000000003,13.93,3.28775,71.5,4.33165396900921,0.1348394495412844,0.47306192660550456,12.432211705824182,2.0,14.0,3.07062,64.2,4.2520603082138555,0.12885321100917432,0.48802752293577983,12.328290278254423,2.1999999999999997,17.64,4.13185,59.0,4.2708157053378795
406,2023-10-01,0.1388302752293578,0.4830389908256881,3.25127,12.256052577835195,210250.0,1.83,18.89,63.8,4.450152463721482,85.64,0.13184633027522935,0.45809633027522934,12.294998854724575,1.7800000000000002,15.17,3.68721,67.8,4.49345619635809,0.13184633027522935,0.4710665137614679,12.409013489526863,1.8499999999999996,15.85,3.7225,69.4,4.3992524153389505,0.11887614678899083,0.4531077981651376,12.36819149500661,1.8400000000000003,13.93,3.28775,71.5,4.33165396900921,0.1348394495412844,0.47306192660550456,12.432211705824182,2.0,14.0,3.07062,64.2,4.2520603082138555
407,2023-11-01,0.1448165137614679,0.49301605504587154,3.13335,12.292250341771226,218000.0,1.79,14.02,61.3,4.3527265489623295,77.69,0.1388302752293578,0.4830389908256881,12.256052577835195,1.83,18.89,3.25127,63.8,4.450152463721482,0.13184633027522935,0.45809633027522934,12.294998854724575,1.7800000000000002,15.17,3.68721,67.8,4.49345619635809,0.13184633027522935,0.4710665137614679,12.409013489526863,1.8499999999999996,15.85,3.7225,69.4,4.3992524153389505,0.11887614678899083,0.4531077981651376,12.36819149500661,1.8400000000000003,13.93,3.28775,71.5,4.33165396900921
408,2023-12-01,0.1448165137614679,0.48802752293577983,3.31591,12.244331357647264,207800.0,1.62,12.72,69.7,4.275276264727001,71.9,0.1448165137614679,0.49301605504587154,12.292250341771226,1.79,14.02,3.13335,61.3,4.3527265489623295,0.1388302752293578,0.4830389908256881,12.256052577835195,1.83,18.89,3.25127,63.8,4.450152463721482,0.13184633027522935,0.45809633027522934,12.294998854724575,1.7800000000000002,15.17,3.68721,67.8,4.49345619635809,0.13184633027522935,0.4710665137614679,12.409013489526863,1.8499999999999996,15.85,3.7225,69.4,4.3992524153389505
409,2024-01-01,0.1388302752293578,0.48702981651376154,3.08834,12.261980277468469,211500.0,1.62,13.39,79.0,4.306090068583941,74.15,0.1448165137614679,0.48802752293577983,12.244331357647264,1.62,12.72,3.31591,69.7,4.275276264727001,0.1448165137614679,0.49301605504587154,12.292250341771226,1.79,14.02,3.13335,61.3,4.3527265489623295,0.1388302752293578,0.4830389908256881,12.256052577835195,1.83,18.89,3.25127,63.8,4.450152463721482,0.13184633027522935,0.45809633027522934,12.294998854724575,1.7800000000000002,15.17,3.68721,67.8,4.49345619635809
410,2024-02-01,0.12785550458715594,0.4940137614678899,3.15707,12.254862809699606,210000.0,1.5599999999999996,13.98,76.9,4.347046915777855,77.25,0.1388302752293578,0.48702981651376154,12.261980277468469,1.62,13.39,3.08834,79.0,4.306090068583941,0.1448165137614679,0.48802752293577983,12.244331357647264,1.62,12.72,3.31591,69.7,4.275276264727001,0.1448165137614679,0.49301605504587154,12.292250341771226,1.79,14.02,3.13335,61.3,4.3527265489623295,0.1388302752293578,0.4830389908256881,12.256052577835195,1.83,18.89,3.25127,63.8,4.450152463721482
411,2024-03-01,0.12286697247706423,0.47206422018348626,3.48683,12.279323107269766,215200.0,1.54,13.79,79.4,4.397899983830172,81.28,0.12785550458715594,0.4940137614678899,12.254862809699606,1.5599999999999996,13.98,3.15707,76.9,4.347046915777855,0.1388302752293578,0.48702981651376154,12.261980277468469,1.62,13.39,3.08834,79.0,4.306090068583941,0.1448165137614679,0.48802752293577983,12.244331357647264,1.62,12.72,3.31591,69.7,4.275276264727001,0.1448165137614679,0.49301605504587154,12.292250341771226,1.79,14.02,3.13335,61.3,4.3527265489623295
412,2024-04-01,0.13184633027522935,0.49201834862385324,3.3608,12.256052577835195,210250.0,1.46,16.14,77.2,4.4467604492404496,85.35,0.12286697247706423,0.47206422018348626,12.279323107269766,1.54,13.79,3.48683,79.4,4.397899983830172,0.12785550458715594,0.4940137614678899,12.254862809699606,1.5599999999999996,13.98,3.15707,76.9,4.347046915777855,0.1388302752293578,0.48702981651376154,12.261980277468469,1.62,13.39,3.08834,79.0,4.306090068583941,0.1448165137614679,0.48802752293577983,12.244331357647264,1.62,12.72,3.31591,69.7,4.275276264727001
413,2024-05-01,0.12685779816513762,0.4840366972477064,3.24428,12.310432660854417,222000.0,1.4699999999999998,13.06,69.1,4.382276603429089,80.02,0.13184633027522935,0.49201834862385324,12.256052577835195,1.46,16.14,3.3608,77.2,4.4467604492404496,0.12286697247706423,0.47206422018348626,12.279323107269766,1.54,13.79,3.48683,79.4,4.397899983830172,0.12785550458715594,0.4940137614678899,12.254862809699606,1.5599999999999996,13.98,3.15707,76.9,4.347046915777855,0.1388302752293578,0.48702981651376154,12.261980277468469,1.62,13.39,3.08834,79.0,4.306090068583941
414,2024-06-01,0.12186926605504586,0.4710665137614679,2.97026,12.366489366936078,234800.0,1.5100000000000007,12.67,68.2,4.379147493923038,79.77,0.12685779816513762,0.4840366972477064,12.310432660854417,1.4699999999999998,13.06,3.24428,69.1,4.382276603429089,0.13184633027522935,0.49201834862385324,12.256052577835195,1.46,16.14,3.3608,77.2,4.4467604492404496,0.12286697247706423,0.47206422018348626,12.279323107269766,1.54,13.79,3.48683,79.4,4.397899983830172,0.12785550458715594,0.4940137614678899,12.254862809699606,1.5599999999999996,13.98,3.15707,76.9,4.347046915777855
415,2024-07-01,0.15180045871559633,0.4890252293577982,2.94148,12.376869716472175,237250.0,1.5899999999999999,14.37,66.4,4.404277243608702,81.8,0.12186926605504586,0.4710665137614679,12.366489366936078,1.5100000000000007,12.67,2.97026,68.2,4.379147493923038,0.12685779816513762,0.4840366972477064,12.310432660854417,1.4699999999999998,13.06,3.24428,69.1,4.382276603429089,0.13184633027522935,0.49201834862385324,12.256052577835195,1.46,16.14,3.3608,77.2,4.4467604492404496,0.12286697247706423,0.47206422018348626,12.279323107269766,1.54,13.79,3.48683,79.4,4.397899983830172
416,2024-08-01,0.12486238532110092,0.4740596330275229,2.60714,12.348439886817095,230600.0,1.7299999999999995,19.31,67.9,4.339640918177444,76.68,0.15180045871559633,0.4890252293577982,12.376869716472175,1.5899999999999999,14.37,2.94148,66.4,4.404277243608702,0.12186926605504586,0.4710665137614679,12.366489366936078,1.5100000000000007,12.67,2.97026,68.2,4.379147493923038,0.12685779816513762,0.4840366972477064,12.310432660854417,1.4699999999999998,13.06,3.24428,69.1,4.382276603429089,0.13184633027522935,0.49201834862385324,12.256052577835195,1.46,16.14,3.3608,77.2,4.4467604492404496
417,2024-09-01,0.1348394495412844,0.4790481651376146,2.42648,12.321630986164447,224500.0,1.6999999999999997,17.66,70.1,4.251917949326861,70.24,0.12486238532110092,0.4740596330275229,12.348439886817095,1.7299999999999995,19.31,2.60714,67.9,4.339640918177444,0.15180045871559633,0.4890252293577982,12.376869716472175,1.5899999999999999,14.37,2.94148,66.4,4.404277243608702,0.12186926605504586,0.4710665137614679,12.366489366936078,1.5100000000000007,12.67,2.97026,68.2,4.379147493923038,0.12685779816513762,0.4840366972477064,12.310432660854417,1.4699999999999998,13.06,3.24428,69.1,4.382276603429089
418,2024-10-01,0.11887614678899083,0.48603211009174313,2.57884,12.37264584535599,236250.0,1.5300000000000002,19.96,70.5,4.276527220481212,71.99,0.1348394495412844,0.4790481651376146,12.321630986164447,1.6999999999999997,17.66,2.42648,70.1,4.251917949326861,0.12486238532110092,0.4740596330275229,12.348439886817095,1.7299999999999995,19.31,2.60714,67.9,4.339640918177444,0.15180045871559633,0.4890252293577982,12.376869716472175,1.5899999999999999,14.37,2.94148,66.4,4.404277243608702,0.12186926605504586,0.4710665137614679,12.366489366936078,1.5100000000000007,12.67,2.97026,68.2,4.379147493923038
419,2024-11-01,0.10889908256880734,0.477052752293578,2.71947,12.297739834055998,219200.0,1.42,16.02,71.8,4.24778070111149,69.95,0.11887614678899083,0.48603211009174313,12.37264584535599,1.5300000000000002,19.96,2.57884,70.5,4.276527220481212,0.1348394495412844,0.4790481651376146,12.321630986164447,1.6999999999999997,17.66,2.42648,70.1,4.251917949326861,0.12486238532110092,0.4740596330275229,12.348439886817095,1.7299999999999995,19.31,2.60714,67.9,4.339640918177444,0.15180045871559633,0.4890252293577982,12.376869716472175,1.5899999999999999,14.37,2.94148,66.4,4.404277243608702
420,2024-12-01,0.12586009174311927,0.47206422018348626,2.87069,12.313805345333055,222750.0,1.4100000000000001,15.87,74.0,4.250208060053033,70.12,0.10889908256880734,0.477052752293578,12.297739834055998,1.42,16.02,2.71947,71.8,4.24778070111149,0.11887614678899083,0.48603211009174313,12.37264584535599,1.5300000000000002,19.96,2.57884,70.5,4.276527220481212,0.1348394495412844,0.4790481651376146,12.321630986164447,1.6999999999999997,17.66,2.42648,70.1,4.251917949326861,0.12486238532110092,0.4740596330275229,12.348439886817095,1.7299999999999995,19.31,2.60714,67.9,4.339640918177444
421,2025-01-01,0.12087155963302751,0.4670756880733945,2.99098,12.2783933071098,215000.0,1.4500000000000002,16.76,71.7,4.327306422473649,75.74,0.12586009174311927,0.47206422018348626,12.313805345333055,1.4100000000000001,15.87,2.87069,74.0,4.250208060053033,0.10889908256880734,0.477052752293578,12.297739834055998,1.42,16.02,2.71947,71.8,4.24778070111149,0.11887614678899083,0.48603211009174313,12.37264584535599,1.5300000000000002,19.96,2.57884,70.5,4.276527220481212,0.1348394495412844,0.4790481651376146,12.321630986164447,1.6999999999999997,17.66,2.42648,70.1,4.251917949326861
422,2025-02-01,0.11588302752293579,0.4670756880733945,2.80158,12.323855681186558,225000.0,1.4699999999999998,16.97,64.7,4.270116942120293,71.53,0.12087155963302751,0.4670756880733945,12.2783933071098,1.4500000000000002,16.76,2.99098,71.7,4.327306422473649,0.12586009174311927,0.47206422018348626,12.313805345333055,1.4100000000000001,15.87,2.87069,74.0,4.250208060053033,0.10889908256880734,0.477052752293578,12.297739834055998,1.42,16.02,2.71947,71.8,4.24778070111149,0.11887614678899083,0.48603211009174313,12.37264584535599,1.5300000000000002,19.96,2.57884,70.5,4.276527220481212
423,2025-03-01,0.11588302752293579,0.4670756880733945,2.38198,12.314927050442256,223000.0,1.6499999999999995,21.84,57.0,4.223030903183424,68.24,0.11588302752293579,0.4670756880733945,12.323855681186558,1.4699999999999998,16.97,2.80158,64.7,4.270116942120293,0.12087155963302751,0.4670756880733945,12.2783933071098,1.4500000000000002,16.76,2.99098,71.7,4.327306422473649,0.12586009174311927,0.47206422018348626,12.313805345333055,1.4100000000000001,15.87,2.87069,74.0,4.250208060053033,0.10889908256880734,0.477052752293578,12.297739834055998,1.42,16.02,2.71947,71.8,4.24778070111149
424,2025-04-01,0.12087155963302751,0.4760550458715596,2.32539,12.327183471279232,225750.0,1.8999999999999995,31.97,52.2,4.15166962884137,63.54,0.11588302752293579,0.4670756880733945,12.314927050442256,1.6499999999999995,21.84,2.38198,57.0,4.223030903183424,0.11588302752293579,0.4670756880733945,12.323855681186558,1.4699999999999998,16.97,2.80158,64.7,4.270116942120293,0.12087155963302751,0.4670756880733945,12.2783933071098,1.4500000000000002,16.76,2.99098,71.7,4.327306422473649,0.12586009174311927,0.47206422018348626,12.313805345333055,1.4100000000000001,15.87,2.87069,74.0,4.250208060053033
425,2025-05-01,0.12286697247706423,0.4810435779816514,2.37727,12.353630209887788,231800.0,1.87,20.46,52.2,4.129872568281246,62.17,0.12087155963302751,0.4760550458715596,12.327183471279232,1.8999999999999995,31.97,2.32539,52.2,4.15166962884137,0.11588302752293579,0.4670756880733945,12.314927050442256,1.6499999999999995,21.84,2.38198,57.0,4.223030903183424,0.11588302752293579,0.4670756880733945,12.323855681186558,1.4699999999999998,16.97,2.80158,64.7,4.270116942120293,0.12087155963302751,0.4670756880733945,12.2783933071098,1.4500000000000002,16.76,2.99098,71.7,4.327306422473649
426,2025-06-01,0.12486238532110092,0.4710665137614679,2.68045,12.384218830913648,239000.0,1.7700000000000005,18.4,60.7,4.222004585374694,68.17,0.12286697247706423,0.4810435779816514,12.353630209887788,1.87,20.46,2.37727,52.2,4.129872568281246,0.12087155963302751,0.4760550458715596,12.327183471279232,1.8999999999999995,31.97,2.32539,52.2,4.15166962884137,0.11588302752293579,0.4670756880733945,12.314927050442256,1.6499999999999995,21.84,2.38198,57.0,4.223030903183424,0.11588302752293579,0.4670756880733945,12.323855681186558,1.4699999999999998,16.97,2.80158,64.7,4.270116942120293
427,2025-07-01,0.12785550458715594,0.46208715596330274,2.74262,12.308177868467327,221500.0,1.71,16.38,61.7,4.225226615110005,68.39,0.12486238532110092,0.4710665137614679,12.384218830913648,1.7700000000000005,18.4,2.68045,60.7,4.222004585374694,0.12286697247706423,0.4810435779816514,12.353630209887788,1.87,20.46,2.37727,52.2,4.129872568281246,0.12087155963302751,0.4760550458715596,12.327183471279232,1.8999999999999995,31.97,2.32539,52.2,4.15166962884137,0.11588302752293579,0.4670756880733945,12.314927050442256,1.6499999999999995,21.84,2.38198,57.0,4.223030903183424
428,2025-08-01,0.12186926605504586,0.4710665137614679,2.93859,12.344093943427549,229600.0,1.7400000000000002,15.75,58.2,4.172231100879172,64.86,0.12785550458715594,0.46208715596330274,12.308177868467327,1.71,16.38,2.74262,61.7,4.225226615110005,0.12486238532110092,0.4710665137614679,12.384218830913648,1.7700000000000005,18.4,2.68045,60.7,4.222004585374694,0.12286697247706423,0.4810435779816514,12.353630209887788,1.87,20.46,2.37727,52.2,4.129872568281246,0.12087155963302751,0.4760550458715596,12.327183471279232,1.8999999999999995,31.97,2.32539,52.2,4.15166962884137
429,2025-09-01,0.11288990825688071,0.4680733944954128,3.02257,12.363076394339839,234000.0,1.71,15.79,55.1,4.158257887965753,63.96,0.12186926605504586,0.4710665137614679,12.344093943427549,1.7400000000000002,15.75,2.93859,58.2,4.172231100879172,0.12785550458715594,0.46208715596330274,12.308177868467327,1.71,16.38,2.74262,61.7,4.225226615110005,0.12486238532110092,0.4710665137614679,12.384218830913648,1.7700000000000005,18.4,2.68045,60.7,4.222004585374694,0.12286697247706423,0.4810435779816514,12.353630209887788,1.87,20.46,2.37727,52.2,4.129872568281246
430,2025-10-01,0.12087155963302751,0.4625860091743119,2.859505,12.331603367977383,226750.0,1.6800000000000006,18.09,53.6,4.109068957620483,60.89,0.11288990825688071,0.4680733944954128,12.363076394339839,1.71,15.79,3.02257,55.1,4.158257887965753,0.12186926605504586,0.4710665137614679,12.344093943427549,1.7400000000000002,15.75,2.93859,58.2,4.172231100879172,0.12785550458715594,0.46208715596330274,12.308177868467327,1.71,16.38,2.74262,61.7,4.225226615110005,0.12486238532110092,0.4710665137614679,12.384218830913648,1.7700000000000005,18.4,2.68045,60.7,4.222004585374694
431,2025-11-01,0.12885321100917432,0.45709862385321104,2.69644,12.312232841358565,222400.0,1.7700000000000005,19.77,51.0,4.095344062555184,60.06,0.12087155963302751,0.4625860091743119,12.331603367977383,1.6800000000000006,18.09,2.859505,53.6,4.109068957620483,0.11288990825688071,0.4680733944954128,12.363076394339839,1.71,15.79,3.02257,55.1,4.158257887965753,0.12186926605504586,0.4710665137614679,12.344093943427549,1.7400000000000002,15.75,2.93859,58.2,4.172231100879172,0.12785550458715594,0.46208715596330274,12.308177868467327,1.71,16.38,2.74262,61.7,4.225226615110005
432,2025-12-01,0.12486238532110092,0.4640825688073394,2.6533,12.29796791023443,219250.0,1.7600000000000007,15.55,52.9,4.059925635351641,57.97,0.12885321100917432,0.45709862385321104,12.312232841358565,1.7700000000000005,19.77,2.69644,51.0,4.095344062555184,0.12087155963302751,0.4625860091743119,12.331603367977383,1.6800000000000006,18.09,2.859505,53.6,4.109068957620483,0.11288990825688071,0.4680733944954128,12.363076394339839,1.71,15.79,3.02257,55.1,4.158257887965753,0.12186926605504586,0.4710665137614679,12.344093943427549,1.7400000000000002,15.75,2.93859,58.2,4.172231100879172
433,2026-01-01,0.11288990825688071,0.46607798165137615,2.3912,12.263397712149443,211800.0,1.67,16.18,56.4,4.095011006765261,60.04,0.12486238532110092,0.4640825688073394,12.29796791023443,1.7600000000000007,15.55,2.6533,52.9,4.059925635351641,0.12885321100917432,0.45709862385321104,12.312232841358565,1.7700000000000005,19.77,2.69644,51.0,4.095344062555184,0.12087155963302751,0.4625860091743119,12.331603367977383,1.6800000000000006,18.09,2.859505,53.6,4.109068957620483,0.11288990825688071,0.4680733944954128,12.363076394339839,1.71,15.79,3.02257,55.1,4.158257887965753
434,2026-02-01,0.12286697247706423,0.4760550458715596,2.434,12.281875608945674,215750.0,1.6799999999999997,19.21,56.6,4.16682025054415,64.51,0.11288990825688071,0.46607798165137615,12.263397712149443,1.67,16.18,2.3912,56.4,4.095011006765261,0.12486238532110092,0.4640825688073394,12.29796791023443,1.7600000000000007,15.55,2.6533,52.9,4.059925635351641,0.12885321100917432,0.45709862385321104,12.312232841358565,1.7700000000000005,19.77,2.69644,51.0,4.095344062555184,0.12087155963302751,0.4625860091743119,12.331603367977383,1.6800000000000006,18.09,2.859505,53.6,4.109068957620483
435,2026-03-01,0.12186926605504586,0.4680733944954128,3.28596,12.245293358683455,208000.0,1.79,25.6,53.3,4.515026636135126,91.38,0.12286697247706423,0.4760550458715596,12.281875608945674,1.6799999999999997,19.21,2.434,56.6,4.16682025054415,0.11288990825688071,0.46607798165137615,12.263397712149443,1.67,16.18,2.3912,56.4,4.095011006765261,0.12486238532110092,0.4640825688073394,12.29796791023443,1.7600000000000007,15.55,2.6533,52.9,4.059925635351641,0.12885321100917432,0.45709862385321104,12.312232841358565,1.7700000000000005,19.77,2.69644,51.0,4.095344062555184
436,2026-04-01,0.12386467889908258,0.47206422018348626,3.77925,12.244090712717695,207750.0,1.71,19.81,49.8,4.608365076884611,100.32,0.12186926605504586,0.4680733944954128,12.245293358683455,1.79,25.6,3.28596,53.3,4.515026636135126,0.12286697247706423,0.4760550458715596,12.281875608945674,1.6799999999999997,19.21,2.434,56.6,4.16682025054415,0.11288990825688071,0.46607798165137615,12.263397712149443,1.67,16.18,2.3912,56.4,4.095011006765261,0.12486238532110092,0.4640825688073394,12.29796791023443,1.7600000000000007,15.55,2.6533,52.9,4.059925635351641
